epithelial cells,non-epithelial cells
110,85
0,52
108,14
5,75
7,198
13,152
3,97
0,15
24,70
51,153
0,182
0,93
48,102
73,95
4,26
40,81
63,201
61,47
2,48
37,24
6,58
85,109
3,172
4,297
5,77
208,39
120,25
39,60
15,89
134,20
2,33
18,53
72,77
89,45
72,13
4,81
42,58
182,8
57,27
128,57
5,137
2,198
1,159
4,152
18,37
141,87
0,60
4,171
32,18
106,95
194,5
2,88
16,59
14,127
29,157
112,83
30,1
173,35
96,153
9,19
11,33
347,11
40,77
57,208
93,112
2,190
91,39
126,16
121,81
0,227
17,172
34,83
37,102
0,181
105,55
210,59
89,7
27,99
1,196
0,91
15,16
0,170
4,320
11,144
69,169
5,23
22,56
6,190
8,113
45,12
31,50
16,119
13,60
156,67
7,159
93,120
59,160
197,49
81,2
38,228
1,95
46,103
99,123
5,45
0,129
8,9
64,20
0,68
206,35
25,16
13,154
48,57
91,44
50,136
3,180
143,57
18,0
71,9
42,27
133,97
3,117
38,68
71,152
19,23
10,103
124,61
0,3
67,115
1,176
249,50
5,70
0,149
8,71
48,69
29,219
0,11
0,87
238,35
165,16
26,228
0,7
270,2
1,186
110,25
0,102
155,99
2,83
8,130
11,114
126,9
248,46
23,335
1,125
1,196
5,75
95,105
124,11
21,125
23,126
0,26
134,37
205,150
123,17
90,135
38,52
0,114
0,8
10,89
56,49
144,28
1,5
0,109
48,15
64,207
2,31
214,29
42,131
205,13
57,48
0,145
59,81
40,78
0,161
9,11
47,21
53,17
150,183
23,87
68,151
4,23
6,26
43,96
2,74
14,88
196,20
55,49
5,14
20,6
7,20
0,14
2,95
65,36
176,37
76,14
7,102
11,29
78,34
1,157
292,38
10,53
37,109
0,8
124,3
176,31
68,269
237,22
95,22
1,38
65,4
68,23
117,95
31,6
48,174
82,31
0,11
57,84
4,66
2,132
0,3
0,66
0,4
5,3
0,90
6,26
1,60
42,43
13,39
53,138
85,127
7,15
0,8
2,24
46,122
1,205
75,48
0,133
9,171
3,144
12,23
30,182
5,97
59,83
130,60
0,57
2,76
47,80
1,181
14,78
5,74
160,59
61,226
83,89
80,130
0,30
16,143
18,98
44,16
0,12
187,15
146,36
31,145
0,67
34,242
152,30
8,2
8,50
19,145
60,162
182,53
43,8
79,174
11,183
7,122
17,216
5,183
38,183
0,74
5,68
4,88
0,4
128,31
2,130
128,132
105,185
82,149
3,61
106,31
257,21
14,47
12,10
1,13
133,33
0,24
82,14
56,38
21,139
14,155
2,70
29,24
0,87
23,17
0,37
106,22
45,108
3,5
149,66
84,100
23,31
3,70
6,90
5,175
108,6
44,35
14,204
113,96
0,181
41,61
0,69
35,9
100,26
94,73
43,78
104,33
33,107
66,131
2,86
35,143
0,80
19,87
128,81
8,54
0,10
8,238
13,14
5,10
30,67
151,80
2,6
152,51
0,10
85,12
3,233
49,58
69,171
61,45
41,153
0,67
128,26
75,92
10,64
0,67
47,111
20,27
79,34
15,3
32,59
21,95
2,5
47,71
13,106
19,83
108,22
137,27
30,129
90,78
4,1
22,94
4,10
239,9
43,106
49,12
127,65
3,1
112,23
25,260
0,156
3,170
154,26
1,92
0,201
99,192
197,72
79,4
0,132
173,109
47,159
6,250
0,95
0,166
0,28
168,105
125,53
91,83
109,84
2,28
132,48
0,57
31,194
66,150
18,36
50,197
19,161
192,5
21,62
25,39
12,162
111,196
0,137
1,65
15,15
3,37
1,136
2,8
125,22
24,6
53,54
1,149
100,101
2,106
83,108
35,164
22,39
81,39
0,124
8,145
0,77
0,86
40,17
5,51
0,30
0,98
178,18
30,101
110,47
22,10
58,142
2,1
127,169
13,132
3,92
256,24
19,16
201,119
0,57
106,41
49,106
3,0
24,44
5,32
0,74
61,51
5,67
8,60
31,86
19,87
0,33
199,45
20,137
46,174
1,107
79,52
40,75
169,26
55,107
13,21
3,194
1,107
55,217
62,172
95,58
36,180
82,143
25,29
0,9
5,210
11,94
24,21
15,103
31,5
162,73
8,63
1,352
0,88
91,103
0,83
104,89
77,67
7,63
0,138
71,173
72,69
3,0
9,29
0,95
30,55
60,48
0,107
2,41
115,85
0,9
2,8
156,22
14,81
35,34
32,239
1,112
90,7
0,80
73,135
0,109
18,109
109,119
101,11
24,266
207,51
139,104
157,79
0,118
7,109
51,28
109,108
3,8
122,47
195,23
12,184
0,14
87,100
100,207
78,121
0,32
0,53
160,70
106,86
72,133
40,102
216,12
114,183
58,140
31,124
54,158
6,176
82,220
39,95
147,111
0,17
42,263
3,75
0,102
111,93
142,116
44,21
1,10
126,14
15,3
73,47
4,79
76,30
83,22
239,53
56,7
0,92
2,189
47,169
4,59
15,88
98,26
18,35
35,123
22,127
8,40
0,290
37,96
0,108
2,76
20,80
45,47
90,124
9,97
18,25
14,94
136,1
41,175
2,112
262,82
0,214
46,149
0,78
3,209
12,154
2,31
0,123
20,67
149,84
0,3
0,62
1,78
72,165
14,36
229,22
25,150
1,33
3,1
13,15
109,47
3,40
0,5
10,35
0,8
41,166
183,66
0,126
1,25
14,118
137,40
54,125
52,183
127,52
17,161
11,120
68,36
0,183
34,123
20,189
4,29
21,35
0,3
0,86
54,58
30,192
0,99
0,10
0,69
0,86
102,12
49,153
136,85
97,89
14,69
38,34
8,158
12,64
12,62
24,1
36,7
11,149
93,10
10,76
67,112
216,15
0,62
6,98
36,98
0,48
25,49
21,29
7,82
10,228
13,108
26,65
6,3
260,28
58,14
1,216
203,36
45,36
67,106
58,93
14,15
157,77
29,96
46,85
55,118
75,30
41,46
9,73
30,86
5,127
191,72
67,90
11,121
94,150
21,339
2,15
97,127
99,108
100,64
2,23
14,11
41,72
159,70
58,34
1,115
76,48
194,11
15,31
170,20
0,109
191,77
7,151
26,10
81,20
61,158
30,60
3,200
91,48
7,18
34,18
3,34
12,120
27,137
154,54
20,46
0,158
0,98
162,2
1,119
41,9
0,133
14,30
14,183
0,63
0,88
35,99
37,116
10,56
260,58
2,118
31,43
131,49
21,100
36,22
41,37
66,113
104,88
28,181
2,103
94,68
302,52
74,39
12,155
125,111
2,118
26,194
50,62
1,88
29,93
32,84
4,29
203,0
0,17
36,7
2,223
25,241
46,100
0,34
0,27
15,1
98,110
17,25
52,110
0,194
36,16
0,7
2,112
181,103
90,51
0,66
1,27
180,19
1,192
18,194
40,17
114,113
17,36
156,10
16,10
81,149
150,45
11,194
90,41
14,39
49,30
153,27
0,29
85,42
60,25
1,119
145,93
1,2
132,11
57,136
1,136
156,78
6,151
11,10
124,29
3,3
1,82
65,72
318,24
137,165
48,16
60,148
70,114
2,7
0,110
3,87
2,267
76,104
108,153
15,52
142,96
31,68
52,114
90,144
114,96
119,49
98,119
0,60
0,10
7,98
143,29
121,34
55,28
96,50
5,159
78,14
6,79
25,10
47,225
64,73
0,142
0,14
38,91
67,52
0,9
9,108
13,4
0,3
7,126
7,247
233,68
176,32
15,32
0,119
19,12
82,83
99,54
2,3
12,97
129,181
111,104
13,201
0,30
9,71
119,37
4,85
48,55
71,48
1,170
67,103
0,22
26,14
209,18
200,56
0,79
64,117
2,29
93,147
120,67
62,103
46,138
123,24
4,35
0,123
15,239
0,232
8,8
4,166
30,62
33,140
1,6
3,81
161,29
239,58
0,68
92,62
99,85
10,212
194,57
4,134
18,6
56,101
29,113
111,61
131,11
38,188
100,136
8,24
0,146
3,114
126,120
114,107
17,80
20,40
4,3
0,162
4,12
0,14
37,128
1,17
0,177
36,69
92,41
327,37
3,94
13,156
28,175
136,59
23,29
0,82
151,18
6,65
0,94
155,31
0,8
13,79
1,2
0,123
68,22
14,12
9,31
208,30
0,82
18,132
14,240
112,21
80,101
82,101
1,139
221,53
231,16
56,98
1,56
14,26
48,31
0,67
15,12
56,51
3,136
15,54
0,333
0,28
211,53
157,10
0,16
93,44
34,64
1,110
91,76
7,8
179,15
81,31
138,41
22,31
51,122
123,104
6,18
0,14
2,143
1,139
197,47
0,328
69,95
83,128
106,29
1,24
173,30
35,26
73,63
3,157
209,77
40,28
27,174
192,25
124,102
169,5
11,90
181,17
37,208
241,44
24,31
60,58
0,161
160,76
112,64
0,25
99,150
42,115
3,73
126,16
23,45
74,68
1,131
35,129
175,183
195,80
10,125
41,156
94,59
17,113
0,18
165,81
33,146
3,61
2,7
11,120
153,64
19,161
10,149
167,130
0,79
72,78
0,196
32,65
60,33
5,212
58,22
95,68
189,85
204,84
225,17
34,136
11,48
7,128
184,6
51,18
132,28
175,33
59,94
65,10
7,27
32,17
127,108
0,96
44,104
146,104
17,192
24,95
14,138
0,100
1,71
115,19
202,17
102,73
199,73
47,47
86,35
0,97
45,101
14,131
0,98
1,139
39,120
4,97
0,102
15,310
0,168
1,16
98,27
46,40
0,258
115,0
112,41
2,17
21,21
3,87
0,105
0,84
14,194
0,79
16,66
13,20
2,157
13,93
0,15
2,99
22,147
0,66
0,41
39,42
110,100
131,63
109,78
0,41
59,44
155,29
3,284
25,75
32,12
38,35
65,98
2,58
0,99
17,136
36,130
117,12
123,17
1,78
6,28
24,63
18,1
77,88
1,188
26,62
60,87
10,36
0,175
16,28
155,28
3,10
0,46
69,170
22,7
248,98
0,109
12,30
89,104
120,187
17,7
1,140
137,41
100,104
34,44
126,70
11,129
1,93
33,0
142,25
161,42
83,57
78,121
4,169
80,44
2,172
18,10
41,37
117,27
242,22
224,62
51,7
178,24
1,137
95,116
0,109
148,19
19,239
7,4
19,18
30,60
65,105
51,202
103,51
0,63
0,21
109,139
72,89
44,133
109,90
0,175
22,130
12,180
36,54
140,144
6,296
61,34
7,9
61,230
4,2
23,145
91,102
13,180
0,101
0,119
10,148
63,62
63,27
2,111
183,68
77,4
66,6
97,97
22,33
0,26
44,302
90,33
124,51
137,51
18,142
4,171
93,10
5,78
22,198
15,18
0,113
11,15
85,63
3,117
1,17
16,245
0,61
37,180
21,7
5,45
0,58
2,14
25,39
9,7
98,77
7,170
120,39
210,65
3,213
1,84
12,4
33,93
127,104
184,5
25,21
71,32
119,131
23,34
86,128
0,31
0,67
27,216
117,37
91,160
37,24
59,20
146,70
31,73
112,20
1,321
39,117
100,59
25,162
5,229
1,164
1,178
4,88
1,121
20,67
64,12
77,49
13,26
156,16
66,6
146,67
202,77
14,144
88,84
55,170
151,102
102,31
41,98
66,46
8,98
32,60
15,103
3,1
95,48
19,87
133,3
165,37
0,95
10,8
3,34
63,186
134,109
24,116
138,57
50,60
7,117
142,13
20,255
96,10
54,11
161,26
158,30
57,20
100,26
112,168
100,38
8,99
1,196
0,204
29,139
35,11
40,128
194,118
10,96
27,230
18,64
122,112
20,195
0,71
14,157
72,115
0,19
154,83
129,108
69,109
4,0
35,214
0,14
3,292
0,53
216,59
0,48
2,154
101,110
7,5
39,40
123,85
10,248
0,62
197,20
3,133
47,140
22,68
117,0
44,43
10,119
137,23
0,131
103,50
75,82
185,15
4,7
217,48
26,136
90,91
1,17
0,97
161,6
97,77
53,32
27,54
10,165
2,76
60,132
0,93
52,65
108,25
58,109
0,125
37,97
4,76
77,20
183,10
3,112
1,161
119,30
31,116
7,62
0,29
144,30
72,33
0,217
3,97
1,60
3,57
64,99
40,132
165,34
83,10
37,105
185,5
85,7
155,82
59,130
9,96
213,7
66,36
41,158
4,9
123,74
163,6
3,264
7,5
162,115
7,217
0,98
252,63
44,42
27,43
99,23
0,26
11,64
60,89
7,84
45,113
181,10
4,191
0,112
11,5
22,181
59,5
85,50
4,92
168,167
0,25
147,91
131,65
102,7
42,20
107,82
76,99
47,29
24,299
32,135
8,27
62,32
88,50
8,193
2,1
10,28
129,39
8,223
78,49
33,82
8,96
43,13
15,125
4,73
116,57
5,9
104,210
8,131
141,50
11,87
29,122
10,212
141,55
0,109
32,169
34,127
47,110
121,26
0,9
27,66
0,67
0,114
0,37
191,53
91,63
93,108
0,3
12,35
186,59
185,0
0,74
7,3
148,28
88,9
32,174
148,90
0,168
51,225
11,1
0,225
0,79
6,131
171,32
76,40
108,27
1,148
3,24
32,69
0,5
9,23
0,114
14,32
41,261
194,34
36,30
83,198
98,99
126,16
59,130
53,186
9,85
131,116
92,107
72,82
141,47
113,98
1,88
336,6
0,17
27,124
74,25
4,81
0,56
2,4
25,35
144,40
10,106
16,196
5,83
155,77
4,181
5,71
202,72
14,4
71,160
1,15
0,4
0,34
12,59
2,6
65,90
0,68
0,64
25,6
3,81
16,172
83,5
0,119
48,97
66,199
0,165
137,118
2,10
124,39
12,25
17,177
108,119
78,21
96,84
0,86
10,25
96,178
12,120
0,44
44,68
35,153
24,345
54,107
34,29
33,168
78,39
0,63
61,136
196,57
43,74
61,68
138,70
17,3
11,90
5,52
171,31
3,36
64,78
127,55
20,84
71,172
68,223
27,51
11,97
2,24
0,89
0,116
25,47
2,319
32,38
133,34
4,1
2,10
3,16
83,70
1,75
82,44
37,198
5,25
132,65
89,80
39,76
1,4
18,75
194,73
4,42
0,10
253,6
60,43
133,63
99,133
33,34
129,139
69,81
31,144
20,237
6,94
179,51
22,175
2,37
0,104
53,17
34,29
93,51
122,35
2,91
28,168
8,75
151,142
0,69
0,159
67,60
21,26
1,32
0,90
30,187
75,24
0,66
21,89
57,71
27,188
117,37
22,155
62,104
1,114
96,7
18,281
1,295
159,41
76,88
13,144
0,88
0,3
16,282
3,58
53,160
0,26
1,110
8,182
10,85
69,287
90,203
86,104
149,119
104,22
19,35
2,36
156,61
10,4
4,131
35,186
14,5
226,43
122,58
130,13
30,216
158,39
0,21
8,91
1,105
65,267
43,91
27,60
20,141
2,3
280,51
1,15
24,178
172,8
5,118
80,18
38,143
56,145
1,139
0,69
112,72
109,25
115,11
11,1
0,66
79,12
131,19
97,23
28,76
69,110
0,201
11,4
32,64
13,197
5,25
1,135
16,42
5,8
1,13
29,33
39,142
119,79
150,49
69,30
26,85
29,2
27,64
0,96
100,85
10,176
40,5
14,10
4,101
3,112
35,34
2,159
260,23
4,158
39,12
1,234
2,112
176,17
38,68
2,251
29,45
2,13
1,156
44,142
119,51
3,103
127,146
157,5
14,240
4,101
2,226
14,87
0,45
10,178
37,77
159,10
79,68
74,72
12,82
129,6
1,7
54,67
11,49
57,21
42,183
91,56
13,227
15,37
0,7
16,8
56,30
42,34
0,4
77,73
121,32
137,5
82,54
3,3
0,259
66,91
0,66
80,113
118,55
71,62
25,67
2,9
130,202
56,127
47,111
16,71
0,7
152,51
23,129
16,1
27,103
50,56
175,116
3,140
1,134
6,20
10,152
0,188
21,131
80,71
1,89
0,18
2,119
50,299
0,334
2,112
171,2
74,76
3,83
60,218
0,86
5,6
53,127
3,154
108,45
3,144
67,131
0,30
0,60
4,189
212,36
17,127
8,142
154,19
88,76
36,44
90,122
280,70
6,15
77,153
96,11
108,133
72,8
10,128
5,163
76,13
42,309
161,88
8,177
28,22
28,33
8,45
23,41
20,30
9,184
76,47
5,119
0,4
74,17
169,84
13,176
0,27
69,23
0,96
19,236
220,30
18,84
83,317
0,172
19,181
101,93
0,125
163,8
83,135
106,36
1,2
3,174
72,58
22,166
118,60
66,14
21,72
15,145
160,36
37,59
8,63
3,5
56,5
28,42
41,188
150,138
11,163
18,145
18,171
89,12
0,3
210,32
74,139
1,198
23,134
13,203
26,167
159,73
36,89
7,73
0,39
83,132
106,50
29,13
199,60
68,54
0,112
58,11
0,123
8,191
6,62
1,91
144,26
35,183
206,57
66,112
170,28
68,26
42,5
32,161
107,66
159,104
14,217
94,158
14,283
45,92
137,124
0,89
44,79
67,97
59,9
49,174
58,85
5,5
4,78
6,46
138,107
2,65
69,51
132,87
0,35
0,78
3,41
20,7
231,19
80,96
269,10
5,100
141,21
125,4
9,138
11,14
72,154
16,236
0,107
8,11
108,51
398,11
1,53
38,10
47,39
164,69
0,149
11,143
0,123
1,129
52,122
3,147
4,72
25,158
66,38
153,22
0,10
143,15
270,65
164,5
6,71
34,125
147,29
1,124
80,139
85,60
68,18
44,9
93,39
34,72
62,171
19,24
17,15
2,197
29,93
131,101
82,81
61,90
112,30
77,52
220,83
158,89
1,135
75,77
62,13
46,1
24,110
7,85
16,84
12,120
5,181
39,81
72,124
72,172
22,53
125,90
5,297
2,120
0,140
146,62
1,48
167,1
81,235
0,90
77,147
125,130
29,195
112,38
49,42
0,148
0,115
0,49
5,159
141,5
7,2
0,48
168,92
91,18
10,151
75,203
70,49
48,102
40,53
0,80
45,198
12,87
97,45
305,6
53,24
0,38
6,3
0,47
81,148
0,40
64,114
0,77
44,155
63,60
115,13
74,192
90,148
16,165
37,7
0,96
100,135
123,20
193,26
41,9
92,100
16,159
28,113
11,13
2,6
63,53
84,70
80,102
26,123
6,99
78,103
28,207
98,127
44,51
103,42
2,92
120,11
6,98
188,5
128,4
67,128
0,114
0,216
0,179
75,139
6,23
45,3
39,119
4,8
8,101
68,21
62,176
0,95
0,102
254,47
64,153
42,120
24,199
1,149
185,8
83,0
1,88
88,68
0,41
10,60
97,62
4,102
1,281
188,40
41,174
4,101
0,69
18,15
110,14
32,122
74,38
2,160
60,60
0,110
22,198
0,202
66,78
11,88
140,19
66,126
5,118
49,7
2,69
119,105
7,146
21,285
9,17
1,181
19,81
40,90
30,253
52,59
95,66
29,142
1,90
1,56
63,43
2,1
105,92
0,22
1,139
20,100
2,98
132,11
1,22
0,3
109,48
1,2
1,68
0,109
12,131
75,53
1,203
99,88
28,149
150,60
0,9
0,12
2,108
106,104
48,1
130,16
208,45
0,18
304,44
70,94
145,122
10,78
0,35
103,118
103,83
13,86
18,201
4,161
19,165
155,116
85,36
147,3
1,35
0,142
51,34
3,86
192,42
7,105
257,20
4,205
24,112
6,27
5,78
23,22
76,73
17,125
95,109
12,44
4,144
41,144
24,80
31,170
46,41
80,38
0,124
86,136
113,48
95,95
2,113
39,145
104,96
5,163
55,32
0,8
0,37
61,39
37,79
35,113
204,0
54,145
0,95
0,8
127,2
17,67
0,26
0,25
11,6
3,3
1,74
4,169
20,138
0,94
75,50
14,246
110,106
38,114
0,150
1,94
10,50
3,100
133,125
135,73
2,44
76,90
80,105
115,31
31,52
94,35
0,58
74,103
7,144
18,116
115,50
47,40
1,9
54,155
17,11
67,19
161,72
187,65
2,96
3,13
138,72
295,44
0,12
77,63
4,161
73,175
35,7
83,91
0,32
107,16
0,196
84,30
244,51
36,70
149,143
3,50
111,67
98,18
25,85
70,62
7,200
20,5
217,21
24,132
23,268
4,215
32,29
108,55
25,86
0,50
90,70
196,14
2,2
99,87
13,139
12,255
19,82
136,19
4,245
98,76
174,9
3,18
0,39
79,37
3,218
164,96
17,29
131,106
3,53
127,88
47,90
16,68
215,27
14,8
139,61
131,67
215,9
47,60
1,91
181,60
128,37
0,73
1,46
6,41
0,42
5,156
23,92
114,141
221,16
221,70
88,203
100,13
168,9
86,220
58,108
0,238
43,45
76,21
0,129
144,141
3,188
0,33
10,95
1,79
39,85
90,36
131,66
0,265
5,238
0,29
27,223
269,64
47,82
108,166
162,72
90,74
13,140
83,190
7,102
10,107
4,37
10,1
112,25
0,193
75,19
108,21
51,124
25,10
0,79
54,55
0,226
21,256
32,37
19,92
94,61
7,108
15,189
96,15
0,139
0,55
2,154
1,252
64,119
44,63
0,104
112,30
65,109
3,32
169,36
8,94
60,152
46,107
21,93
37,111
10,218
0,16
1,88
74,133
1,3
117,120
1,81
0,213
10,139
169,300
21,55
59,76
9,171
24,103
0,26
4,177
1,61
26,7
0,155
36,69
23,0
197,85
159,30
69,11
75,194
53,66
0,3
0,98
0,4
18,178
2,95
3,139
6,310
201,40
51,152
4,214
96,69
6,4
10,7
131,22
91,162
2,46
0,220
162,16
15,61
30,177
4,6
100,6
1,120
240,29
70,69
35,10
94,44
9,202
14,29
208,15
13,120
80,63
10,24
111,60
118,129
1,125
80,148
113,130
139,164
173,41
8,78
140,129
6,116
14,38
12,44
115,192
4,105
38,22
53,148
107,33
122,53
149,43
37,13
68,106
118,7
241,44
119,130
39,1
119,19
55,44
93,82
6,124
93,149
83,21
2,113
62,44
47,46
41,12
212,34
69,106
5,175
1,70
5,56
92,77
53,15
0,138
1,162
94,17
12,237
120,4
107,44
106,26
3,137
154,39
0,40
58,35
26,161
0,9
76,76
0,4
14,69
162,13
59,63
41,54
32,51
20,24
99,97
67,89
150,2
0,50
4,28
140,120
3,135
0,306
2,98
35,206
1,15
0,122
101,96
0,109
141,10
7,103
28,189
48,79
163,10
192,53
1,33
104,7
195,79
300,10
84,136
17,67
3,37
20,70
88,102
81,55
55,353
148,212
73,131
37,24
13,165
49,56
7,12
8,73
98,66
0,94
127,60
7,43
12,162
33,92
15,193
0,4
1,27
4,206
26,21
2,172
190,25
3,101
66,62
9,33
1,2
5,106
131,81
79,55
4,110
92,35
10,130
0,31
109,132
7,213
65,204
106,21
141,16
93,110
11,59
33,79
12,187
72,105
89,91
6,31
4,186
80,37
0,46
155,81
113,61
0,156
35,57
74,91
207,55
13,55
109,47
128,155
38,32
105,14
65,235
0,119
1,7
0,104
1,194
126,80
6,168
157,64
183,91
172,40
66,105
28,45
0,118
2,68
43,52
1,68
76,42
113,120
93,7
9,34
1,91
43,146
1,32
155,138
15,80
58,92
90,100
105,14
35,25
20,112
20,114
45,67
1,29
1,33
0,6
1,226
0,34
37,33
0,81
0,11
25,206
19,178
111,27
6,170
51,40
63,12
133,69
167,58
10,21
56,83
110,18
2,4
111,109
1,129
243,18
18,187
89,155
159,29
134,47
0,3
190,70
11,129
2,135
70,216
324,12
46,45
3,67
33,215
0,233
0,116
0,9
0,121
0,89
64,52
11,49
208,40
36,170
79,64
0,143
80,14
32,33
13,96
13,136
83,33
141,26
0,79
6,20
0,14
25,125
9,30
137,53
52,18
23,162
161,7
11,279
0,73
36,53
273,12
118,102
0,124
0,68
154,50
9,22
162,4
101,65
103,45
51,56
0,4
1,256
2,99
17,100
43,20
285,24
46,48
39,74
75,83
33,144
3,14
36,205
6,171
95,59
105,54
31,5
148,22
206,67
8,85
3,61
6,90
2,51
149,95
173,105
16,72
61,35
135,77
19,13
140,165
1,147
131,40
0,86
2,200
8,103
0,129
28,45
114,18
19,205
10,97
3,158
183,2
102,62
0,59
5,78
21,110
25,8
46,47
16,170
125,30
66,82
15,26
31,10
110,47
78,75
9,80
99,179
215,64
160,97
66,104
42,8
15,93
88,67
88,113
37,191
176,97
46,171
0,33
0,281
28,78
89,44
12,31
18,93
170,11
2,153
0,17
40,42
28,129
325,81
78,64
0,218
15,176
26,102
0,188
70,159
63,41
50,68
2,74
166,82
105,41
25,106
4,74
1,30
83,30
0,122
28,140
66,46
59,56
225,15
0,122
163,13
5,65
0,84
3,68
3,44
0,119
146,23
3,218
98,50
24,31
1,79
102,76
37,45
79,64
1,2
51,15
108,24
183,0
127,91
5,78
124,63
12,7
10,10
83,47
0,97
206,47
1,97
4,82
123,146
209,32
0,92
105,93
7,65
154,27
1,87
2,127
95,69
126,173
0,193
45,81
6,76
87,162
159,14
145,53
147,57
37,304
42,30
1,210
0,68
117,74
93,86
1,25
3,92
0,38
7,189
16,57
175,158
0,132
0,135
47,19
7,142
41,74
169,76
0,19
173,34
156,73
11,152
191,69
41,120
6,75
8,242
3,27
0,80
0,140
56,52
93,129
31,104
51,106
120,83
29,56
70,96
178,30
52,42
125,74
62,222
127,40
46,160
17,136
0,153
169,3
44,62
130,38
24,168
73,43
7,21
46,54
182,30
62,102
46,146
59,23
30,176
42,50
70,120
0,28
8,63
2,6
153,39
158,49
27,29
32,34
127,71
21,112
97,95
1,2
20,35
10,8
1,121
212,24
206,12
3,190
1,110
87,85
3,156
56,67
47,25
99,101
0,23
118,144
74,55
50,62
12,179
98,64
0,3
2,12
61,74
112,115
14,101
11,86
124,77
129,102
22,274
25,93
3,109
0,154
145,14
100,7
0,11
14,2
36,64
312,224
0,20
68,222
137,53
31,2
87,105
20,105
37,77
8,128
20,45
6,86
5,53
5,26
17,200
16,59
171,102
0,27
128,10
0,120
3,147
9,201
0,76
18,7
32,48
20,28
195,6
65,41
0,245
1,72
54,76
77,90
3,173
3,121
74,33
1,111
21,170
104,115
0,111
258,54
10,138
80,90
126,69
18,56
0,125
64,19
157,27
111,102
92,152
14,136
0,200
70,58
106,50
38,111
0,138
0,182
34,47
74,155
0,12
75,96
0,107
2,132
138,142
0,234
7,13
25,136
129,33
6,69
95,56
0,8
103,115
10,70
56,45
95,31
2,161
75,45
44,37
1,128
3,126
8,299
58,48
0,94
152,15
220,29
13,1
8,237
8,108
0,48
147,72
71,132
87,77
1,5
19,69
85,205
37,198
28,94
121,13
69,44
83,157
0,79
335,49
113,20
33,76
243,46
0,47
13,15
28,38
2,87
70,27
180,11
0,153
158,75
1,130
0,34
7,178
19,117
6,25
48,66
152,2
3,28
1,55
1,56
33,52
0,21
83,35
168,101
101,107
72,89
122,46
6,175
47,34
33,180
140,32
194,41
8,39
17,26
4,59
143,50
0,67
156,18
0,183
12,21
50,113
24,50
1,116
140,58
19,111
207,55
33,124
84,115
42,16
76,11
0,85
0,6
53,15
0,107
24,129
22,193
0,101
58,121
1,2
53,141
0,49
70,118
0,75
21,142
20,149
188,166
112,64
98,102
41,151
88,99
55,143
19,17
0,95
104,211
24,115
26,225
84,62
214,14
0,4
1,115
321,19
1,25
59,87
210,40
81,57
0,116
15,53
98,119
101,71
14,119
145,58
178,93
67,137
0,194
30,47
0,160
11,83
16,208
125,111
130,97
57,166
30,103
0,119
0,105
6,156
95,197
10,97
0,103
51,4
9,9
38,92
0,134
1,79
2,3
4,95
91,96
4,142
95,113
0,73
6,15
11,0
227,61
105,93
161,81
144,27
21,76
51,12
0,36
12,151
34,68
0,131
40,26
20,65
14,23
128,212
0,72
128,46
90,7
41,71
48,122
87,43
27,19
44,151
72,43
23,29
13,57
42,50
108,9
3,4
22,178
2,128
83,83
0,11
27,39
62,91
113,152
36,167
31,113
1,44
130,110
16,13
11,13
44,68
0,88
21,90
30,113
83,87
88,34
0,129
15,109
120,126
8,16
12,81
6,48
10,117
10,124
95,37
38,46
11,42
0,27
17,182
65,111
155,145
40,93
12,82
12,72
136,7
11,147
0,6
115,50
117,64
241,79
10,39
73,26
109,57
0,42
149,185
23,120
146,81
0,119
98,99
153,12
0,97
1,38
3,154
153,77
101,23
134,80
3,159
31,94
38,138
45,76
25,72
111,95
225,7
20,20
186,101
112,28
0,94
1,8
11,102
109,42
4,36
12,147
1,2
1,107
89,47
130,101
1,114
24,55
8,175
133,0
22,125
12,182
0,49
0,84
0,120
0,85
41,139
2,242
56,166
0,77
0,13
116,12
206,37
3,206
13,110
14,91
23,58
77,34
114,104
70,280
135,125
26,103
29,68
174,72
0,62
4,20
0,122
0,80
49,71
0,32
55,22
165,9
41,156
2,114
12,233
51,39
42,121
8,167
58,190
32,7
88,239
152,123
0,58
258,60
56,39
233,13
166,102
9,84
84,10
62,22
21,138
1,7
0,114
119,30
0,69
55,18
35,100
1,9
28,123
39,110
4,61
75,66
0,122
153,51
172,69
8,73
18,23
99,89
0,158
16,19
0,29
44,222
74,158
79,7
11,164
122,43
128,81
7,199
23,45
19,58
27,102
161,7
0,54
135,31
128,60
19,76
2,179
15,30
0,384
0,114
47,173
0,10
0,75
21,7
213,73
0,87
56,180
62,102
14,40
1,6
4,126
4,64
106,42
77,113
167,77
20,9
0,13
0,46
2,82
0,16
17,0
0,33
28,68
115,185
52,210
5,8
9,105
65,86
91,173
23,53
1,135
0,131
43,54
11,245
13,61
164,125
67,307
2,58
0,9
96,40
37,78
11,45
130,86
72,59
0,80
161,48
9,140
24,287
20,119
42,77
166,33
144,15
0,80
8,296
25,88
252,275
1,122
79,140
6,44
30,277
5,134
9,125
4,35
173,62
1,75
79,6
48,129
95,61
20,154
56,124
34,73
47,75
13,170
43,98
4,92
8,80
3,3
172,94
100,54
68,249
52,116
111,102
50,12
27,125
11,3
2,44
7,15
182,29
134,22
2,107
27,135
43,38
143,79
105,150
145,66
57,45
6,100
169,91
14,3
109,135
34,31
12,34
90,115
58,54
0,145
6,317
230,42
1,296
3,209
19,196
32,52
41,125
94,60
165,22
54,115
52,59
10,95
13,103
71,181
17,100
242,65
5,65
127,187
19,88
0,81
13,58
177,12
0,99
60,197
196,15
0,85
10,245
20,156
61,189
56,39
45,5
194,35
11,60
1,68
146,43
96,19
0,7
49,172
19,31
58,185
0,128
11,105
33,137
0,30
13,116
41,69
166,54
130,70
0,228
0,83
48,52
11,39
42,65
185,28
27,212
85,233
56,131
0,43
53,63
81,48
210,37
26,112
24,169
48,74
2,164
0,260
5,81
32,41
10,89
17,51
0,21
4,22
13,85
88,61
214,38
7,8
0,7
61,35
52,208
87,193
213,47
96,45
121,33
18,102
76,106
9,50
8,118
110,52
1,139
1,16
36,161
0,178
61,22
122,5
2,33
58,6
10,182
49,109
43,85
32,71
40,62
151,85
27,42
0,170
160,49
0,6
71,69
44,28
127,104
2,80
28,206
106,174
20,85
57,32
35,103
40,72
244,195
114,57
29,188
0,41
0,41
116,86
144,17
86,100
3,53
8,55
10,27
14,168
14,67
1,43
71,102
183,50
4,186
0,92
8,130
36,241
5,152
10,68
77,79
8,108
130,38
39,49
11,13
202,4
75,23
8,128
188,40
159,152
78,194
10,187
11,90
1,67
2,61
18,178
7,160
2,90
0,72
8,112
0,80
17,27
0,117
0,3
2,35
0,63
41,67
25,161
38,59
15,14
0,71
0,51
11,172
84,153
1,47
0,97
9,282
171,63
197,77
1,18
61,94
209,14
1,88
125,4
218,26
10,3
55,92
4,167
0,145
154,60
0,6
5,105
28,162
58,58
18,69
20,160
0,81
140,8
135,10
226,23
33,14
58,55
59,160
156,2
83,141
11,52
21,12
68,146
339,232
106,16
88,44
1,4
32,20
11,179
129,37
7,109
0,103
356,16
28,228
19,113
0,69
34,32
182,93
3,87
1,143
46,27
115,56
1,182
94,67
51,99
3,42
11,3
19,43
15,210
2,33
91,24
16,195
32,40
30,35
4,114
181,12
5,280
0,18
4,157
30,231
116,37
0,188
4,4
146,107
50,144
154,44
5,185
127,94
0,214
86,63
185,6
95,89
44,28
0,194
2,32
45,104
155,68
4,53
9,138
14,96
89,84
151,12
3,248
57,48
113,29
3,25
173,11
78,97
0,16
134,189
152,88
0,12
2,35
55,161
125,15
31,48
116,77
0,103
104,23
6,66
6,206
99,2
14,3
125,31
94,92
174,59
215,22
114,14
89,83
98,93
0,3
0,5
25,103
24,110
2,2
111,25
0,67
86,36
45,22
5,35
1,303
113,26
10,127
134,82
3,145
37,23
70,130
22,271
96,145
59,39
27,90
102,54
113,25
14,87
0,4
127,69
182,23
47,9
27,86
219,39
88,48
26,105
88,37
7,239
99,52
89,87
69,40
21,39
26,42
40,29
158,81
195,17
142,29
16,73
129,109
49,6
35,26
146,15
18,98
8,64
22,89
0,140
46,159
122,92
181,39
4,83
1,124
81,187
15,100
127,12
109,6
0,125
38,40
75,41
18,25
45,25
240,16
21,143
0,5
8,31
209,47
2,171
87,1
56,109
5,2
87,238
83,121
86,100
4,11
2,41
136,28
50,47
63,72
38,142
1,245
231,21
53,31
11,187
4,156
24,235
28,5
0,208
58,89
170,49
61,217
89,57
35,2
0,49
14,8
45,108
40,176
11,11
64,11
44,85
1,169
0,74
128,70
130,45
14,19
38,58
101,92
79,11
7,56
0,26
240,32
0,20
150,122
98,26
172,165
6,113
0,26
162,72
132,56
134,102
29,134
92,41
8,208
29,149
38,52
4,113
26,125
28,253
40,204
107,50
0,54
188,21
2,2
33,234
85,50
24,76
3,34
165,16
50,6
98,41
164,67
30,139
1,2
108,14
14,46
103,135
45,165
66,29
0,19
15,108
50,188
179,48
56,19
7,129
252,26
0,186
1,258
107,129
199,17
125,11
15,219
17,21
248,26
2,162
37,19
48,106
16,152
54,44
113,95
271,31
5,158
144,13
18,195
153,23
2,279
20,6
25,20
4,11
120,85
0,163
15,246
2,19
3,58
35,323
37,5
25,26
2,54
9,6
8,1
33,80
46,66
18,184
42,164
37,88
79,9
38,60
0,68
103,14
26,7
141,3
120,44
1,8
156,45
0,120
0,74
271,45
51,115
114,5
123,24
130,85
26,120
0,59
65,31
6,68
1,97
40,37
1,3
87,10
108,82
1,124
72,5
0,26
138,25
24,105
0,130
178,76
28,140
0,118
69,240
93,66
29,110
19,109
5,45
84,9
102,41
21,51
32,102
183,43
4,157
0,115
51,49
35,148
3,4
4,91
71,20
2,120
5,57
79,113
141,10
115,107
51,60
8,162
64,130
16,30
159,24
123,67
14,75
2,79
32,70
141,72
97,72
4,11
90,90
48,56
99,132
4,113
0,15
53,131
0,83
24,192
15,134
8,94
60,20
148,19
53,53
8,74
6,65
59,8
123,36
0,248
381,38
8,138
31,189
170,8
1,5
42,25
0,48
0,13
55,200
0,40
123,85
43,139
152,157
145,19
6,4
87,21
47,65
34,25
64,34
138,73
12,28
72,102
0,96
0,12
69,66
0,93
161,34
31,132
63,82
0,156
43,66
49,94
9,115
44,12
7,47
148,9
196,41
4,162
200,42
8,118
38,77
0,23
15,160
47,38
53,195
4,37
0,26
81,47
88,102
43,4
209,36
173,70
1,32
42,40
263,37
34,101
0,119
0,105
66,57
0,182
36,160
0,65
44,211
101,24
1,22
79,74
1,55
134,57
55,70
78,81
269,10
54,182
53,70
6,1
14,76
63,96
30,239
39,167
56,30
2,44
129,32
2,157
11,113
3,93
4,128
24,34
63,5
19,44
37,103
2,11
16,99
22,129
168,22
0,8
17,226
1,122
97,77
10,132
89,127
85,144
26,50
124,73
50,152
18,220
5,16
39,71
143,135
9,197
7,15
130,75
59,205
20,57
2,10
1,178
0,202
32,65
48,115
53,23
5,324
0,91
26,118
58,180
70,95
107,22
38,70
77,114
23,50
1,150
3,57
54,62
264,15
122,28
0,236
52,93
108,106
4,61
160,43
77,82
2,159
2,6
173,57
66,90
104,3
0,4
2,7
3,110
138,15
125,18
149,90
1,3
0,104
87,84
253,39
205,134
38,55
289,31
6,222
2,58
19,51
51,311
4,42
150,41
84,71
16,48
48,91
43,103
157,87
2,4
37,27
8,91
2,58
1,93
52,46
0,44
6,25
2,50
66,61
30,122
14,134
0,195
8,149
108,89
28,67
0,37
10,180
0,4
15,5
106,107
55,44
64,157
15,104
6,156
108,28
94,26
88,235
159,6
4,9
43,9
96,104
40,97
0,84
0,187
68,83
139,14
0,44
161,22
0,124
0,24
27,193
247,35
5,198
53,32
12,215
0,86
0,224
0,86
45,15
5,241
10,44
0,169
2,34
87,98
111,71
144,101
61,16
40,172
57,4
0,20
185,76
22,150
18,86
124,150
74,55
199,23
12,54
87,11
55,133
40,15
113,117
100,101
79,21
9,20
55,157
11,208
0,253
96,199
10,196
0,10
1,98
70,16
0,248
18,110
128,95
1,18
31,155
23,112
103,27
0,117
303,33
5,28
6,122
150,5
0,7
35,223
403,9
59,162
1,73
153,44
0,83
27,160
89,86
58,107
45,56
101,106
13,113
28,136
13,85
3,65
4,118
2,43
84,113
4,24
11,59
137,62
3,96
25,2
50,89
0,80
61,97
56,65
2,142
166,15
2,13
28,21
71,32
0,98
12,51
24,157
34,96
0,65
28,316
58,15
66,146
67,38
17,94
11,132
104,77
18,26
0,104
45,2
152,104
68,14
63,285
1,44
15,129
190,33
21,72
4,3
142,6
3,129
10,101
85,156
37,6
17,20
9,9
8,128
38,86
5,34
123,103
16,244
22,109
235,56
47,63
49,168
0,111
4,75
144,16
55,51
4,159
52,147
149,112
14,165
15,197
24,153
142,21
231,36
0,60
60,71
65,56
0,67
269,45
103,41
20,102
150,29
22,233
46,184
0,26
106,30
10,203
166,133
1,19
17,75
7,1
7,31
2,136
3,84
9,4
23,253
0,109
83,15
2,136
26,64
51,23
46,38
21,131
13,52
138,72
30,41
133,50
1,131
1,54
23,95
192,16
166,62
43,29
13,21
21,66
47,37
51,148
53,111
92,127
41,173
189,30
140,85
7,33
136,5
42,41
122,128
255,80
7,72
0,39
0,23
107,112
117,121
0,100
3,165
36,117
41,63
0,318
105,180
1,176
90,11
102,47
3,75
0,28
19,7
56,99
1,4
38,46
173,56
83,146
214,51
220,96
0,97
85,60
59,73
0,9
0,89
0,44
151,95
66,22
2,270
0,72
8,216
26,74
0,71
43,43
52,38
26,195
0,63
1,114
5,153
0,16
10,128
81,134
9,200
12,71
2,10
3,18
37,113
8,78
0,51
38,61
27,15
120,59
38,107
15,26
10,143
191,9
9,14
64,71
12,38
103,90
46,33
0,91
129,144
62,68
163,22
16,256
10,41
61,119
23,178
24,143
172,27
28,106
37,133
0,101
194,11
7,97
21,106
141,20
114,19
14,19
121,53
121,50
186,33
1,174
0,78
10,114
1,130
11,87
3,90
139,141
266,45
56,33
19,85
16,77
1,124
223,33
9,203
8,72
15,7
133,81
3,35
64,109
42,101
39,70
104,13
0,40
73,81
39,125
28,29
0,88
14,30
7,210
2,191
11,170
242,7
0,88
0,122
0,49
0,34
90,79
145,37
7,211
11,156
49,262
10,50
11,86
24,75
31,67
52,46
37,137
65,68
31,86
115,127
0,87
26,53
141,121
81,33
53,82
137,25
197,2
191,50
139,104
20,102
1,101
151,58
0,84
1,108
0,190
3,95
28,68
1,212
5,47
0,4
218,26
128,57
192,91
3,105
6,49
0,123
16,73
0,13
132,49
0,106
72,26
0,3
0,3
172,56
84,270
196,95
0,227
104,70
0,257
16,125
14,162
85,134
13,34
80,105
38,75
61,141
70,100
145,27
36,43
258,15
180,107
0,72
27,67
5,106
43,138
74,99
7,147
0,36
154,123
75,22
1,19
17,150
110,45
0,43
5,21
162,13
56,66
225,10
68,111
48,138
0,163
187,307
7,12
7,83
32,130
0,63
22,171
26,154
151,44
15,72
57,57
30,144
121,117
3,121
118,47
90,29
160,50
222,19
41,33
100,27
12,111
43,75
35,59
0,102
9,193
125,35
138,21
7,52
85,28
125,66
62,68
1,212
7,55
45,53
167,62
56,153
13,29
40,31
0,69
316,68
0,5
1,98
5,27
110,131
2,2
1,2
7,279
125,50
87,12
19,55
51,57
4,11
34,66
83,142
135,102
4,2
166,74
65,84
37,44
25,33
123,19
20,160
147,16
51,8
154,52
79,61
22,124
131,48
163,142
7,103
15,0
4,133
78,108
67,31
120,126
0,81
0,172
22,12
108,96
0,8
18,183
213,119
109,19
7,167
145,101
161,1
4,37
26,252
86,129
6,98
12,138
9,71
41,69
57,39
42,2
0,43
2,174
6,11
77,179
47,133
74,114
1,133
103,69
20,114
48,205
55,129
1,33
13,202
90,125
143,85
29,11
106,112
0,125
89,151
155,0
302,26
2,76
33,56
90,137
12,40
141,35
74,120
9,196
25,57
17,220
75,92
31,27
18,92
26,136
3,74
12,11
0,86
15,187
95,136
48,39
0,118
8,311
31,81
0,144
15,85
125,20
92,94
31,23
26,29
26,195
71,128
0,92
47,63
1,187
24,79
17,28
41,193
0,12
61,143
4,121
40,153
0,247
89,30
9,101
89,36
81,134
158,105
156,29
3,58
0,107
3,115
21,93
148,42
1,154
0,91
38,260
1,9
23,100
21,125
24,254
4,19
40,2
6,263
49,28
0,23
52,39
4,123
283,19
28,24
3,18
22,135
47,178
42,56
34,149
90,47
34,191
1,24
148,77
1,74
27,84
81,322
60,173
3,112
47,174
65,39
2,119
24,76
124,53
10,184
0,29
9,44
58,21
10,119
168,74
0,157
4,29
90,98
54,34
2,109
1,168
87,72
5,134
18,11
44,136
0,210
24,232
3,80
160,10
12,127
123,103
0,63
0,115
0,137
95,12
3,23
60,116
86,202
36,120
8,92
25,106
4,65
59,203
52,1
55,57
0,99
59,178
66,35
53,116
146,41
32,237
53,132
25,40
0,91
78,135
2,76
0,156
3,50
19,11
63,101
10,105
93,82
53,203
27,48
78,1
16,4
17,89
23,41
41,68
3,31
132,93
30,88
108,71
0,4
87,40
0,26
27,7
1,266
0,98
212,33
42,138
47,94
23,122
3,195
262,24
4,100
125,65
67,84
43,98
66,23
189,19
144,47
92,89
2,36
65,49
129,96
0,57
11,4
2,88
108,143
63,37
0,32
30,8
62,36
2,223
24,97
25,26
60,130
159,39
165,47
81,8
10,248
28,137
90,148
4,89
138,70
4,13
70,31
227,69
0,172
94,8
127,98
0,100
84,128
43,224
62,135
35,231
33,64
7,30
1,9
0,3
19,85
106,133
103,67
133,104
1,6
84,112
7,210
177,34
44,43
0,115
97,107
21,105
1,114
25,140
71,121
1,94
0,40
110,111
6,154
1,73
153,22
114,103
153,52
135,16
0,80
26,45
13,129
0,5
138,55
113,141
67,35
104,85
51,150
9,168
62,41
50,159
203,86
0,64
2,155
1,98
80,33
175,54
0,95
13,160
80,71
106,21
0,118
151,23
95,118
131,93
33,69
11,76
4,175
2,76
122,117
1,98
238,16
137,4
0,129
78,96
5,123
0,27
115,13
0,75
70,167
0,59
40,174
119,2
30,113
51,45
2,58
1,172
115,79
57,20
0,56
0,90
102,90
88,44
99,90
26,20
10,85
18,157
2,4
7,199
2,168
142,85
14,166
10,253
7,116
1,115
159,72
151,9
2,141
39,122
37,60
63,58
6,10
133,15
46,47
9,156
101,132
43,210
17,22
69,48
51,260
0,56
186,28
205,5
11,19
102,152
0,106
190,11
1,145
231,75
29,23
5,112
31,43
5,47
12,25
177,63
1,154
6,202
103,64
37,146
47,17
1,64
2,43
143,57
54,122
23,85
48,13
2,83
17,149
109,59
158,53
171,26
2,104
64,92
29,29
0,8
19,167
190,43
4,193
180,20
85,274
18,34
93,28
18,166
37,158
23,159
58,55
2,174
92,45
138,174
0,7
0,5
231,23
42,76
1,40
51,136
0,89
15,124
0,111
110,11
6,88
169,87
253,102
72,101
87,94
64,153
59,176
7,121
3,155
0,98
2,80
73,16
31,74
0,49
29,4
127,226
9,60
0,16
92,13
0,138
275,15
39,26
0,175
0,246
36,132
1,23
3,88
95,16
124,28
46,106
0,11
4,56
78,30
94,44
27,119
6,8
62,29
213,63
173,78
121,114
6,215
14,84
182,45
1,126
0,4
3,9
250,7
53,145
132,14
26,5
69,150
7,62
30,30
0,26
49,3
37,55
1,15
148,104
130,30
2,207
132,93
57,17
74,27
37,94
74,128
7,154
9,145
109,107
7,5
2,41
4,178
12,78
2,109
1,8
25,103
17,280
63,188
146,43
44,90
36,16
2,60
57,37
1,97
84,12
16,131
84,35
0,218
75,36
17,19
13,116
12,32
23,58
0,53
0,8
35,235
2,151
5,128
35,52
6,178
76,86
65,33
69,120
181,64
0,124
256,71
1,213
1,142
0,76
14,125
77,156
23,184
74,71
26,95
0,8
70,255
135,80
7,56
27,56
7,108
13,101
44,95
54,68
30,155
13,17
0,63
149,162
55,5
7,45
35,25
148,12
135,14
70,58
66,105
62,120
252,54
1,39
41,122
2,7
113,108
4,105
58,110
20,15
0,93
26,72
21,72
25,64
64,10
7,54
10,162
5,23
45,125
2,148
28,112
11,78
132,92
9,47
8,40
16,146
145,45
0,92
2,48
57,181
97,23
8,98
4,87
20,82
166,29
31,304
77,74
69,77
36,10
55,52
180,26
22,32
5,102
106,155
116,45
114,30
54,187
0,33
24,71
12,95
160,115
0,17
50,47
254,46
1,110
21,63
228,42
343,10
17,188
15,126
3,7
14,197
111,23
0,217
35,136
99,54
34,83
74,71
54,69
210,18
24,115
27,131
15,5
33,59
19,201
190,41
5,103
115,8
15,27
134,67
0,217
2,74
18,0
13,235
33,44
228,2
4,122
70,111
147,88
116,22
48,78
0,81
78,52
36,55
108,31
0,15
22,8
195,75
0,85
101,89
0,106
12,48
105,26
1,197
28,37
1,89
128,28
26,267
20,139
55,41
173,107
20,137
18,135
2,74
116,51
156,43
19,45
114,74
111,33
89,65
162,13
47,90
1,189
194,5
72,58
2,124
29,16
2,82
41,19
46,182
56,9
27,84
182,39
2,4
0,42
0,19
0,108
1,56
92,199
39,5
4,194
122,44
47,208
118,34
7,31
32,7
0,155
173,9
40,107
26,66
85,71
10,58
23,94
20,147
33,189
244,51
8,1
0,43
63,50
0,19
140,18
123,28
0,91
82,103
2,117
0,25
111,60
258,20
129,114
0,94
187,69
1,107
16,112
3,149
78,57
86,116
11,108
10,66
109,156
56,45
77,19
22,166
59,89
0,8
8,26
1,201
142,4
160,25
119,63
195,63
16,242
88,124
77,35
3,8
6,141
71,44
0,59
205,57
177,8
147,30
77,24
80,99
3,19
40,30
101,37
37,10
181,7
66,71
176,3
15,2
55,4
200,48
51,18
23,124
0,18
100,39
1,100
2,9
18,70
76,47
105,48
64,14
0,159
156,122
225,97
0,39
39,283
65,185
2,5
29,23
132,37
57,92
119,89
25,144
99,103
2,123
184,87
89,147
0,132
0,85
91,146
188,83
11,78
0,236
95,15
9,0
0,65
7,1
15,47
98,117
1,146
156,51
104,26
0,4
8,68
68,35
0,264
0,16
147,94
4,110
105,126
0,23
8,7
34,136
90,103
85,128
0,62
45,5
7,102
0,93
7,127
14,14
162,48
0,181
2,190
78,46
14,1
0,10
179,8
3,143
0,13
35,108
0,111
17,164
24,95
31,35
130,140
1,162
28,115
8,228
10,120
8,210
49,83
0,115
0,9
78,90
0,52
93,145
6,18
0,206
117,144
3,12
1,184
26,0
65,183
172,27
0,8
5,135
0,4
37,137
0,31
87,86
91,120
2,227
35,230
127,52
3,116
71,70
9,272
105,75
58,21
48,54
62,74
86,23
88,83
130,41
7,203
52,37
23,206
40,61
62,49
26,149
53,177
0,31
39,135
23,127
41,61
15,236
65,215
73,68
5,1
18,46
18,169
2,70
2,23
46,32
0,44
203,88
127,48
64,67
83,156
106,166
0,195
0,114
1,107
42,24
173,42
0,6
2,13
46,93
26,114
27,11
11,50
51,162
10,1
0,128
142,23
16,140
121,41
3,107
108,37
0,3
24,111
92,6
0,68
86,87
42,89
155,27
9,257
36,105
30,54
0,96
8,53
94,54
31,90
28,91
121,85
0,47
176,8
5,110
30,120
102,55
20,58
108,83
41,102
238,91
0,143
14,13
84,60
97,77
160,88
20,125
33,114
17,179
127,4
119,71
52,19
118,87
11,23
123,34
105,70
132,39
132,48
0,61
156,21
164,34
35,34
6,43
0,55
179,52
12,15
150,200
6,104
3,167
0,5
90,97
222,48
13,80
0,225
57,33
143,48
40,12
11,144
44,159
29,142
102,91
49,156
67,3
178,128
14,209
4,55
13,23
85,111
45,97
51,237
0,41
193,55
8,4
66,177
0,31
2,103
0,7
0,116
0,69
54,52
102,21
40,142
211,71
0,55
17,82
15,11
5,96
8,111
11,177
1,95
0,95
125,64
32,59
13,41
79,22
0,33
143,40
78,115
0,109
99,164
15,198
0,110
37,119
14,119
44,105
12,125
0,103
47,64
14,101
5,98
74,176
21,114
139,46
102,94
0,238
1,192
188,13
16,164
70,40
132,34
83,104
249,29
71,235
110,60
112,51
0,109
11,170
0,23
221,18
25,260
9,50
111,23
120,69
129,120
3,6
32,155
7,59
191,49
7,38
12,368
2,24
105,128
127,102
12,4
23,45
14,23
64,31
173,138
33,91
2,60
92,107
43,20
127,109
234,1
214,3
62,95
9,156
23,262
26,168
33,126
19,41
65,18
15,171
178,26
157,19
13,212
5,16
94,8
129,16
0,279
0,84
172,55
127,11
102,111
75,68
3,146
196,34
139,112
7,110
61,71
87,36
100,89
155,37
0,6
2,15
6,6
36,150
2,5
31,110
2,145
0,27
1,151
21,122
18,64
3,138
9,212
11,149
5,132
4,56
0,119
47,67
49,97
20,17
42,56
79,148
78,54
33,52
96,106
18,91
69,64
31,105
82,4
139,92
31,248
0,115
149,23
102,178
2,272
105,146
119,180
1,102
2,123
296,65
1,140
0,166
76,149
0,78
0,15
76,90
0,65
12,163
26,239
14,61
25,43
73,153
50,107
84,58
10,53
171,37
13,9
33,62
1,313
51,22
11,117
49,4
35,160
2,204
16,43
49,42
0,114
17,107
61,36
147,57
51,86
2,122
0,48
25,85
193,40
326,17
63,69
26,219
171,87
30,31
72,127
1,151
26,61
40,120
143,21
174,83
1,2
217,27
61,220
19,8
108,45
56,33
111,111
1,83
151,7
7,202
1,206
0,89
53,74
277,11
0,83
67,293
12,86
80,53
78,71
83,154
111,158
53,49
109,162
194,4
50,18
100,14
2,89
11,77
0,88
2,15
40,167
51,116
37,10
24,64
3,4
130,72
179,49
17,135
120,35
3,76
105,90
27,77
196,196
152,65
0,129
24,83
126,91
27,58
24,21
4,232
24,90
86,20
85,20
3,2
14,51
107,155
61,116
28,63
21,19
0,145
4,142
185,22
0,15
19,135
57,129
60,116
170,49
0,8
203,46
39,30
2,158
0,125
1,48
125,48
100,25
0,80
56,31
16,4
27,257
118,130
269,15
9,116
0,99
258,47
19,21
32,8
0,40
0,5
10,91
4,7
18,179
0,4
167,105
49,77
0,73
123,16
34,38
13,123
0,73
10,103
0,105
8,137
158,19
187,4
133,43
70,60
113,113
16,75
22,290
0,5
40,67
1,33
88,23
26,56
68,69
7,20
34,16
35,114
141,11
8,224
0,104
21,221
44,62
5,42
152,66
22,129
120,40
124,59
89,60
143,91
2,18
0,35
1,126
89,78
0,3
18,9
41,175
31,131
0,189
17,48
10,162
13,147
3,136
51,21
79,101
101,44
139,59
0,190
239,29
59,61
0,68
114,149
95,125
22,49
33,91
23,59
24,195
122,63
4,70
26,183
0,173
24,259
151,115
37,19
4,200
17,36
0,27
43,67
19,83
0,13
7,39
3,97
0,108
47,96
72,44
80,22
16,86
0,102
235,61
40,32
0,230
128,38
0,11
105,94
132,73
1,203
46,146
150,92
104,78
35,169
15,51
102,15
270,5
95,76
130,28
1,42
9,205
3,162
0,174
4,9
0,163
60,133
26,12
0,81
10,131
8,126
58,134
12,55
30,56
59,140
16,120
83,32
67,16
50,51
0,141
2,122
87,111
5,13
1,47
24,51
134,133
44,10
106,38
14,32
6,124
25,166
0,81
0,35
73,270
13,99
176,40
133,331
14,125
162,54
134,19
221,67
258,46
44,51
47,44
17,33
63,63
49,41
160,37
15,138
9,135
1,60
118,93
56,63
7,62
3,94
9,16
19,11
120,42
28,153
54,248
16,152
26,19
127,16
64,20
238,28
43,25
87,54
1,67
131,84
48,88
19,201
66,206
105,13
116,172
162,7
198,133
160,83
27,76
58,167
56,190
33,127
60,70
5,114
20,86
19,92
53,26
9,54
9,70
104,34
38,106
76,85
1,3
148,32
36,27
0,111
158,201
144,10
115,31
84,14
0,25
4,2
136,10
125,78
79,147
69,111
47,108
55,129
26,59
15,207
22,119
79,38
7,1
85,80
41,59
1,90
168,102
283,75
93,100
93,29
39,199
157,5
178,95
3,154
62,153
93,86
172,69
222,80
127,74
1,119
3,135
48,199
4,99
86,97
7,144
112,44
25,11
37,91
107,99
2,1
0,9
30,19
64,35
37,81
1,152
215,45
0,175
14,176
2,192
69,124
144,21
0,75
0,199
241,7
0,4
54,24
16,55
114,55
15,167
17,196
71,146
95,108
11,185
79,62
0,18
108,106
0,203
66,105
202,26
0,51
26,145
1,184
1,10
29,65
119,114
96,135
130,126
31,14
9,24
1,145
146,36
69,92
9,139
0,67
22,14
48,26
0,32
91,39
20,57
67,58
101,86
20,106
4,74
143,99
178,8
221,58
15,21
216,9
2,1
107,97
18,67
28,34
133,20
51,105
38,103
34,144
118,134
30,93
94,22
24,205
146,32
85,96
50,115
51,149
5,4
32,175
178,14
0,101
158,183
10,13
38,82
15,201
103,112
70,78
0,39
95,11
113,19
1,7
19,78
0,4
17,128
39,50
257,25
59,47
3,152
11,162
16,133
0,60
101,101
79,35
6,7
38,8
29,135
17,134
0,112
66,71
0,168
170,93
19,30
1,168
0,5
64,69
18,12
15,79
0,3
89,18
51,42
172,66
0,19
29,95
114,23
24,161
11,21
2,125
67,40
4,8
4,71
0,89
4,80
1,323
112,93
24,60
1,46
108,65
82,163
96,1
116,86
47,61
90,27
9,222
1,6
1,124
120,19
10,50
82,3
15,57
194,171
0,111
3,8
120,9
0,397
194,25
190,37
19,80
21,10
32,150
54,42
0,43
94,70
43,95
48,41
63,17
0,41
58,133
28,169
149,13
7,120
92,134
42,5
0,240
0,178
116,34
0,60
141,33
35,170
50,88
0,147
0,134
167,70
30,42
10,79
86,11
94,25
31,159
197,75
86,19
234,107
19,114
16,52
0,71
114,90
0,75
81,102
33,67
48,178
94,146
49,185
6,127
54,143
77,147
0,120
118,189
121,23
0,254
30,42
89,113
122,32
9,10
2,180
2,57
5,147
0,81
9,229
149,53
1,18
1,50
8,234
96,66
0,3
77,70
24,38
145,34
0,3
22,79
63,51
1,98
73,23
114,52
4,88
44,235
61,147
97,160
33,12
2,4
55,144
11,6
28,241
122,13
3,20
121,56
23,50
281,32
30,64
133,55
3,108
0,24
129,73
3,108
13,66
8,249
2,69
24,64
28,6
0,122
6,6
181,20
1,81
159,17
3,220
3,187
141,9
9,162
28,146
181,19
0,109
39,235
185,43
36,20
79,218
78,128
24,41
1,117
37,194
77,108
150,18
0,17
5,65
14,116
24,36
143,84
125,51
106,59
12,6
28,191
94,49
101,24
129,19
141,34
33,91
0,206
165,36
80,126
5,5
102,128
55,56
77,39
0,12
0,13
11,109
3,1
139,43
0,131
30,28
124,109
127,35
0,102
0,165
6,39
221,48
63,138
0,86
0,82
102,54
17,107
94,57
38,106
125,1
125,34
0,98
80,75
24,202
8,15
185,89
36,117
14,75
0,64
108,93
114,126
93,154
1,13
75,33
29,2
27,116
101,68
0,287
46,144
118,54
15,124
2,218
1,177
1,11
137,21
86,63
2,168
110,63
11,39
4,122
39,134
0,106
0,10
54,185
6,58
0,77
1,39
37,37
15,10
78,128
115,72
40,53
108,31
113,37
99,27
23,3
0,103
1,8
47,201
72,190
0,51
103,141
1,30
1,86
115,32
1,242
6,15
42,115
9,5
30,19
57,26
66,32
0,289
1,3
10,162
0,80
106,24
42,28
19,36
0,168
71,60
29,152
41,116
35,46
34,14
45,173
92,19
153,1
45,123
73,204
143,117
1,4
1,69
141,128
182,131
0,10
2,27
8,125
12,157
6,71
0,19
4,49
0,172
38,37
2,9
79,118
141,87
1,22
79,224
145,34
40,116
50,56
0,64
154,17
4,144
10,11
2,60
14,131
52,63
56,147
15,112
2,87
43,25
71,91
7,88
64,89
0,63
161,32
159,81
23,198
133,46
3,107
0,16
83,86
73,113
0,171
3,14
171,19
3,27
50,78
129,15
0,137
103,28
19,30
0,57
171,119
107,28
26,35
86,8
0,6
110,28
181,8
194,26
204,52
134,41
107,34
35,90
6,60
41,34
1,160
40,140
45,21
207,63
52,89
46,15
45,208
26,65
189,25
3,53
32,141
107,114
0,279
131,124
0,19
43,260
106,40
133,16
63,115
60,56
24,131
5,20
260,85
5,76
58,73
0,95
53,156
1,150
85,115
0,321
19,96
23,44
60,151
75,97
0,64
27,162
18,106
33,42
195,52
77,119
61,122
1,119
371,55
23,210
182,10
102,196
0,7
80,56
0,92
193,58
4,88
53,125
74,86
20,108
48,109
4,80
93,24
8,213
103,120
78,40
21,20
13,65
126,33
54,68
159,4
0,52
96,165
16,105
96,142
0,78
56,88
103,160
0,89
5,214
7,7
105,108
95,53
98,45
1,98
0,122
184,73
61,27
22,55
3,225
60,102
3,5
106,64
215,30
0,186
57,117
5,86
17,19
79,80
115,12
42,149
13,108
3,155
20,244
45,50
0,4
24,27
200,87
224,17
31,192
0,26
2,26
70,114
30,79
27,127
42,24
12,12
32,4
0,96
0,50
1,55
62,9
35,159
159,21
1,39
20,20
28,14
1,81
0,101
14,94
0,88
106,10
153,88
100,40
12,81
5,24
25,126
4,87
70,72
0,165
4,127
59,99
7,75
4,144
26,63
0,195
230,10
28,115
123,491
285,105
1,262
0,135
57,16
0,161
1,5
34,161
1,2
60,17
48,8
59,30
89,118
11,115
3,157
10,3
0,101
0,91
15,14
12,128
2,7
6,30
0,80
28,132
5,46
6,184
20,58
0,189
102,112
1,60
3,49
0,45
45,115
0,98
112,31
51,172
69,64
34,16
16,146
117,29
42,126
0,58
38,73
2,118
8,54
20,136
38,5
0,39
7,278
38,107
38,10
3,146
10,188
9,166
40,215
51,79
128,46
0,5
0,122
3,9
5,95
76,140
131,93
98,47
21,43
46,158
17,34
13,0
7,19
181,56
4,11
112,70
1,205
0,57
106,84
34,96
11,117
10,119
0,157
0,168
177,76
129,7
0,53
16,44
41,122
5,230
12,30
20,65
22,45
243,22
72,128
38,118
5,87
95,33
16,91
35,27
1,87
0,77
77,87
22,8
6,168
103,57
155,87
8,137
106,151
99,45
64,32
4,6
19,7
103,110
172,81
25,247
92,18
38,33
81,260
22,107
0,83
9,73
5,74
24,36
68,74
143,69
41,157
3,78
111,22
58,107
63,133
28,64
40,157
23,86
88,62
72,159
14,25
6,35
179,14
4,10
0,86
63,63
0,143
0,125
0,86
94,110
173,146
45,34
62,40
95,54
42,105
27,194
0,83
8,103
20,263
134,18
17,29
51,109
24,33
22,171
1,46
117,79
98,27
84,30
0,106
34,47
0,26
8,35
148,10
1,232
0,105
5,73
29,48
198,90
16,193
53,23
45,83
182,56
137,14
38,52
156,7
127,48
25,25
97,30
38,9
116,40
10,206
1,70
4,101
20,17
37,47
144,59
4,151
51,106
0,11
17,19
1,116
16,21
65,12
60,176
1,34
7,332
47,195
83,73
6,60
169,53
41,68
59,100
39,203
26,46
65,63
197,19
4,29
33,115
17,187
0,15
0,20
0,39
20,272
39,57
215,71
121,39
154,3
63,17
3,88
64,74
40,44
88,144
3,94
103,123
0,58
5,25
40,180
29,56
143,75
69,71
46,72
134,46
2,89
74,8
19,44
73,24
214,70
2,1
4,1
0,131
30,66
7,74
152,18
148,25
0,33
7,252
0,6
25,11
115,3
16,110
166,60
1,206
132,3
2,20
13,158
0,5
141,42
99,81
0,69
11,56
18,155
83,124
116,29
88,29
13,23
16,25
0,90
26,98
137,87
51,5
12,94
82,96
30,41
115,71
4,50
27,130
21,115
0,195
45,193
145,41
75,190
6,65
237,12
0,179
44,18
122,49
2,5
18,88
78,85
30,65
54,87
0,176
138,100
8,91
8,51
19,110
67,12
143,24
0,62
0,234
24,96
14,8
9,158
0,10
17,111
176,24
12,91
43,24
121,65
183,38
0,166
8,301
47,106
0,59
0,19
28,36
80,115
94,165
35,53
4,37
1,65
1,50
13,52
348,26
9,10
24,77
102,179
2,1
32,96
45,54
65,51
0,169
34,38
12,122
69,26
33,84
16,264
101,302
123,10
1,62
0,5
55,24
56,208
29,148
0,169
59,136
82,16
17,164
55,13
71,125
0,21
0,90
67,33
225,41
174,36
19,2
33,80
10,86
2,121
0,22
161,58
121,138
19,25
86,93
97,46
9,46
0,118
95,77
132,56
57,101
50,53
0,119
46,223
0,92
12,22
5,98
113,102
14,25
68,87
16,169
69,28
0,99
7,254
1,176
0,10
108,121
88,49
235,54
71,32
19,121
146,100
61,52
142,28
2,127
0,191
7,0
49,151
0,71
14,283
0,3
80,60
135,19
6,94
33,71
46,176
0,122
132,101
90,35
68,77
0,40
50,76
185,67
143,46
241,24
21,23
57,60
21,27
0,63
110,60
176,79
24,73
0,87
84,36
1,125
137,6
180,26
44,103
195,9
0,3
80,129
24,143
19,19
22,240
106,17
205,54
227,72
36,9
26,105
56,20
33,57
36,79
0,108
31,201
182,89
9,97
151,81
143,179
15,230
37,343
149,30
11,33
91,8
145,111
0,28
6,112
56,15
302,56
5,156
1,92
164,43
170,104
36,20
7,7
79,156
0,88
196,6
33,48
168,63
3,22
29,31
15,51
0,97
51,73
29,74
84,56
34,167
17,2
251,9
0,192
11,130
114,81
73,17
37,65
5,11
128,94
8,77
0,41
48,146
61,49
47,212
18,21
1,108
22,22
95,57
60,65
0,166
43,106
0,49
8,56
2,20
146,13
30,53
166,2
1,105
201,15
113,66
228,67
0,51
0,96
70,104
22,55
86,177
20,168
156,149
48,99
11,195
9,45
41,131
80,204
5,91
122,23
1,71
0,58
114,78
53,219
229,49
268,47
12,63
0,126
0,201
0,13
123,38
174,92
1,72
55,178
20,165
19,109
136,84
148,5
91,198
10,3
52,74
33,20
33,98
0,61
113,128
0,203
51,172
28,14
132,69
2,18
2,4
1,33
32,55
115,24
4,203
49,27
69,245
119,55
5,78
111,127
28,172
64,196
6,188
6,177
23,55
0,73
134,139
0,9
17,22
25,40
67,142
0,105
45,164
60,53
0,95
217,99
47,17
94,68
6,20
21,115
3,60
1,19
45,117
114,96
0,4
65,217
4,8
70,35
58,167
103,99
35,45
29,5
87,171
17,10
154,97
23,21
76,120
65,238
16,93
0,164
5,219
105,7
119,47
134,29
102,32
19,21
89,37
22,23
11,118
0,10
3,15
0,9
77,66
0,109
56,71
0,89
4,122
94,34
2,4
84,189
165,59
103,16
135,136
22,111
135,140
76,109
0,94
0,224
0,13
0,143
47,89
21,27
74,38
66,79
59,58
1,3
4,16
3,122
81,5
4,2
31,75
3,113
3,115
118,57
183,7
71,41
84,63
63,132
22,275
414,22
0,77
28,207
54,174
0,65
8,6
60,2
8,11
98,84
36,250
15,119
0,4
21,243
145,56
0,153
168,17
39,45
102,66
5,105
81,67
30,37
122,54
7,135
73,50
10,133
0,154
13,6
115,20
4,171
1,24
127,18
170,61
123,160
58,29
0,32
4,44
1,137
61,164
8,75
44,35
41,117
33,11
59,3
180,78
96,167
24,22
1,117
87,10
14,71
0,29
7,173
14,114
115,79
117,86
2,38
13,37
0,272
49,10
47,217
58,68
9,87
126,14
6,113
33,93
112,50
86,45
110,89
136,7
154,77
40,157
0,168
117,34
167,80
41,51
62,74
91,30
132,26
7,32
178,19
180,45
8,37
5,29
1,127
0,26
0,159
2,134
16,18
152,63
9,28
120,19
152,10
0,81
49,134
3,5
0,131
15,93
0,101
37,224
100,26
23,196
16,75
73,101
0,100
186,54
38,166
1,126
212,59
36,147
0,108
140,87
55,157
41,173
144,37
76,22
7,15
0,142
0,9
0,86
0,15
39,148
39,114
4,111
155,28
13,32
0,81
0,186
6,185
2,101
173,13
2,56
4,37
72,54
1,91
93,78
108,154
58,5
61,15
0,23
5,33
224,18
122,60
3,173
0,94
61,43
3,25
0,6
1,14
71,22
100,58
0,220
6,16
7,198
14,11
1,32
0,5
4,243
91,85
1,22
128,23
27,79
34,270
141,38
20,320
15,160
1,133
0,81
24,140
0,11
150,23
28,43
1,70
32,74
43,71
47,62
0,221
13,105
76,62
270,24
24,250
18,12
2,190
60,22
93,76
0,7
0,192
10,197
13,229
1,14
206,28
39,125
0,35
4,97
0,4
19,113
207,80
111,20
46,99
26,14
16,29
119,40
5,128
25,42
145,57
0,198
39,48
32,73
5,202
108,72
94,20
120,37
121,13
42,63
0,191
27,175
64,193
94,28
86,53
71,17
75,28
2,1
155,2
16,71
1,178
3,96
1,112
127,84
9,16
94,146
49,84
2,7
29,76
145,61
25,145
4,108
3,48
98,59
7,116
212,68
26,222
0,4
20,258
9,126
7,174
9,6
36,39
0,117
3,140
18,61
41,173
0,89
87,49
49,200
4,30
11,80
0,5
9,260
1,220
5,5
13,56
59,22
0,53
0,221
185,93
73,115
105,123
50,100
17,81
168,95
98,84
160,75
132,28
34,72
31,121
218,54
30,83
99,8
10,53
4,229
8,131
188,53
9,41
18,8
83,10
19,201
0,98
24,153
5,108
25,97
158,3
24,163
0,15
4,90
13,23
0,90
7,214
21,31
8,23
35,162
131,158
93,158
8,55
2,10
165,7
66,150
1,140
64,158
39,24
199,6
39,207
99,16
52,30
0,102
0,12
182,48
177,46
120,21
8,114
4,48
153,47
16,30
103,20
1,4
0,4
196,57
43,326
87,8
3,3
94,68
0,96
160,101
19,41
90,64
14,189
31,114
23,16
1,48
128,114
2,140
0,98
0,52
37,100
22,24
110,111
110,83
39,74
1,61
93,185
17,65
61,21
1,69
0,64
2,145
0,170
41,55
15,17
1,200
77,62
56,102
0,121
0,66
24,58
18,139
34,169
101,44
121,6
23,187
23,182
190,26
0,153
6,111
310,26
74,82
1,178
32,64
174,50
1,32
67,34
58,12
99,53
1,98
70,42
39,173
42,148
24,256
52,14
115,51
9,112
9,8
104,9
0,3
199,86
88,88
3,43
125,80
79,80
21,118
5,76
109,77
49,52
25,23
3,126
0,107
0,4
2,142
91,105
6,178
7,67
2,40
96,64
0,192
26,118
42,71
13,53
1,20
5,260
127,185
27,50
0,3
85,15
10,92
0,350
0,75
2,215
23,146
0,108
1,166
0,48
51,54
8,203
32,90
4,102
348,163
107,162
119,2
4,85
32,39
94,131
52,17
123,51
4,32
0,105
2,64
11,86
2,115
24,33
6,28
77,119
17,68
160,91
202,30
7,0
153,72
0,72
57,10
99,58
12,106
3,21
51,167
28,76
123,162
40,237
85,159
0,157
0,114
0,19
190,36
11,156
10,255
4,50
1,36
44,132
129,16
210,3
97,33
163,7
0,94
8,135
0,153
4,119
144,69
161,78
141,169
151,172
104,186
59,69
51,122
214,104
19,16
55,21
2,110
42,52
267,34
22,18
188,100
12,126
34,173
11,100
0,65
10,19
32,59
0,4
19,36
39,2
65,154
12,132
129,23
1,29
238,47
43,203
24,149
141,47
2,29
4,135
123,148
67,58
199,8
0,28
2,184
45,24
31,123
64,205
33,90
21,27
107,84
0,69
0,94
102,159
75,8
56,61
0,95
6,84
47,8
2,113
46,208
0,120
5,227
0,38
10,70
190,49
164,39
45,194
6,22
51,84
13,136
5,113
13,14
3,116
203,2
24,61
19,7
3,12
111,57
110,106
22,43
101,165
93,22
14,7
115,5
20,92
150,52
0,111
156,62
185,155
0,87
11,20
34,245
3,0
135,59
0,152
0,24
0,32
19,65
27,120
0,43
1,115
49,14
2,110
83,12
10,125
42,14
48,43
163,94
59,120
119,104
1,99
110,35
8,97
103,47
21,152
262,60
18,65
0,161
214,42
141,117
166,69
4,265
3,6
52,114
53,62
86,107
102,104
260,28
0,129
43,160
19,65
116,88
0,20
34,185
112,72
0,190
225,42
40,113
23,149
146,21
4,29
16,167
0,13
86,123
3,196
298,59
40,27
0,77
0,63
280,32
33,199
86,167
238,63
14,113
158,13
15,37
48,138
111,12
13,8
27,23
48,115
32,9
139,12
82,209
0,107
75,33
135,63
174,15
200,19
79,224
7,131
23,154
0,67
35,160
62,62
144,59
149,10
6,3
20,46
1,197
0,68
33,69
0,139
0,56
21,74
0,133
0,18
70,8
117,220
55,10
110,30
217,11
33,83
192,14
47,110
1,296
12,146
0,56
162,51
4,228
80,92
107,62
3,19
10,104
2,114
24,2
44,130
57,47
143,157
86,121
0,170
6,9
171,75
8,2
9,219
47,58
42,76
114,54
184,20
90,64
122,82
16,131
40,262
81,116
3,14
55,113
0,52
2,1
3,58
103,84
86,118
6,235
42,159
74,16
86,12
85,32
108,42
81,112
0,45
17,139
143,54
25,5
36,43
204,5
16,196
93,56
149,9
71,104
127,44
219,1
0,12
161,31
29,100
92,54
127,15
43,31
87,111
5,0
0,9
118,55
18,59
68,198
38,143
15,16
0,157
4,225
75,216
42,124
33,49
74,60
105,1
120,92
0,157
192,12
81,204
192,41
55,97
29,92
0,111
0,38
43,153
61,94
126,58
152,28
0,91
4,5
164,46
15,18
66,59
26,102
22,114
174,96
0,71
4,1
2,1
68,63
122,69
95,107
0,184
32,16
0,128
55,166
44,165
90,53
34,106
106,105
1,8
0,3
142,36
30,132
82,143
110,25
123,39
40,42
39,55
21,170
2,147
140,62
144,53
49,214
78,109
1,38
139,12
42,108
110,118
90,64
43,23
20,148
1,2
0,127
0,100
52,42
218,47
3,97
27,48
31,48
163,44
93,223
16,166
96,74
1,205
1,59
54,27
89,102
0,78
90,94
31,83
112,27
2,68
2,90
73,88
40,236
94,174
0,289
119,43
1,98
147,75
17,172
0,182
106,95
143,181
221,11
90,80
91,95
97,14
144,36
70,62
207,36
122,73
35,89
3,60
91,17
6,118
16,209
32,116
29,66
1,11
1,69
124,51
28,70
4,129
3,3
0,77
0,156
82,131
42,87
1,86
0,126
9,11
71,90
20,5
68,117
2,200
13,96
7,127
61,143
5,1
3,214
184,1
128,34
1,180
155,35
2,90
0,174
27,242
12,19
37,151
0,129
18,52
20,151
78,63
66,137
149,26
109,92
145,112
6,86
25,15
0,6
0,95
143,93
42,70
5,197
0,100
0,196
30,84
100,5
2,127
7,202
0,46
16,120
57,98
72,63
66,155
1,119
13,84
1,73
20,187
44,140
142,78
111,98
128,88
16,164
63,138
157,138
26,295
52,144
72,71
35,155
123,91
97,54
3,101
38,153
27,20
13,162
108,105
36,115
40,154
1,39
21,0
21,78
73,103
57,87
169,46
119,115
42,8
30,266
128,121
144,18
0,69
100,107
5,126
94,110
119,78
301,6
75,12
102,13
120,62
0,10
22,24
37,85
100,114
31,191
44,7
201,28
118,45
35,19
48,18
121,76
10,13
32,101
0,37
0,123
43,68
47,37
0,13
56,100
94,21
168,27
1,116
132,51
103,143
0,141
102,88
179,16
76,3
23,100
34,18
28,66
39,83
20,90
1,6
10,3
0,9
120,25
53,72
35,233
50,260
265,57
10,100
31,86
104,50
21,84
11,140
42,123
2,18
15,29
108,9
33,31
94,136
46,56
25,8
156,69
23,233
83,10
20,168
10,105
14,198
79,167
2,20
23,92
2,78
133,100
142,39
137,42
56,63
0,159
90,31
55,222
52,33
185,121
49,147
0,69
131,53
18,110
14,17
4,55
4,198
114,94
55,2
131,72
0,123
13,55
21,118
45,46
98,137
3,16
2,80
7,168
0,5
4,5
3,109
59,53
53,203
85,118
129,38
63,70
79,31
2,5
1,45
1,131
0,123
0,152
142,70
120,11
37,15
63,23
1,107
0,49
11,168
15,209
3,18
159,93
144,81
0,57
16,207
164,117
74,153
35,182
154,15
18,12
8,3
0,4
37,32
11,41
5,226
176,111
5,298
47,83
38,232
58,71
62,34
12,124
3,143
4,115
24,105
22,6
4,20
58,168
60,65
107,72
0,86
126,30
87,89
13,104
5,88
67,37
7,22
71,169
46,143
16,81
6,76
6,84
133,100
79,28
194,53
130,72
10,45
124,144
47,18
131,53
71,95
0,13
1,14
42,30
44,100
110,30
0,9
0,72
17,11
121,71
9,79
112,17
2,199
46,38
0,4
2,5
4,216
4,15
173,73
22,97
79,81
99,132
11,15
6,28
44,106
0,111
0,49
176,94
1,44
34,65
2,141
96,99
193,17
12,125
16,59
1,9
154,10
114,16
67,119
2,89
1,20
189,10
122,126
0,7
0,51
65,52
40,198
219,30
121,43
65,33
33,155
16,86
154,18
5,76
53,111
27,131
188,46
0,86
11,81
111,59
4,0
33,141
24,117
75,209
46,274
128,62
8,145
37,86
5,11
0,176
31,47
28,185
116,160
86,206
11,342
169,29
109,107
0,100
0,52
33,224
0,80
0,115
128,41
60,177
50,43
78,131
18,99
89,79
3,89
0,23
56,94
49,83
56,47
3,171
0,62
1,135
31,15
10,1
17,176
63,183
17,124
160,61
14,51
18,32
55,128
2,81
1,66
33,46
145,69
55,48
226,6
20,88
187,60
91,39
31,6
3,67
0,128
13,146
50,138
108,38
1,149
188,9
58,98
72,43
0,30
56,114
14,210
105,37
31,49
32,1
106,63
0,41
17,154
91,139
5,81
63,161
0,210
2,36
25,73
251,25
0,67
2,136
2,70
57,15
44,87
212,23
2,12
59,125
13,35
226,21
6,20
25,169
106,31
227,262
6,2
120,18
88,162
6,115
199,66
54,140
18,104
0,104
1,9
55,136
41,161
154,99
3,103
191,27
3,294
74,27
139,72
86,109
32,12
14,116
58,130
7,194
1,258
15,5
8,2
87,11
86,308
24,97
23,93
94,35
155,99
245,58
1,119
18,7
1,10
1,14
0,86
26,97
1,176
67,49
111,58
0,52
8,94
106,19
0,61
169,190
0,105
12,4
18,44
115,40
0,71
85,80
1,81
21,214
5,47
8,81
48,48
88,45
148,10
133,5
90,84
23,38
42,107
0,89
0,183
68,203
4,251
10,27
104,55
140,82
33,59
6,94
70,16
20,14
105,14
64,50
0,79
0,98
93,29
93,100
156,69
11,249
26,4
9,163
137,22
31,17
12,118
6,10
1,3
141,35
1,14
16,81
0,146
63,85
0,29
79,46
98,53
136,22
101,307
133,91
280,28
77,95
150,17
131,23
145,113
1,63
28,125
0,77
0,56
26,24
3,28
24,51
26,61
28,19
25,81
55,174
108,104
5,256
0,107
155,168
213,10
32,80
250,18
192,22
0,51
0,153
20,15
205,73
55,44
32,39
234,28
154,38
101,130
57,90
40,120
54,58
26,261
75,54
102,51
1,78
26,29
7,12
0,223
14,82
2,254
30,42
2,210
33,7
0,70
104,4
44,87
21,25
39,96
18,66
351,18
76,6
8,116
5,5
106,103
13,81
3,73
0,135
2,6
16,29
163,28
0,8
63,79
24,144
101,55
176,150
131,51
11,4
27,0
1,59
18,148
68,112
185,52
8,140
15,9
58,155
0,3
62,77
0,101
177,32
0,17
24,127
126,164
13,15
17,234
6,262
1,85
10,194
1,86
41,96
5,8
90,16
0,191
116,58
20,108
149,97
0,185
41,214
5,31
42,65
206,15
21,43
110,111
23,215
139,26
8,213
82,7
90,91
153,21
57,74
60,108
10,65
0,131
20,112
49,94
1,228
61,57
1,5
16,184
10,26
15,78
46,20
105,70
0,31
139,120
1,284
116,141
0,3
152,29
172,67
0,28
134,70
31,47
0,28
60,37
1,3
262,15
52,135
18,70
51,52
188,170
1,62
0,87
33,49
63,88
78,94
31,36
24,153
5,61
1,25
0,123
77,121
0,17
135,25
22,27
5,196
175,75
46,114
180,82
5,117
180,38
6,132
2,105
252,7
0,38
0,77
17,115
129,6
69,69
65,164
0,213
0,126
21,30
0,122
18,76
131,42
57,168
180,84
0,37
177,133
121,15
177,107
83,50
57,98
57,162
142,134
288,43
0,110
9,4
115,10
115,43
0,151
32,25
1,245
40,110
115,49
21,50
0,118
85,73
10,224
16,269
66,107
204,44
7,180
57,64
58,148
0,134
169,22
0,28
38,80
40,242
147,91
95,16
104,94
159,4
11,202
1,11
18,228
0,4
31,41
1,26
2,119
4,0
69,131
0,54
4,134
75,16
72,149
73,142
0,189
102,70
7,226
1,111
112,17
130,40
107,83
153,93
24,179
32,37
267,46
20,58
40,8
191,11
1,164
98,52
4,9
2,191
127,49
30,166
7,25
94,31
15,80
110,43
114,71
0,132
158,6
237,54
78,82
3,95
0,156
0,67
3,8
13,48
28,70
92,19
4,5
219,65
236,16
191,47
18,80
122,26
14,11
74,91
79,272
18,37
6,203
1,81
112,13
10,42
56,83
60,138
49,55
12,19
4,184
0,20
0,5
182,63
3,137
23,72
14,22
0,99
7,70
15,6
0,74
12,77
2,250
0,8
60,143
99,110
39,44
0,11
93,36
2,167
8,7
8,205
38,53
68,12
105,16
55,67
41,130
13,50
0,36
51,4
4,103
72,14
0,32
50,70
19,16
25,115
28,94
304,23
42,221
76,24
97,50
12,263
109,54
3,92
0,25
43,214
0,96
0,148
65,147
14,11
46,60
63,34
18,219
33,98
0,224
14,77
34,90
71,159
4,132
17,8
227,13
6,25
1,119
13,43
103,8
7,20
30,95
13,19
1,61
78,180
0,68
100,43
67,86
66,103
16,128
43,24
215,41
23,61
16,108
23,112
2,66
19,212
4,10
138,21
20,40
23,5
13,7
121,86
290,23
23,37
61,40
12,125
11,58
68,2
27,120
72,128
31,100
319,30
1,129
132,15
23,207
78,226
15,180
1,172
71,108
62,76
123,169
0,90
11,115
82,63
0,3
0,127
119,80
56,123
213,34
32,136
237,46
77,91
88,78
2,138
3,21
51,98
143,20
0,158
1,98
64,45
9,4
12,205
5,175
110,16
15,68
166,127
8,25
73,125
42,17
15,38
0,161
14,272
57,115
62,105
0,75
113,115
0,93
85,129
169,27
97,49
259,17
6,108
52,152
0,227
4,183
0,9
146,75
2,69
88,142
120,10
6,210
1,174
143,131
1,38
35,105
0,172
25,53
28,106
86,12
1,152
13,123
80,162
173,75
31,158
24,104
112,18
30,59
91,178
49,133
136,151
100,93
106,46
99,122
99,22
0,142
311,7
32,87
67,134
196,48
85,101
67,98
3,132
130,44
10,88
3,105
64,79
0,8
29,69
15,225
201,20
0,181
23,262
14,150
0,4
71,22
7,102
0,34
13,178
26,315
0,73
173,32
147,86
32,10
82,152
118,10
9,164
0,85
148,6
66,35
21,8
13,313
1,63
49,9
198,72
7,226
164,9
0,112
24,159
44,57
101,89
38,121
1,86
1,129
135,53
0,98
16,87
3,2
152,102
17,87
100,24
8,4
9,60
10,24
39,34
27,248
21,10
109,26
36,201
0,90
193,49
28,217
15,217
0,13
92,142
185,133
14,127
112,85
88,6
2,56
50,104
147,159
0,7
0,54
12,59
1,7
32,258
6,104
77,16
152,29
3,67
177,69
5,140
66,135
0,45
198,17
0,8
40,104
3,44
1,36
16,25
16,12
54,114
0,55
0,43
135,48
175,24
238,55
6,10
1,58
113,68
9,76
0,253
132,108
0,121
243,23
119,148
0,103
10,171
6,193
9,96
183,17
36,263
71,22
0,165
0,15
82,44
1,175
186,33
26,87
67,74
168,98
0,82
198,61
1,113
7,107
2,4
33,227
43,104
41,88
0,87
143,126
34,91
26,77
17,23
104,31
34,93
21,170
25,63
4,115
52,252
49,39
4,104
0,84
133,50
2,120
154,80
2,2
11,125
9,11
1,123
120,89
16,217
33,17
11,79
86,20
79,36
0,58
219,57
5,136
8,97
4,144
153,28
4,4
145,78
43,223
43,148
23,97
29,92
35,58
55,6
6,216
123,37
0,213
3,5
4,23
152,188
134,73
108,35
52,51
0,57
0,209
188,95
2,193
14,55
34,247
59,30
4,102
106,45
103,101
49,41
2,161
157,74
75,71
194,69
215,24
97,67
1,152
110,129
122,76
1,98
0,140
1,91
103,64
100,118
12,172
19,2
269,15
12,35
47,78
13,75
0,30
0,3
43,86
116,10
66,47
41,70
111,139
114,168
2,69
79,42
37,66
1,75
0,21
28,19
26,28
0,156
151,40
47,185
1,36
199,64
14,6
64,239
2,28
60,27
250,2
4,35
14,66
59,202
32,107
43,36
0,39
92,101
111,136
8,71
66,156
1,210
0,227
127,61
25,66
9,135
2,56
14,20
1,8
204,70
8,6
0,80
11,122
112,128
1,32
7,257
5,217
14,2
86,74
3,34
43,79
87,53
157,76
276,2
44,158
8,115
3,76
223,54
80,87
144,30
169,36
6,52
58,12
30,7
85,48
75,239
111,18
93,96
0,65
132,155
0,126
18,45
26,118
110,99
0,37
54,165
58,49
67,62
7,45
0,26
115,20
73,90
89,109
74,70
57,44
98,28
140,53
22,109
33,119
14,18
45,135
0,217
50,7
74,94
59,250
101,30
129,3
92,80
0,104
15,79
2,70
62,122
111,156
15,193
1,157
1,15
22,95
93,120
0,166
74,300
187,52
4,17
60,65
11,141
146,18
15,132
136,42
1,117
134,59
69,45
2,68
25,143
130,12
17,5
21,33
73,123
0,58
15,231
0,177
45,23
44,34
132,34
70,25
93,81
6,39
26,57
2,83
34,164
7,50
133,114
67,42
0,22
55,75
156,121
47,52
14,20
153,37
46,165
57,117
53,50
14,142
45,62
20,139
114,135
143,91
159,50
77,83
169,50
128,74
2,132
0,14
65,60
3,8
3,8
6,216
72,81
8,31
40,160
0,90
147,7
0,142
4,213
11,51
45,49
150,70
23,23
100,73
107,21
128,20
120,32
14,13
0,75
29,31
75,4
121,59
22,24
0,107
12,92
77,17
2,157
131,19
0,14
30,36
3,20
104,90
148,80
0,19
224,77
188,44
8,3
150,28
26,70
43,49
4,136
1,91
144,88
50,34
96,139
14,48
106,90
3,102
141,79
156,41
0,73
1,27
237,58
60,132
4,46
72,173
33,147
13,163
37,115
87,81
5,17
144,10
12,145
47,58
136,9
80,90
22,97
0,129
2,110
158,54
235,22
31,22
0,62
32,103
6,4
136,74
0,180
49,126
3,112
106,48
6,6
167,20
50,45
91,110
248,3
0,95
0,70
47,38
3,5
0,8
79,167
3,57
63,160
120,132
27,194
0,388
34,317
0,272
17,22
197,143
241,53
83,31
131,154
8,2
168,62
19,255
65,1
102,117
95,44
14,66
18,15
88,152
101,16
61,72
13,119
19,27
53,102
8,170
65,38
2,110
48,80
22,50
11,73
2,119
149,9
16,129
245,14
0,105
17,44
91,158
1,69
31,166
4,99
70,167
14,178
0,149
38,30
0,95
1,196
156,74
170,72
2,2
59,43
36,98
39,65
152,27
27,177
92,54
30,155
54,87
37,73
60,26
81,16
60,77
1,11
18,198
105,32
37,98
153,18
144,114
30,67
1,190
9,28
90,90
1,196
0,18
169,30
0,79
119,28
47,165
4,175
105,3
72,58
37,238
14,218
51,27
16,86
7,175
45,157
181,28
23,32
0,62
4,4
32,158
0,19
105,153
6,47
155,13
1,194
51,31
12,297
22,77
23,151
135,98
73,40
19,117
35,32
100,36
3,15
5,79
107,109
9,30
120,187
0,9
29,38
147,15
70,79
3,5
1,140
62,49
0,41
177,15
0,53
72,92
47,144
1,43
10,43
218,35
38,4
174,30
190,51
13,97
54,74
0,121
126,137
0,115
60,47
84,60
0,181
72,78
6,37
0,137
56,48
77,48
13,158
10,111
25,18
47,82
2,95
34,199
0,101
89,82
1,25
29,28
1,46
4,85
2,10
89,53
43,131
92,168
12,3
89,160
111,106
0,148
78,87
68,50
0,115
4,99
3,229
137,247
19,317
4,160
4,80
7,44
0,188
22,34
83,83
13,62
13,113
8,72
144,94
162,37
89,50
10,101
49,21
120,39
4,203
68,107
1,12
0,29
43,72
42,57
23,162
4,99
0,138
185,38
75,13
4,85
132,115
0,10
130,113
0,16
0,87
62,55
72,45
0,225
18,178
10,20
125,94
36,53
38,19
27,143
70,38
7,312
47,103
14,148
8,158
17,189
0,111
88,129
7,33
50,67
174,134
1,2
53,131
52,116
38,16
82,34
9,71
152,88
3,68
78,188
3,51
215,36
14,73
26,156
48,116
219,55
5,76
152,49
0,24
1,28
38,8
10,177
67,189
160,1
42,48
7,2
131,48
4,18
127,53
16,80
104,22
34,239
102,25
11,82
252,7
11,170
56,103
22,6
10,34
57,184
72,31
29,124
40,256
6,105
129,4
0,178
67,44
66,161
87,202
1,149
128,55
55,118
18,146
0,108
15,129
340,7
10,150
0,140
1,85
12,262
0,83
50,58
91,128
110,18
0,3
7,246
19,52
23,157
26,89
1,4
244,16
0,10
73,38
41,42
1,3
143,51
0,5
28,71
0,21
0,204
2,101
20,164
164,147
0,118
24,106
19,38
12,134
0,27
96,106
61,12
192,111
38,63
0,129
91,148
0,133
1,34
9,23
182,19
58,76
22,11
54,63
36,60
2,102
138,113
39,63
141,1
7,91
101,34
0,146
0,176
0,157
0,133
3,15
18,119
86,130
69,174
19,54
0,123
0,4
27,51
103,8
3,155
68,103
1,17
15,28
131,21
0,90
2,31
80,51
2,150
184,66
0,148
0,157
77,97
29,109
22,310
37,41
1,194
0,5
180,48
197,81
53,163
1,29
120,12
1,114
95,31
0,81
0,3
76,95
143,126
72,127
7,132
1,64
2,1
83,144
55,39
6,2
39,47
74,25
42,43
7,200
144,49
186,46
1,145
6,21
0,217
3,165
68,73
79,9
82,97
10,92
25,88
4,210
22,111
112,32
0,25
164,103
0,128
10,54
3,12
1,73
0,10
117,59
100,129
17,98
55,171
21,100
9,113
65,124
3,235
51,88
0,83
0,101
98,6
62,43
43,168
24,61
80,14
2,194
8,138
123,13
136,93
94,16
18,8
3,84
104,27
8,21
203,9
147,248
91,174
4,109
33,168
63,127
34,165
5,19
0,99
0,205
181,51
28,245
22,151
151,23
118,55
136,15
121,138
107,56
74,43
0,108
114,13
2,53
130,64
185,72
137,69
65,112
22,88
152,35
30,19
189,114
3,199
77,63
140,46
112,50
0,115
14,101
121,86
32,187
6,143
128,117
5,151
149,16
82,6
3,1
85,110
0,53
66,168
100,39
125,291
172,18
25,39
51,127
65,97
134,81
156,73
75,15
127,46
10,20
16,197
2,119
131,21
72,107
45,20
22,39
0,153
3,59
25,10
14,14
1,75
59,166
161,59
0,6
56,119
1,267
0,102
71,50
15,128
0,168
182,90
0,15
66,1
97,65
28,158
63,43
119,21
78,14
0,3
15,287
119,16
129,11
121,32
88,161
24,11
40,59
3,141
0,52
38,165
203,72
30,126
0,88
123,30
42,259
66,173
46,100
61,64
1,89
0,18
3,135
10,80
89,10
44,35
195,4
226,39
40,220
0,88
151,30
79,16
8,214
46,148
27,70
94,117
44,26
2,147
48,134
233,53
67,18
149,29
0,172
29,186
5,82
137,51
65,26
61,59
3,55
64,42
104,36
13,80
228,105
217,19
50,52
157,22
38,231
15,129
49,216
3,227
0,175
2,18
58,77
36,143
34,192
1,98
148,72
33,99
117,27
61,123
81,160
23,137
30,92
259,13
0,158
159,66
42,198
1,107
9,253
66,89
0,275
36,175
92,25
32,80
0,259
95,89
11,5
1,81
28,25
22,14
66,89
9,100
0,70
5,222
18,116
17,135
7,55
338,43
54,102
6,84
2,61
11,35
0,190
0,93
39,4
19,57
63,19
3,10
0,53
33,69
120,127
7,4
0,3
11,66
72,51
7,87
63,153
38,97
71,164
0,120
76,37
37,14
5,236
0,4
6,113
6,136
61,143
18,64
24,273
281,12
0,106
3,132
0,104
72,2
0,95
40,120
1,91
50,45
81,122
46,86
163,40
35,82
0,108
0,149
18,35
26,25
20,132
4,75
5,42
180,40
103,98
4,35
28,75
39,271
181,47
117,6
18,6
132,110
136,57
32,69
61,86
150,240
125,109
51,50
14,101
5,60
38,50
209,20
22,214
37,246
180,22
191,77
132,42
8,111
53,174
44,122
0,53
107,42
15,88
17,34
46,5
128,32
62,110
218,102
10,106
0,117
1,5
0,108
5,121
24,170
0,29
79,115
11,23
104,198
5,150
66,213
153,88
0,102
19,19
41,72
1,123
155,40
6,92
141,25
0,8
52,84
0,190
1,2
0,15
74,93
51,148
6,95
0,105
41,14
0,108
0,252
1,197
78,140
190,74
125,32
122,85
0,112
77,60
0,189
0,111
8,97
154,79
119,47
92,30
2,204
161,41
98,50
46,91
0,157
3,56
27,191
164,25
6,70
120,16
0,86
10,194
81,75
35,32
140,90
40,7
0,209
7,0
41,136
0,73
0,66
2,3
1,73
1,84
158,44
0,155
102,155
39,93
164,75
107,132
57,171
76,173
0,96
1,117
14,199
95,77
113,53
46,36
6,14
11,33
113,187
1,184
0,13
70,119
39,168
101,116
6,32
7,103
87,7
207,32
45,228
0,236
136,11
0,112
128,13
5,59
0,51
0,90
0,112
33,138
19,8
156,3
0,142
34,1
30,51
97,102
214,51
7,231
43,93
25,16
20,94
93,30
0,150
22,3
17,100
45,90
142,36
0,7
84,121
31,72
50,19
54,37
103,3
45,97
2,17
31,10
0,82
104,12
98,153
15,61
67,89
11,82
47,74
17,85
0,54
99,20
117,42
3,119
10,86
2,89
99,108
178,250
86,92
193,53
122,38
56,25
0,28
2,28
4,85
15,109
16,115
14,143
127,81
0,63
234,31
1,63
58,13
2,5
25,84
114,30
18,32
94,23
142,21
90,57
191,39
18,5
35,131
32,144
41,67
167,57
21,18
7,92
52,11
154,25
0,109
136,8
39,70
30,30
0,112
0,32
48,33
99,166
42,38
11,7
65,139
45,46
36,38
5,5
57,26
13,219
71,29
2,67
115,18
0,79
33,124
22,41
22,168
51,55
128,267
11,91
177,8
146,31
128,20
42,12
287,62
98,163
13,148
188,32
0,120
22,82
0,136
97,149
0,143
36,46
2,22
58,27
0,223
87,56
55,168
7,60
235,29
14,91
0,115
4,138
65,193
2,362
49,122
11,7
179,187
107,19
169,50
15,65
14,29
1,298
0,56
13,123
89,90
0,219
169,33
44,197
3,58
0,33
35,101
63,19
0,101
185,14
102,82
8,134
0,105
116,75
34,131
69,146
44,209
37,254
33,156
44,23
243,22
15,6
10,57
89,128
4,206
30,79
6,54
34,78
101,105
51,1
135,14
60,35
85,92
1,16
75,65
0,161
9,37
94,35
37,86
21,86
32,124
5,141
0,19
60,21
56,57
46,125
0,94
60,34
94,82
4,89
37,233
256,28
4,117
71,168
226,47
7,5
0,41
33,87
0,3
4,1
1,40
104,16
86,85
29,185
9,5
66,42
20,203
0,124
45,98
8,196
174,86
3,232
110,104
47,135
15,118
56,49
48,15
9,4
133,46
4,23
0,87
47,245
34,98
123,38
116,146
23,46
9,80
119,37
28,146
0,86
10,96
8,187
94,15
14,157
2,275
90,152
103,68
111,94
50,217
155,47
7,0
0,120
95,34
0,248
52,13
11,5
174,13
0,9
10,9
19,9
18,165
82,164
79,157
0,25
96,23
19,57
2,84
4,44
39,184
50,164
22,225
11,119
3,183
55,58
34,188
4,64
78,42
0,135
0,68
174,56
12,1
145,86
0,100
23,79
65,158
175,94
36,52
66,140
76,12
27,44
61,21
38,79
10,170
1,119
2,113
1,24
1,170
138,80
41,17
53,114
0,215
204,87
19,85
68,30
55,174
0,327
46,136
1,139
93,6
95,39
45,57
49,92
167,59
2,68
0,100
6,183
5,88
105,20
0,151
0,136
72,39
0,172
103,8
77,51
72,18
0,4
44,23
207,145
100,1
61,84
148,61
0,17
81,188
114,63
28,168
74,122
5,181
1,68
2,27
106,76
49,97
0,34
1,40
0,59
114,52
1,201
2,220
120,30
55,15
6,223
2,178
0,53
2,142
208,98
78,66
74,69
32,136
64,48
39,118
113,6
11,208
70,67
80,112
23,43
5,13
57,47
0,87
38,100
0,117
515,12
39,89
19,69
112,157
52,15
98,136
31,17
3,95
121,14
7,99
7,92
2,40
18,91
33,80
30,69
86,15
0,22
264,70
7,57
0,25
26,197
18,132
28,27
88,84
128,118
0,214
21,69
227,6
48,156
149,43
154,16
98,95
2,133
198,61
82,144
0,15
166,27
4,181
49,57
19,155
0,186
9,68
69,65
50,29
84,114
52,24
53,261
0,86
58,116
86,56
1,186
9,217
55,147
7,169
20,199
160,11
0,3
109,35
85,10
8,121
6,370
174,95
15,91
6,147
8,59
11,98
17,146
7,86
141,41
125,18
1,13
74,27
244,13
142,11
71,153
10,45
95,170
92,117
87,146
36,27
42,188
1,156
16,218
25,240
49,202
0,36
4,34
35,79
18,7
26,48
0,10
118,80
168,86
1,125
143,25
54,141
22,144
198,72
30,222
230,33
0,46
91,283
236,15
67,107
0,79
0,22
118,14
11,111
171,4
0,243
0,13
85,29
0,151
0,89
6,12
6,219
9,53
1,41
106,30
141,65
29,192
0,133
7,93
1,62
15,8
192,53
30,11
52,7
29,123
48,186
72,136
0,8
5,71
0,259
103,172
177,46
99,127
153,6
130,76
92,84
15,91
110,48
1,81
0,57
96,168
1,52
128,29
0,156
0,29
15,146
23,143
28,125
7,41
4,148
38,148
1,201
1,36
38,170
133,23
140,147
59,5
110,66
4,95
18,198
16,100
119,66
3,66
19,26
123,121
130,79
30,204
60,72
50,40
34,91
51,166
0,70
155,18
17,13
93,58
8,4
176,41
84,154
31,264
5,29
2,155
0,94
134,58
45,146
82,93
0,22
131,117
59,9
48,110
14,66
37,95
27,11
140,6
113,183
0,95
0,48
79,113
105,28
109,148
0,217
127,26
126,6
74,91
128,67
13,198
1,80
8,252
30,31
196,27
158,32
126,34
24,181
86,7
0,57
7,11
246,12
81,149
10,237
43,74
0,31
35,32
44,145
17,168
67,64
217,166
96,57
49,21
20,33
139,31
42,61
62,42
5,12
0,111
2,81
42,208
28,109
77,108
37,230
66,36
0,146
20,163
150,9
28,24
224,18
144,16
9,101
0,82
164,73
28,11
20,141
9,20
61,56
179,45
232,43
5,153
20,67
61,121
17,125
6,59
102,25
34,27
2,130
6,54
33,96
0,9
57,95
25,275
19,88
0,45
99,115
200,50
119,81
57,87
3,69
21,209
0,118
190,12
91,160
0,20
78,30
42,65
7,154
167,23
28,153
22,81
140,55
23,114
16,24
224,16
146,67
228,124
19,9
12,46
59,72
26,80
2,159
28,174
1,56
51,10
133,101
7,12
14,171
79,72
0,287
2,164
3,122
6,38
13,67
0,23
92,112
45,31
56,137
40,25
5,1
2,17
101,12
1,56
0,78
69,103
4,19
5,5
71,107
10,150
119,163
190,149
0,3
2,184
10,35
181,16
13,152
0,145
0,59
49,189
78,114
72,34
165,38
0,163
29,60
0,48
0,69
86,88
27,90
130,21
80,114
18,142
269,48
119,67
15,11
22,5
0,26
11,110
0,75
134,40
0,24
147,6
139,70
0,7
0,197
0,38
147,38
105,33
242,28
1,2
20,46
98,12
61,24
15,198
177,90
12,9
1,102
132,61
116,55
40,223
53,119
130,82
1,14
25,38
32,193
1,17
48,59
10,6
10,169
0,124
187,93
136,39
45,155
141,66
4,13
233,54
0,122
155,143
3,140
9,153
3,37
4,255
97,43
93,226
17,45
29,130
44,240
142,47
201,33
48,5
21,91
0,7
163,25
41,8
30,37
75,64
72,7
45,131
152,53
14,72
3,96
16,118
141,50
6,148
123,2
87,9
102,44
16,137
67,47
1,5
63,121
148,74
26,49
0,101
1,32
151,40
34,91
87,245
6,9
65,24
87,35
1,158
0,105
32,53
1,82
108,50
94,13
15,46
78,37
0,54
167,88
64,39
101,189
41,121
0,273
1,120
6,73
17,181
26,147
123,27
41,134
1,162
26,54
72,88
92,92
9,146
81,109
22,65
22,97
189,41
134,23
216,12
407,1
40,226
96,76
48,111
98,49
111,52
39,107
166,64
81,72
97,80
3,120
13,191
132,68
2,104
64,141
12,1
21,236
2,161
81,45
168,53
3,5
124,78
128,89
0,32
7,88
283,25
26,22
95,33
1,23
162,26
67,177
6,99
33,17
172,64
0,6
33,169
8,201
28,79
5,220
27,65
24,75
4,32
0,55
0,60
1,6
64,190
60,74
58,131
29,12
25,189
7,69
41,33
55,120
36,91
58,113
0,62
3,176
5,31
122,93
0,65
228,83
0,80
88,59
37,12
67,33
77,85
48,170
0,76
0,82
144,65
150,62
77,49
13,52
34,23
54,10
3,136
108,131
24,16
12,24
38,47
97,109
8,22
0,207
5,160
8,183
143,65
100,141
10,81
32,108
130,57
21,109
99,82
112,43
3,179
0,173
140,106
0,8
62,187
144,21
41,137
1,102
214,24
0,74
54,2
164,48
0,32
27,15
3,79
118,8
30,165
65,33
0,108
58,56
61,103
6,307
0,42
24,180
96,41
0,54
82,21
80,67
1,91
55,56
149,39
4,120
2,329
42,34
22,111
176,140
168,35
0,119
1,90
213,45
0,33
24,182
2,22
183,85
61,146
43,40
4,165
163,26
1,124
72,157
122,5
0,128
145,2
92,25
220,15
42,26
37,67
29,23
0,20
36,110
19,57
30,6
201,23
57,51
70,42
96,85
86,21
136,27
1,103
57,21
176,115
138,54
29,91
27,183
32,111
33,102
12,85
18,211
65,126
1,76
4,217
9,56
0,205
130,19
15,111
16,214
114,27
52,80
132,89
100,52
1,153
93,15
166,81
8,114
4,40
175,153
3,104
63,59
145,32
0,124
42,53
83,11
13,36
0,125
17,416
0,186
1,17
31,241
106,53
15,26
100,66
151,52
41,20
8,102
123,34
14,139
0,101
38,15
28,84
0,84
39,16
41,31
176,128
1,180
93,165
56,216
31,65
63,224
4,167
59,24
17,212
9,22
105,28
96,24
19,18
96,52
0,85
121,94
95,130
70,76
39,197
84,75
0,7
38,93
30,46
165,75
311,66
118,123
246,44
12,196
40,19
167,131
10,127
0,37
73,71
144,18
12,38
1,8
11,39
17,73
1,151
79,43
58,78
16,169
147,43
142,49
221,8
0,187
6,87
0,159
54,29
0,91
1,2
0,247
94,106
151,13
120,53
4,102
0,112
178,91
17,114
34,30
165,30
7,184
38,58
16,78
86,100
0,53
132,39
26,145
12,251
0,4
2,104
0,12
0,120
5,2
93,100
177,23
10,63
15,121
115,162
0,65
202,68
45,93
37,111
150,11
65,74
19,6
0,147
41,45
6,75
41,3
113,150
85,45
33,235
155,79
145,117
0,109
216,77
50,66
40,49
15,194
7,108
0,63
1,4
26,5
24,21
33,24
3,38
22,14
65,112
162,108
20,74
0,63
0,43
25,198
0,15
5,119
42,42
146,33
0,52
123,86
84,19
125,43
100,14
89,114
0,3
1,374
3,110
37,166
4,103
88,44
24,122
70,126
2,234
4,172
0,11
95,30
27,127
55,47
1,5
13,72
1,2
14,168
10,103
5,133
0,3
129,8
191,57
31,15
152,10
48,13
105,140
10,165
0,97
18,126
9,301
108,107
77,0
0,7
0,5
277,3
109,60
56,101
1,170
83,93
184,66
17,53
0,152
65,166
1,79
142,24
71,82
0,138
26,65
0,39
67,93
126,24
134,9
4,73
60,304
1,164
1,99
2,156
6,117
6,20
0,210
13,183
110,104
20,175
11,80
1,26
16,144
0,14
36,88
4,92
78,249
5,244
61,42
2,5
65,29
107,17
15,109
100,25
83,60
135,200
75,208
110,164
319,64
91,87
146,21
11,5
0,28
7,124
1,3
77,30
0,34
172,62
13,125
4,242
12,123
70,162
0,4
61,115
0,11
0,109
33,11
91,50
184,57
131,96
181,7
59,38
165,11
0,65
61,128
0,16
40,94
210,35
151,121
208,11
0,146
85,30
62,95
75,28
1,96
48,132
83,55
34,275
33,221
9,99
5,122
75,83
37,13
26,130
74,61
62,120
65,218
100,84
92,57
44,7
10,173
0,166
75,150
0,54
115,207
115,42
1,87
92,5
55,45
13,139
142,85
4,88
0,133
48,49
42,190
120,27
153,26
121,15
51,177
16,88
71,112
53,104
39,26
0,158
80,44
84,29
0,165
0,93
25,42
0,349
96,30
3,119
84,114
6,217
3,86
168,22
1,76
50,172
92,178
40,4
0,122
129,148
11,176
3,80
0,7
184,28
10,30
0,5
72,116
303,6
220,47
135,52
39,89
0,64
34,38
1,197
104,29
6,111
112,104
7,167
1,70
19,204
121,72
23,62
0,87
130,13
124,32
0,32
8,173
37,143
6,11
15,104
2,116
150,45
1,34
33,14
24,21
115,28
40,88
2,123
23,15
12,48
72,11
29,136
97,21
58,74
4,70
29,42
205,110
47,40
33,147
41,193
6,97
53,28
60,132
101,10
257,52
79,5
7,217
104,46
8,117
2,50
80,23
28,101
67,123
32,187
28,14
6,83
2,9
9,179
6,10
60,67
331,17
42,51
58,41
51,123
0,112
4,88
175,464
103,151
228,7
103,47
15,101
17,25
30,127
115,99
6,89
17,99
43,47
15,40
63,151
135,57
2,80
13,110
25,42
4,21
16,72
164,51
0,26
75,88
4,2
9,83
2,34
0,187
9,190
13,12
70,24
88,40
137,13
0,16
142,23
83,52
49,209
0,63
138,8
2,264
132,62
0,121
12,184
118,51
232,7
9,36
123,27
25,174
58,223
3,3
105,97
51,141
28,220
28,144
9,79
100,32
147,18
244,21
3,111
1,80
2,74
0,69
2,61
62,120
38,112
162,172
61,31
21,39
61,98
4,113
4,71
0,144
65,39
5,22
4,220
105,91
93,30
25,52
33,116
53,152
44,20
12,146
29,188
104,79
207,83
74,160
0,121
24,183
0,17
121,43
46,164
13,72
11,119
1,82
0,50
42,164
25,71
15,15
63,16
1,99
12,10
125,22
0,86
0,22
1,23
211,61
51,212
0,14
83,160
1,73
0,85
0,66
107,80
115,168
51,115
91,117
0,187
3,199
0,5
1,22
3,181
2,137
5,36
9,133
7,194
65,46
25,110
55,158
176,19
30,43
54,33
102,47
0,13
10,221
3,46
11,269
15,78
34,162
47,181
0,250
154,56
190,51
95,8
0,104
110,150
62,125
12,142
23,116
28,49
0,3
1,37
42,96
35,67
0,17
1,2
12,141
51,73
96,11
220,10
156,32
0,114
123,45
0,89
2,312
43,36
51,111
17,108
15,55
26,24
1,139
32,195
67,86
228,87
3,69
15,121
106,85
0,76
1,21
0,222
169,73
74,82
35,107
24,227
2,111
14,28
5,37
122,25
29,197
1,188
24,116
7,12
13,184
137,4
207,139
46,17
82,4
231,86
80,77
212,58
1,131
18,48
29,33
155,108
74,64
142,53
11,139
102,57
3,175
13,21
62,38
98,61
173,2
0,43
4,32
41,81
20,125
4,45
18,41
4,47
0,11
155,62
0,107
51,288
97,42
55,113
6,290
134,87
42,85
8,206
0,95
8,53
2,72
27,70
38,44
0,31
97,93
160,21
9,80
14,192
160,28
4,93
185,49
11,138
5,61
26,36
26,88
12,64
156,42
3,145
22,19
104,47
0,60
133,14
2,72
302,38
0,88
124,8
26,241
138,129
0,103
90,9
3,143
46,57
0,160
29,79
3,2
10,1
83,67
30,309
105,14
3,3
95,17
99,22
95,202
0,64
17,170
0,65
68,129
0,68
11,12
14,131
0,27
13,177
67,256
32,31
1,221
4,121
107,94
5,50
20,157
146,76
129,13
32,38
128,16
5,113
93,124
12,221
3,98
1,100
39,247
52,109
251,1
177,266
336,6
63,61
204,184
83,23
192,12
71,316
46,140
113,15
23,7
0,70
2,3
43,83
186,135
256,30
127,28
1,46
181,102
0,120
6,17
2,2
142,134
0,167
45,12
219,17
3,138
176,120
175,64
50,39
89,56
86,21
82,75
62,195
10,157
111,90
3,80
129,32
2,59
218,29
0,131
44,127
51,59
0,47
26,109
52,165
22,133
150,257
5,32
42,56
137,87
69,9
4,119
21,70
0,9
0,25
0,16
1,36
89,27
63,153
0,3
3,121
20,52
3,176
22,96
3,85
85,147
6,43
11,139
146,108
16,24
56,85
2,103
149,69
90,31
0,107
17,45
20,155
8,212
2,91
6,196
112,56
12,99
26,106
11,180
9,163
28,155
47,91
15,212
46,3
0,61
138,90
1,113
0,96
164,56
100,113
7,128
5,5
0,5
175,6
15,8
2,118
16,244
117,44
3,105
26,75
103,30
6,9
76,85
32,58
169,16
1,189
47,13
79,39
60,148
64,100
34,191
2,194
57,44
74,17
2,142
127,123
16,102
11,3
84,124
35,156
0,80
9,69
23,33
34,174
115,48
4,256
125,61
88,75
1,77
10,154
116,82
0,102
0,3
27,94
0,68
105,103
55,153
133,52
68,129
2,26
151,114
67,68
144,87
118,14
0,99
1,135
0,286
53,74
34,10
0,93
191,71
64,122
0,151
1,104
0,83
167,48
137,123
8,80
155,8
1,108
115,24
82,90
0,36
151,65
68,74
74,54
124,49
41,11
63,23
48,138
108,217
15,76
4,44
1,2
36,39
81,19
191,64
13,106
142,46
8,232
17,92
0,197
10,11
40,53
0,85
20,203
119,107
72,151
11,57
84,29
30,102
9,90
0,275
172,17
36,18
17,138
62,70
24,217
45,106
132,13
31,108
358,9
79,80
166,66
9,92
185,118
107,70
60,110
140,42
1,91
39,63
0,109
1,74
24,15
126,109
108,107
10,121
30,158
3,115
7,128
68,68
62,64
108,19
148,56
109,10
21,62
135,75
160,94
35,68
200,47
171,14
1,43
0,73
90,40
6,4
27,33
1,59
147,46
27,251
12,7
141,85
22,197
0,43
69,6
144,127
3,166
19,32
75,92
169,130
145,48
104,36
23,63
156,119
12,180
0,9
53,156
99,126
4,56
0,6
11,288
9,62
9,30
0,117
76,142
58,98
4,112
17,94
194,13
2,60
14,11
50,44
26,112
1,136
70,128
70,173
9,51
23,54
15,157
134,13
40,173
1,123
29,177
27,11
0,270
6,26
110,42
1,137
0,236
7,27
8,109
18,125
189,18
137,58
33,17
18,28
0,5
9,191
390,13
209,48
0,99
6,62
100,36
63,101
58,174
66,77
80,104
9,3
0,31
107,107
72,56
48,141
41,236
81,28
42,63
114,203
0,5
3,86
7,65
74,3
41,135
13,245
0,15
137,76
116,54
141,17
12,22
121,30
110,97
74,67
13,96
12,135
156,60
11,2
154,152
63,33
14,24
46,12
59,295
101,15
37,43
57,35
37,3
67,90
9,25
2,100
0,161
12,92
1,117
0,4
1,14
0,82
0,81
90,78
2,82
82,22
35,5
0,176
3,105
44,50
101,18
32,114
183,38
0,30
181,90
1,143
17,2
11,20
88,81
157,125
37,26
44,83
138,103
171,79
1,5
3,26
191,5
37,74
55,133
1,113
3,141
14,32
0,25
41,24
8,8
76,37
35,135
274,57
269,69
44,136
6,11
215,114
0,26
83,48
1,38
55,117
5,127
20,56
109,153
53,268
0,90
94,47
23,149
0,12
34,80
0,123
24,60
10,170
111,21
8,151
100,79
247,55
14,58
0,68
29,16
70,169
1,52
0,102
68,9
66,12
113,70
1,93
0,136
52,144
0,121
49,17
89,51
0,234
75,122
140,62
151,3
10,28
23,82
2,76
18,213
23,170
11,61
98,46
125,66
70,109
0,248
17,209
4,107
3,151
6,4
2,10
142,34
62,86
90,93
0,20
178,99
42,28
46,107
168,39
42,77
0,17
103,76
43,64
0,89
117,71
5,169
211,38
3,59
0,20
78,123
4,179
80,149
43,114
115,69
46,10
57,107
0,95
66,62
14,52
8,29
136,105
151,24
45,176
5,86
0,100
7,109
25,33
3,106
33,169
124,82
66,108
79,10
41,50
65,21
114,112
25,179
11,210
75,132
101,92
133,13
173,23
84,116
75,134
87,48
11,215
0,89
2,110
117,34
6,161
148,26
1,140
16,65
29,153
100,50
22,149
89,14
0,97
85,30
14,161
102,83
2,94
65,66
120,16
57,81
41,139
63,97
3,78
134,23
3,76
57,23
14,61
8,302
37,235
148,63
182,57
50,95
1,5
4,129
0,110
2,2
173,60
94,105
193,57
0,116
0,93
16,85
7,135
156,94
0,5
30,275
41,189
67,70
18,145
48,63
210,50
71,28
10,93
224,39
31,82
178,62
175,50
76,60
19,101
18,80
21,38
0,155
95,13
0,117
19,56
101,103
16,108
0,108
66,11
167,110
15,70
1,33
0,61
0,123
1,124
136,130
1,74
132,216
241,43
0,11
111,150
6,18
9,19
31,73
70,115
6,61
21,75
167,115
0,12
31,21
6,201
0,215
0,6
59,8
49,277
0,31
94,76
8,131
77,78
235,17
6,190
0,137
102,37
127,49
106,118
3,72
131,51
160,28
77,123
123,61
63,294
0,82
0,96
1,165
0,141
59,190
53,67
1,206
0,114
39,102
70,29
5,95
1,55
3,117
3,135
49,117
2,153
0,50
93,95
0,7
39,121
4,20
0,97
19,129
0,19
6,229
7,122
16,227
23,177
190,132
95,48
1,17
0,42
2,2
9,107
26,158
44,11
9,18
0,55
1,41
12,99
130,50
80,83
133,90
61,54
124,147
82,94
24,41
17,95
47,109
31,96
87,120
138,41
203,34
121,130
93,145
0,132
5,125
236,8
197,72
27,23
8,245
174,78
33,8
96,57
18,273
59,88
96,9
0,57
0,102
84,114
0,30
23,51
169,4
69,13
27,148
0,13
271,86
25,0
78,6
29,53
186,58
0,162
145,20
196,54
0,86
75,22
145,41
130,39
80,73
2,102
29,73
3,154
82,210
152,53
238,3
189,48
23,56
239,33
0,16
16,50
61,129
0,141
47,58
107,75
50,191
6,193
2,73
130,44
11,130
72,82
2,156
117,103
38,40
1,172
0,98
6,167
163,46
151,76
57,73
0,130
144,39
69,80
1,95
9,15
2,17
49,13
0,75
4,205
52,64
189,60
127,24
79,168
61,36
139,7
28,33
21,5
6,150
109,49
54,25
9,174
8,8
228,2
18,189
86,208
8,187
22,177
248,17
237,105
163,67
107,127
17,161
64,197
24,0
31,146
3,15
0,93
69,239
24,87
219,17
0,22
45,161
0,16
190,35
44,36
32,166
86,6
37,17
11,30
0,96
0,197
0,35
18,108
2,129
113,60
25,135
11,54
107,42
5,92
9,102
35,161
34,24
0,37
15,68
4,3
125,38
53,71
73,78
38,173
16,73
73,119
222,45
96,25
282,194
84,25
16,26
13,131
155,7
115,123
108,9
49,197
56,107
90,58
17,90
8,47
44,218
0,138
77,34
36,12
39,63
231,8
156,125
13,294
218,28
75,14
191,76
153,47
28,98
2,73
195,37
41,82
21,51
73,74
0,17
6,85
231,65
70,157
134,19
177,39
44,188
45,160
155,10
178,67
18,2
4,56
126,78
3,13
128,33
93,12
99,55
12,13
0,133
0,40
91,42
27,41
26,10
20,50
23,121
256,9
46,107
67,23
31,65
26,73
98,23
77,38
94,13
5,11
3,7
79,57
9,213
141,77
27,63
129,13
2,79
0,26
11,34
9,179
30,66
0,153
5,31
28,80
0,232
40,180
6,5
0,77
159,45
141,131
0,18
169,25
2,182
140,38
3,45
0,34
8,81
3,55
41,144
60,58
14,13
67,53
0,131
122,26
0,237
80,36
46,58
23,148
55,39
0,85
7,208
76,92
3,167
11,142
103,26
126,28
7,9
5,200
196,105
159,26
141,30
140,19
95,35
95,35
1,6
89,9
4,17
47,17
54,46
28,117
79,14
3,0
63,40
108,56
0,5
8,236
57,31
7,232
117,200
63,45
0,48
1,119
87,49
30,23
40,69
223,28
0,3
0,44
48,136
26,108
43,49
113,61
76,41
55,15
3,124
7,103
97,91
186,79
2,200
63,76
23,101
49,23
13,222
3,167
0,42
0,95
92,93
32,43
145,154
0,128
2,42
32,49
43,13
26,159
140,120
36,247
204,43
0,127
20,245
70,76
197,26
16,127
45,18
78,184
12,49
9,195
95,26
0,97
47,168
13,86
90,167
113,77
302,136
154,6
8,158
29,90
94,71
0,82
27,15
29,120
158,91
112,45
38,51
110,11
18,21
34,30
0,45
0,96
187,135
70,81
11,207
191,39
65,76
173,115
117,129
4,34
3,3
25,41
152,117
0,56
87,80
182,3
59,63
80,86
10,196
12,20
58,24
147,27
0,125
46,69
163,59
185,17
11,32
2,6
89,65
122,30
3,12
108,82
54,31
71,113
188,43
58,172
90,56
8,51
13,78
0,107
3,93
3,16
24,84
29,9
5,36
139,58
73,87
0,44
0,69
59,172
36,179
115,48
47,73
38,4
101,33
2,12
167,7
1,165
73,110
40,29
94,41
31,198
25,64
152,58
194,28
116,4
8,107
65,231
58,102
2,158
29,58
4,97
116,60
14,115
15,118
0,33
7,21
164,25
1,39
11,162
112,17
5,97
78,41
79,129
0,36
10,231
0,9
67,93
0,64
41,38
103,77
38,87
18,186
3,3
102,77
2,60
1,55
87,22
170,104
32,134
2,29
6,41
0,119
6,112
1,128
0,7
121,90
0,84
10,147
3,220
168,26
61,82
0,8
118,33
0,90
135,91
52,86
92,72
77,118
38,158
56,84
37,256
66,125
83,140
70,147
75,186
125,56
0,74
88,82
2,71
0,6
243,59
82,52
219,14
177,6
68,69
0,269
0,111
29,205
68,7
64,109
77,38
19,162
7,61
179,31
9,179
7,202
29,31
97,18
25,33
187,29
23,40
187,15
190,8
246,41
0,34
18,107
34,31
93,42
0,35
138,41
0,108
108,47
40,192
38,34
3,59
24,131
3,128
130,23
43,40
60,19
1,180
3,8
1,116
158,72
113,34
73,115
90,94
10,202
0,110
1,5
0,235
156,83
13,136
0,81
83,36
53,28
79,149
57,78
65,106
10,71
291,11
136,51
261,93
0,261
0,90
181,20
38,157
90,87
10,59
9,10
0,23
57,213
32,30
64,122
0,160
114,105
55,76
7,65
183,15
3,132
71,27
5,100
4,45
20,249
31,6
32,146
1,237
5,8
138,58
0,9
25,5
13,27
6,69
5,106
94,18
56,216
62,7
0,4
1,43
55,37
2,278
51,130
36,8
0,13
138,31
2,88
132,59
82,39
41,71
63,225
140,21
15,103
27,83
14,206
0,70
111,125
0,94
32,109
13,160
1,113
0,160
145,69
0,125
154,37
140,82
22,17
0,6
0,18
94,149
66,49
0,230
1,5
149,19
64,41
123,23
14,139
16,108
2,107
15,164
1,18
150,36
137,5
9,127
56,203
3,9
4,203
137,121
13,15
27,48
0,83
35,58
3,76
95,70
128,101
3,125
93,55
15,12
65,28
0,82
14,319
0,85
0,15
21,89
5,74
7,165
2,102
80,74
148,8
67,24
1,23
144,103
51,107
4,136
37,48
45,46
50,24
121,188
132,16
158,33
23,33
84,79
0,108
43,78
0,57
30,53
38,273
125,7
0,90
12,74
14,132
33,49
0,72
16,23
21,47
8,175
10,91
0,26
23,5
105,75
2,42
6,144
95,172
0,93
47,44
1,3
92,42
55,9
0,65
2,76
68,139
0,12
138,16
14,115
9,183
0,156
77,135
181,6
0,27
27,133
14,142
33,55
259,12
4,274
27,55
12,150
3,157
111,95
4,162
0,48
83,31
0,120
95,120
1,103
9,41
1,141
83,128
63,8
74,93
112,22
4,92
185,33
95,55
93,23
10,55
11,292
10,145
4,38
3,140
98,147
64,133
10,138
50,37
77,37
40,167
6,207
0,116
7,6
131,92
37,226
0,117
20,54
0,25
13,27
11,110
0,112
39,224
0,44
0,3
3,123
148,99
159,41
162,13
0,50
109,102
0,51
0,4
99,15
1,111
181,38
56,124
118,216
69,18
6,100
0,61
55,40
28,254
0,57
52,93
1,42
102,11
31,113
0,18
189,75
14,104
87,121
10,53
118,51
1,94
0,70
109,6
29,114
219,80
0,12
122,69
0,32
0,126
67,143
80,32
64,131
0,6
0,137
33,56
6,219
20,221
24,96
119,30
145,104
22,39
86,132
7,4
3,53
7,116
45,171
2,190
125,130
13,137
36,171
4,168
1,82
12,21
0,9
92,62
78,182
12,134
114,10
184,11
8,121
122,28
46,150
18,75
8,250
57,153
0,75
124,75
3,95
30,282
84,7
46,31
10,137
18,16
0,4
7,184
0,177
13,8
110,115
3,25
0,156
37,60
3,3
7,110
38,66
96,29
109,74
17,145
1,94
81,36
31,191
72,23
31,103
0,61
35,55
40,14
0,124
10,223
122,8
27,67
153,124
12,19
20,122
180,47
117,131
12,132
5,184
114,20
102,13
3,102
28,80
0,26
8,103
2,56
17,22
17,200
5,92
60,32
49,54
29,26
51,109
25,28
56,56
6,11
4,200
183,9
0,123
93,115
7,6
5,16
5,50
168,74
68,61
18,121
1,14
143,52
168,51
68,96
17,88
143,9
21,13
126,58
2,101
20,154
84,117
4,160
12,270
41,78
9,121
159,68
61,73
63,29
132,42
1,68
0,13
163,84
29,172
0,175
5,3
246,43
1,2
74,21
236,14
63,123
80,111
4,5
95,141
3,163
1,129
5,30
0,4
21,270
0,3
32,38
21,26
25,63
0,44
2,135
14,12
175,70
4,189
8,50
120,120
49,195
2,341
25,34
29,132
11,44
68,117
0,145
76,37
21,82
10,120
89,107
4,110
1,164
0,73
221,36
0,102
59,18
66,10
17,60
185,84
1,157
0,130
34,112
1,18
65,35
147,77
21,305
11,85
113,13
0,53
199,69
10,154
60,156
10,46
163,29
166,57
107,120
34,11
39,46
2,233
6,151
0,124
136,52
38,57
83,112
6,20
35,149
79,25
30,20
104,4
27,29
73,184
2,144
62,203
9,37
103,47
60,267
19,100
66,84
39,134
64,114
26,54
44,91
0,126
97,168
137,39
178,50
37,118
33,57
10,7
125,125
47,192
0,87
139,48
14,229
68,110
77,128
59,162
173,2
114,80
0,103
81,35
40,73
66,29
10,101
216,36
0,64
81,133
41,143
18,46
171,11
87,80
55,21
55,175
0,58
81,160
57,31
99,63
46,54
23,113
130,134
14,75
0,87
156,28
0,120
23,203
78,14
0,133
36,51
0,128
73,157
113,57
238,68
0,54
183,46
4,51
62,98
7,190
54,60
140,61
93,39
37,8
29,78
139,135
22,105
0,139
4,116
25,28
167,77
1,124
5,57
88,91
110,56
230,30
53,81
183,1
3,139
13,15
14,28
0,4
5,136
187,5
94,17
19,69
0,33
48,19
0,68
0,28
48,16
75,84
124,15
3,20
0,68
148,38
161,80
9,165
20,309
61,129
0,47
30,186
32,28
39,38
72,112
24,177
3,112
102,4
73,130
49,25
102,21
8,67
13,200
2,24
110,146
106,44
0,207
5,2
0,195
162,8
0,93
151,49
0,60
63,59
120,2
9,49
52,46
94,83
55,112
0,110
9,139
72,152
6,43
11,106
4,12
215,8
1,34
4,12
63,210
0,251
5,60
79,39
2,52
32,69
19,4
94,107
13,125
32,88
1,3
126,99
43,34
192,27
88,66
55,0
177,115
182,124
31,68
42,67
16,115
0,86
0,74
35,121
45,149
2,76
161,114
5,32
209,42
100,58
56,187
169,25
57,112
6,2
5,136
0,67
178,68
1,106
4,120
20,52
0,30
9,7
119,70
39,92
122,151
88,79
112,79
1,324
149,58
90,194
124,25
0,233
3,166
143,14
3,76
11,122
47,49
120,104
1,38
165,81
0,139
6,112
2,93
14,204
4,60
128,55
6,116
33,33
14,38
146,75
1,249
162,134
0,101
126,157
1,244
125,13
43,185
141,76
153,5
15,200
4,17
11,155
1,33
79,13
0,5
131,145
172,108
87,51
0,42
13,83
0,122
116,107
76,130
148,36
142,15
66,69
3,177
20,9
0,17
0,99
82,214
21,142
13,294
4,91
75,167
5,3
241,54
1,2
6,12
27,42
0,40
205,62
285,33
39,84
65,20
0,104
0,201
215,123
127,87
0,121
48,211
0,122
16,48
0,107
85,55
49,44
33,47
2,101
135,269
46,44
0,84
121,94
27,44
0,25
46,65
30,7
4,107
88,74
5,126
0,7
0,200
1,112
1,92
27,66
100,105
0,53
0,82
3,6
0,79
7,35
177,12
92,62
31,73
1,141
162,16
94,49
2,42
176,1
51,136
3,258
0,11
19,50
3,22
209,53
117,36
7,25
0,88
0,151
50,5
112,119
78,27
38,31
85,25
30,103
24,22
5,108
110,45
104,41
67,65
40,148
127,96
86,70
22,89
106,69
8,3
1,209
2,99
10,44
0,10
77,95
0,112
1,68
55,61
1,16
0,79
7,112
152,108
104,207
7,10
1,3
130,14
104,36
13,112
102,251
1,238
18,139
0,13
111,27
5,29
120,77
84,15
29,14
41,64
45,159
152,117
26,92
68,83
189,16
37,193
47,199
0,143
14,104
52,127
60,168
9,43
86,74
160,50
48,45
90,22
36,72
8,105
8,189
37,43
229,72
60,108
48,247
33,5
12,198
170,23
1,194
23,202
3,134
2,11
0,34
12,140
15,91
0,96
30,164
6,101
22,75
101,132
1,73
42,171
13,128
53,111
50,36
99,139
1,177
123,157
4,194
74,17
105,198
2,64
48,9
15,188
91,148
0,83
0,65
5,13
48,29
128,67
163,107
25,166
0,4
53,94
4,70
2,2
43,51
78,203
1,109
9,6
18,274
111,38
170,32
121,196
10,79
37,174
2,213
32,78
98,40
17,3
0,104
3,24
103,42
77,92
147,13
95,24
113,33
142,59
96,96
91,6
87,71
99,101
45,12
2,172
3,28
140,103
151,197
132,3
2,116
0,232
58,179
0,50
15,41
166,45
75,29
50,107
53,19
95,45
263,26
13,130
80,178
71,61
12,98
51,54
2,178
30,209
4,152
9,108
3,97
33,101
7,12
7,117
25,185
48,240
5,39
0,17
57,169
0,242
4,0
227,20
0,56
93,33
0,102
0,51
240,37
76,46
23,34
5,94
1,51
5,11
5,128
32,164
117,77
53,5
67,186
19,141
2,16
125,51
151,73
40,116
131,45
81,109
96,65
8,83
10,18
44,39
0,70
72,117
0,208
138,58
0,3
176,63
60,52
106,27
54,67
179,45
3,89
127,81
191,70
66,17
81,12
123,138
12,42
37,23
24,109
47,45
70,20
56,23
15,1
15,52
78,65
54,69
22,16
124,105
7,122
61,20
69,192
0,3
26,111
27,4
27,52
98,32
77,120
145,11
2,70
8,19
5,103
0,140
0,163
15,83
0,240
30,42
0,37
19,67
10,158
203,131
63,133
21,19
23,122
7,56
48,32
133,25
13,22
9,162
36,100
1,137
11,189
145,93
122,112
6,74
69,93
2,47
5,110
136,16
16,108
8,183
0,139
93,47
97,195
55,143
19,39
31,178
40,167
0,95
12,85
52,138
0,54
3,19
8,94
1,101
1,195
34,66
32,153
1,51
7,37
0,274
189,6
211,54
1,2
82,38
10,267
0,155
51,150
48,112
4,26
232,27
2,133
30,18
3,248
270,60
31,124
41,219
67,106
129,101
89,135
17,97
21,59
0,141
217,22
66,124
88,177
100,104
3,20
74,55
9,187
112,134
84,46
132,71
0,85
39,122
0,88
145,72
0,104
0,112
2,88
97,190
7,92
117,9
5,28
39,50
155,97
6,117
0,28
94,59
11,107
17,8
31,129
0,94
0,120
3,48
4,159
2,242
254,9
52,71
1,2
34,104
42,136
60,139
51,46
50,25
6,24
0,81
0,95
32,108
20,79
8,191
89,75
0,53
0,82
6,241
32,86
135,98
158,98
0,53
0,211
10,23
137,23
0,71
13,133
110,38
1,26
0,79
23,117
104,77
2,78
0,237
110,156
0,95
1,103
73,6
47,48
107,133
129,78
115,43
1,214
229,65
15,155
223,13
0,94
54,76
0,150
73,144
85,40
0,6
21,15
147,63
0,5
151,35
0,60
32,21
85,89
178,94
2,104
59,120
165,83
15,130
127,11
1,15
63,48
83,85
10,10
303,14
105,18
95,43
118,71
45,135
0,94
13,5
185,90
139,90
241,34
143,58
23,80
4,3
12,23
135,30
93,18
230,28
13,4
15,22
9,8
128,71
1,103
43,191
149,14
43,205
50,20
0,143
0,14
6,116
128,18
2,7
33,64
119,205
0,36
35,73
0,80
212,52
5,297
24,193
253,45
4,201
72,67
1,208
36,81
30,51
26,116
1,50
29,11
0,27
122,78
0,89
0,4
4,42
65,85
95,122
138,94
68,136
0,3
184,61
1,80
222,47
13,3
4,70
0,142
30,149
150,29
19,64
44,51
187,10
7,86
53,73
48,29
46,48
3,2
248,53
4,67
0,117
163,75
77,68
71,143
9,100
40,22
58,27
36,192
1,139
21,17
5,230
0,121
33,4
3,146
81,57
61,84
83,75
73,68
156,19
81,15
105,36
1,27
70,81
0,60
0,136
45,70
2,240
0,68
17,45
7,79
0,161
331,38
32,139
123,52
0,99
73,35
13,135
13,106
1,157
80,325
180,23
27,48
211,12
8,17
49,181
0,36
162,32
0,83
2,100
9,53
84,45
36,158
6,124
27,97
144,20
39,30
196,89
18,107
127,89
92,64
29,97
64,216
28,137
0,93
201,22
0,74
126,6
17,71
60,114
165,68
0,46
30,114
110,69
9,61
6,6
16,180
87,70
0,55
9,19
6,187
20,10
60,46
2,186
0,8
76,32
18,148
0,7
8,56
22,61
6,217
112,101
32,74
35,58
2,44
20,82
0,4
30,10
3,89
43,149
23,145
4,97
4,80
71,194
4,125
52,124
94,68
2,25
55,114
82,60
5,62
3,11
2,2
30,170
51,110
75,104
153,9
131,10
128,12
127,87
46,8
11,96
5,160
15,93
1,70
3,1
14,82
49,181
226,32
17,180
4,92
91,176
158,38
66,61
44,96
12,315
3,265
32,120
101,33
104,44
11,97
6,41
0,137
24,60
22,19
2,1
83,22
67,106
42,51
86,55
34,75
0,3
24,143
41,69
118,3
100,53
9,131
35,67
14,97
6,241
6,69
2,2
67,196
30,186
33,6
45,20
119,98
20,13
53,106
24,173
10,169
57,21
45,267
134,108
165,15
5,1
19,55
14,168
67,49
48,71
90,132
66,187
127,68
41,23
0,42
42,201
62,28
103,133
0,87
70,12
161,33
39,36
171,51
180,8
4,94
4,3
44,213
17,119
10,101
49,39
0,149
104,19
22,195
0,3
159,36
18,48
0,69
45,19
215,16
90,122
3,194
32,195
37,294
35,65
0,90
46,50
70,16
130,29
4,125
2,128
82,172
90,101
0,33
133,129
1,102
7,110
78,176
0,54
84,104
53,152
117,183
287,17
134,47
12,100
168,5
149,84
43,98
18,156
213,76
53,190
126,26
17,182
109,115
150,53
3,174
110,51
87,61
5,48
130,41
42,306
14,88
37,49
16,59
0,54
0,108
80,158
132,18
15,179
17,100
147,107
176,78
121,182
13,193
3,119
40,55
14,131
15,144
95,197
44,185
44,14
11,222
0,42
16,152
8,101
70,226
15,79
142,27
65,113
76,69
99,49
73,28
0,75
49,2
2,119
171,67
74,101
37,3
1,56
0,6
21,170
0,136
34,108
59,16
80,24
26,95
103,138
4,179
21,212
16,171
197,15
17,47
36,66
0,176
131,31
15,63
1,6
151,9
60,56
19,54
91,30
3,55
121,18
83,138
17,38
9,94
0,62
122,124
235,62
0,358
102,170
115,78
12,96
4,131
0,31
0,40
243,25
170,127
19,86
0,268
161,111
7,100
54,127
10,94
0,59
85,119
25,281
126,70
0,154
13,34
15,197
3,137
8,155
139,119
64,59
139,21
39,228
122,30
1,18
113,135
12,293
6,115
0,118
1,131
61,42
39,50
6,196
132,137
23,9
86,113
56,134
11,130
36,81
29,92
0,154
9,1
22,73
69,101
1,6
70,88
30,1
109,97
106,47
29,148
86,159
103,74
26,80
116,36
100,35
119,14
45,29
30,75
45,209
6,10
25,94
113,42
153,35
5,4
1,11
144,29
112,51
0,39
162,53
111,126
0,88
217,46
8,88
1,34
0,11
163,37
140,10
219,62
130,82
159,75
24,146
18,92
170,50
141,90
11,132
40,32
0,120
41,20
121,44
10,31
0,95
37,110
23,36
11,20
74,155
35,103
0,68
105,19
21,193
6,139
9,15
146,27
161,12
52,88
38,114
3,42
19,115
69,84
117,39
64,211
98,98
12,186
59,211
2,9
21,245
163,91
60,165
46,143
6,116
0,45
6,101
0,31
0,29
30,130
183,63
7,2
26,18
1,8
6,13
19,34
0,145
48,66
4,25
0,154
26,120
28,137
56,55
198,45
108,12
125,34
36,52
0,159
6,58
127,42
15,23
77,180
18,16
28,128
39,15
83,87
2,8
0,56
61,17
1,25
100,90
10,71
136,22
13,59
92,7
86,108
111,136
211,120
31,73
2,82
3,190
3,146
0,132
1,91
19,154
0,118
7,129
66,31
215,17
0,92
0,131
35,135
7,335
7,84
4,5
65,23
64,95
14,259
67,76
94,57
2,118
117,129
20,107
38,64
125,15
157,51
31,57
0,117
89,63
34,16
131,55
3,104
0,29
81,25
143,35
13,95
134,95
133,26
136,88
0,85
12,16
30,184
1,161
194,34
7,132
11,177
53,70
49,20
214,7
1,191
51,185
11,177
203,35
0,74
6,110
116,68
172,17
33,123
0,63
50,45
67,43
0,150
1,94
87,98
150,104
3,38
4,213
28,210
78,74
130,130
0,220
145,3
145,52
82,86
0,11
28,115
15,26
91,12
25,53
45,97
61,55
23,98
49,195
50,170
5,72
0,76
45,78
98,39
67,21
0,112
6,124
22,75
9,147
165,5
0,54
80,197
15,78
1,239
64,240
6,211
21,221
105,85
37,193
88,84
25,247
14,23
265,10
63,3
7,19
13,30
5,5
62,47
27,44
177,100
24,141
12,22
24,77
112,82
43,127
97,16
7,99
158,79
153,90
20,126
221,83
84,59
1,107
126,61
2,133
36,112
48,19
132,41
2,257
9,169
33,11
1,70
0,216
86,48
107,21
4,255
6,50
39,31
31,252
158,10
65,239
63,209
31,22
27,26
197,35
23,118
143,85
2,197
6,0
56,212
82,27
20,9
130,40
3,93
0,74
18,131
21,64
1,93
17,81
151,106
18,83
0,24
46,223
157,61
90,96
105,201
199,121
127,135
14,4
1,12
82,42
22,245
254,37
59,108
120,5
33,167
121,85
62,30
37,17
3,122
21,13
4,50
206,6
161,138
15,70
20,80
247,12
84,24
19,146
50,65
78,132
1,104
5,171
132,100
79,24
23,72
22,93
1,78
9,81
35,7
88,86
8,74
40,59
183,155
141,53
57,108
96,99
16,121
99,61
7,10
38,145
37,55
21,23
42,46
17,59
4,36
3,235
2,69
19,207
2,111
74,65
89,20
103,83
159,25
1,100
0,6
104,100
0,84
0,133
85,43
3,150
20,14
86,39
167,39
53,130
11,226
148,57
19,124
0,48
34,26
27,34
35,262
162,2
6,191
26,84
0,50
73,146
19,161
137,92
67,4
114,99
74,120
24,53
119,70
5,137
80,81
91,166
7,136
38,13
0,15
0,124
6,7
3,4
46,166
7,24
1,165
68,105
6,7
18,162
20,50
12,3
2,11
95,47
150,24
110,21
0,73
89,29
10,164
26,174
9,46
172,48
91,89
0,5
71,29
42,164
59,162
4,105
74,75
48,150
214,40
140,19
8,42
14,143
91,77
35,41
27,14
16,94
166,48
61,148
0,126
20,91
101,1
29,115
80,95
57,60
64,40
7,102
217,56
0,164
0,367
2,18
5,117
102,66
0,211
0,25
157,57
191,44
44,147
0,43
0,134
39,226
14,74
191,31
16,64
35,171
0,96
146,14
40,80
1,117
0,99
38,22
58,122
59,13
1,129
65,8
8,66
107,50
82,36
12,1
0,141
61,189
59,105
0,82
123,5
81,91
53,61
70,133
110,96
43,132
2,132
11,88
1,53
37,211
53,57
64,59
25,171
37,65
51,109
3,17
15,61
3,65
40,205
117,120
44,22
58,16
6,19
9,247
1,95
0,53
33,35
117,46
0,136
162,10
32,88
17,9
0,148
0,175
38,80
84,67
182,4
62,47
56,122
57,54
0,65
122,100
1,6
28,56
0,13
36,183
15,106
12,91
18,81
108,107
76,27
29,279
0,73
34,25
0,238
203,11
11,291
58,97
4,90
59,205
85,78
214,8
2,124
73,125
15,98
48,97
2,112
143,83
116,55
49,139
194,48
62,121
0,121
58,27
13,140
12,68
177,47
98,153
75,99
23,177
9,104
1,14
212,50
57,51
11,155
138,36
0,65
73,108
9,70
216,64
45,168
10,177
5,3
2,10
1,61
2,72
0,176
44,115
45,180
13,19
0,34
2,64
12,84
21,45
4,24
0,135
14,116
2,33
50,75
0,114
6,110
15,2
66,138
3,36
0,112
44,100
47,223
0,80
65,218
47,171
0,38
0,35
53,136
115,13
112,59
9,86
40,51
16,40
33,94
177,23
102,198
66,207
184,44
164,4
61,89
0,5
45,146
8,14
46,72
19,72
52,76
11,64
178,144
0,126
200,40
49,304
66,31
56,43
51,92
21,170
0,52
2,36
186,11
109,8
0,101
0,290
1,45
39,47
40,179
28,4
126,60
122,12
0,96
71,100
0,45
30,184
91,18
32,118
1,142
107,34
247,39
193,75
179,98
25,78
17,226
0,111
119,80
9,21
40,4
93,22
19,82
24,77
156,45
133,136
138,30
89,183
148,27
305,23
13,32
24,47
93,162
149,52
29,34
3,89
61,255
57,199
28,56
188,86
28,192
0,86
20,137
59,109
214,6
198,88
83,83
42,71
12,0
6,101
109,41
0,260
7,111
71,56
41,143
77,25
349,2
102,72
80,82
3,110
3,30
4,15
8,13
1,85
14,76
15,112
16,167
0,22
3,92
56,55
34,50
178,44
0,24
139,70
119,139
0,43
11,195
3,82
30,16
83,140
12,223
54,40
17,240
43,116
52,6
186,5
48,71
0,82
130,35
25,221
1,10
80,24
157,57
67,15
6,108
1,198
68,154
66,68
144,39
12,146
0,127
0,89
29,65
92,52
0,172
0,109
14,95
0,83
58,273
3,108
7,130
11,105
118,38
37,8
40,85
137,160
231,27
0,99
12,55
0,28
4,290
0,75
73,198
0,194
26,78
175,117
116,95
25,156
13,72
45,6
73,70
62,22
0,60
171,58
3,61
5,36
19,116
150,158
84,31
0,55
12,105
39,59
23,118
59,46
172,28
0,108
45,62
20,74
208,11
20,47
0,164
56,181
84,35
78,17
0,244
109,53
34,67
2,227
10,127
45,42
61,120
2,195
69,65
92,20
118,20
0,14
49,122
10,179
1,285
20,200
78,139
57,23
11,160
125,130
3,16
35,114
89,206
177,85
9,8
18,134
0,86
10,57
179,100
7,158
86,105
1,187
15,36
72,119
1,19
114,52
84,56
1,76
0,175
37,139
20,126
65,139
85,14
0,239
68,11
13,140
114,139
5,4
5,13
0,10
0,192
129,104
80,135
10,66
4,7
50,41
17,150
20,46
2,129
185,18
14,14
92,38
13,9
4,50
12,112
1,21
40,92
139,23
18,43
54,10
79,76
62,42
31,48
30,149
141,158
6,109
16,200
73,159
0,20
0,39
155,101
0,41
1,151
29,10
75,13
0,54
19,7
46,240
0,54
86,71
185,3
0,260
0,21
50,39
151,54
18,45
3,13
19,83
9,114
166,40
17,89
6,61
93,178
75,73
399,34
3,26
33,12
185,34
0,6
34,26
154,40
1,30
95,3
33,148
170,7
40,75
38,83
226,66
1,141
7,201
35,126
0,109
218,44
39,148
57,12
23,97
16,63
65,32
9,21
41,4
21,15
0,149
107,63
12,119
54,48
30,147
113,147
6,54
140,22
92,37
13,50
12,66
33,206
1,181
98,109
34,177
4,4
3,188
31,132
174,25
7,13
3,98
74,37
8,72
59,51
11,19
60,46
36,140
10,62
177,33
19,69
99,86
6,211
19,211
11,38
43,16
6,0
69,26
41,22
19,102
99,9
5,65
95,63
150,24
37,69
61,98
21,201
6,32
20,72
17,206
140,50
48,62
18,61
29,222
10,146
3,8
107,5
80,251
51,115
68,69
12,163
3,3
20,223
105,80
8,202
2,6
100,13
32,14
0,29
4,152
34,138
47,80
84,92
55,216
29,226
28,198
151,139
6,208
24,40
133,102
87,61
79,144
105,20
124,51
8,84
0,6
10,7
150,17
165,62
0,9
169,110
0,174
2,67
61,53
30,207
132,37
45,72
2,192
0,109
62,56
74,124
1,2
84,20
2,183
0,102
19,5
27,161
159,45
0,5
178,38
67,178
8,129
99,86
21,78
84,52
3,87
0,89
122,29
72,143
34,88
0,70
1,2
1,59
10,44
16,130
21,160
0,96
84,46
3,27
121,35
97,202
179,56
3,12
25,125
105,192
185,40
3,47
39,168
6,141
66,24
4,47
3,102
34,20
34,21
0,4
136,102
18,111
53,57
117,111
102,17
185,6
0,222
5,102
0,37
127,74
6,27
156,21
51,137
83,112
6,167
28,26
0,183
205,46
128,97
141,3
1,117
0,35
85,18
96,141
43,216
0,93
75,63
13,42
144,49
58,23
1,124
19,26
188,72
3,198
8,18
25,96
19,67
2,98
62,30
188,5
38,91
63,112
221,158
0,17
1,160
70,149
60,133
0,91
10,14
0,6
12,142
37,110
11,126
0,154
48,141
1,43
73,95
71,102
1,12
12,13
0,126
50,105
34,29
183,102
203,54
0,78
134,63
0,95
5,25
16,79
82,145
184,42
62,90
67,133
35,157
124,95
0,28
76,176
62,104
0,69
2,100
3,53
6,19
14,30
54,91
6,126
0,243
8,29
1,134
15,138
52,0
162,95
129,19
3,161
1,107
100,19
8,12
0,64
24,201
0,21
0,4
20,21
139,60
6,76
91,105
0,87
25,5
134,71
13,278
31,286
153,11
108,107
77,40
103,9
30,265
23,24
32,19
26,180
83,42
76,114
0,17
146,24
87,72
184,40
62,68
0,6
1,93
125,42
46,26
47,91
55,47
33,89
10,141
5,73
4,61
1,137
70,165
0,74
92,78
56,58
118,57
14,202
55,62
118,26
25,163
21,6
78,88
0,50
35,226
38,135
0,122
23,34
14,5
77,26
4,78
23,84
141,52
3,127
149,1
0,38
53,32
5,107
10,164
298,30
12,45
0,27
0,181
84,176
23,61
6,59
0,9
78,25
113,70
0,184
128,101
19,40
18,40
34,201
59,208
0,64
12,109
44,81
73,121
0,76
0,141
49,56
0,211
89,89
72,77
105,45
55,98
127,14
196,8
145,38
45,80
34,101
169,22
3,125
94,74
21,93
4,93
7,62
117,58
18,98
3,181
5,137
23,144
78,149
180,47
18,50
29,89
33,158
145,3
8,2
119,21
25,29
0,69
24,88
8,308
82,53
22,47
244,54
4,210
4,9
97,18
190,41
0,61
12,110
153,11
48,24
165,3
54,20
20,169
21,222
40,143
14,114
3,28
0,144
65,127
9,167
0,214
0,84
75,105
1,140
3,151
78,38
0,100
112,102
62,199
130,121
13,56
9,109
86,93
82,111
0,10
42,187
76,19
3,63
210,19
112,73
127,88
8,153
84,77
116,73
68,10
1,258
3,99
48,45
25,39
35,76
114,73
6,206
11,49
3,131
11,11
14,19
86,121
38,19
82,9
119,146
2,90
80,6
114,47
80,12
4,103
30,136
9,10
14,8
38,126
87,41
25,57
92,75
107,46
48,207
1,129
6,257
2,65
6,103
0,102
126,78
196,38
69,95
0,156
0,4
72,44
118,83
4,48
59,211
0,24
85,42
120,77
78,64
71,84
14,19
33,57
61,168
0,114
97,97
126,60
4,139
0,172
10,102
20,84
14,245
0,54
0,226
40,85
0,4
100,165
13,191
17,24
0,74
3,175
82,161
16,80
113,57
159,76
24,189
98,16
29,73
26,85
39,45
0,89
188,108
0,12
111,67
0,3
6,158
41,103
8,36
17,51
5,61
34,30
58,62
57,94
57,13
132,16
6,207
220,2
114,133
75,131
0,5
67,75
5,105
98,113
7,10
90,71
22,27
74,164
28,4
220,26
0,155
71,83
121,70
185,75
81,72
56,163
123,141
0,105
141,18
12,129
7,80
2,192
1,117
64,36
11,47
3,303
217,16
43,80
138,46
0,24
0,66
163,35
24,168
107,70
70,94
9,90
137,140
84,79
4,6
1,107
10,83
39,181
201,77
168,26
43,193
104,51
0,108
9,17
32,94
101,87
12,216
51,143
33,191
169,106
14,54
30,15
0,22
66,25
84,157
18,91
70,188
31,9
5,134
17,63
162,46
81,60
58,64
82,59
89,9
32,162
67,63
101,50
115,15
135,54
0,3
4,36
78,137
171,132
29,11
48,66
43,100
94,32
58,31
54,144
104,39
33,185
54,1
269,50
0,16
64,158
118,39
82,89
4,2
105,29
54,61
38,167
3,22
0,66
5,190
26,173
77,145
116,5
7,90
0,208
134,194
12,25
10,124
1,5
25,79
59,93
87,10
42,162
16,29
5,182
72,172
0,149
3,127
146,1
115,109
112,94
3,17
113,32
9,96
4,21
0,186
18,48
45,107
16,97
89,35
136,92
143,71
45,16
63,250
88,10
0,172
0,31
13,165
110,56
1,210
0,121
119,14
106,99
163,9
118,19
69,108
13,90
0,34
1,3
6,28
169,17
136,156
0,3
11,67
43,95
28,211
0,94
25,23
127,17
15,101
0,184
2,88
170,42
40,69
86,124
17,35
4,82
2,121
129,19
88,88
26,109
63,90
2,3
197,30
143,20
35,139
126,19
4,56
5,119
82,82
3,119
10,159
0,58
68,30
82,61
0,126
61,139
1,112
179,101
252,33
6,38
34,55
122,100
0,104
2,1
37,84
89,6
57,150
0,18
0,127
182,144
30,10
91,138
27,157
6,6
179,80
47,9
1,163
2,61
153,55
28,126
83,201
100,139
31,50
180,130
0,61
0,99
134,33
50,191
25,247
0,91
8,77
24,36
11,145
63,99
5,55
53,37
134,20
22,151
6,23
0,75
121,76
0,98
9,11
0,13
0,31
10,28
23,242
0,3
107,13
12,195
18,65
6,147
0,103
82,37
376,9
124,52
22,217
0,101
2,55
19,171
41,276
2,1
20,92
16,76
0,164
49,61
37,117
203,81
110,35
5,120
14,254
140,100
89,190
4,7
10,72
65,106
48,32
115,51
86,213
72,237
31,29
111,96
7,14
53,23
222,5
32,42
94,187
30,60
0,224
208,90
28,53
48,11
0,40
51,148
76,24
8,260
30,32
18,72
18,147
99,100
89,28
0,50
86,69
2,92
49,100
49,6
2,224
60,138
1,98
4,0
159,82
34,15
0,93
72,47
1,2
17,65
0,222
12,4
21,63
49,61
163,67
130,62
40,161
0,63
15,79
92,83
42,29
74,182
19,134
0,223
15,74
0,134
89,78
11,130
23,173
57,64
183,63
45,47
174,79
2,105
0,76
38,20
97,74
173,26
0,29
152,91
23,209
163,21
26,166
0,43
51,33
73,77
0,192
34,90
175,126
158,20
8,26
11,127
2,132
44,267
60,33
177,76
123,126
178,36
10,88
181,81
0,8
0,10
42,81
70,12
34,50
15,5
200,76
14,105
79,119
1,7
0,84
9,99
137,56
51,125
0,112
2,95
7,136
22,27
39,184
176,82
116,49
25,112
27,34
45,78
0,132
25,28
97,79
167,99
1,7
72,62
192,24
86,107
108,81
13,34
2,2
35,27
1,18
49,14
1,117
176,42
93,115
74,14
121,62
16,30
110,69
19,14
3,107
174,80
7,110
16,193
145,42
70,11
85,124
54,75
12,19
36,20
0,150
5,171
1,135
17,6
0,84
66,58
122,55
64,71
27,40
77,46
0,83
2,52
113,8
6,101
110,64
1,83
40,12
0,221
2,192
105,225
39,119
83,180
6,165
75,88
0,131
12,135
0,94
29,25
2,12
4,69
101,32
26,150
87,146
148,33
112,167
0,236
2,9
16,21
68,214
24,162
44,34
65,158
205,105
25,53
159,71
0,116
5,73
97,90
134,20
48,22
26,45
6,69
135,27
155,65
71,172
164,56
14,8
29,141
16,176
199,65
12,268
0,95
88,77
14,12
120,87
29,8
12,148
157,134
29,203
1,58
191,60
109,19
0,72
169,65
110,143
0,79
55,56
47,58
118,29
75,100
5,225
6,132
0,147
18,51
75,107
5,59
14,134
116,38
95,46
2,18
234,23
155,76
93,69
7,122
99,28
135,27
81,64
60,37
22,105
31,268
0,25
115,12
24,90
3,125
156,92
228,71
0,65
0,78
153,26
2,49
0,122
3,5
229,39
87,13
0,37
202,86
26,165
103,36
61,66
100,44
2,145
154,43
133,37
164,77
1,240
1,8
0,35
58,10
0,73
31,102
64,86
26,114
0,4
6,131
48,153
72,122
8,108
0,72
1,157
85,141
138,61
3,64
87,49
20,22
1,34
236,8
17,78
2,86
27,106
33,24
120,112
55,52
68,40
16,139
47,49
43,142
3,1
15,18
26,37
212,41
0,28
85,20
59,32
178,12
0,63
103,139
161,72
0,4
48,30
0,4
4,145
89,35
52,71
0,59
127,51
9,33
40,90
128,151
3,19
100,201
127,139
72,48
67,255
46,33
35,27
13,5
206,61
128,43
30,92
7,126
9,117
0,82
0,23
162,83
35,197
26,117
82,45
136,35
73,76
66,9
201,55
284,21
127,91
166,37
23,37
11,11
9,185
0,196
0,3
127,76
1,16
75,83
96,46
2,116
8,41
1,102
6,30
0,16
104,29
40,39
30,2
16,145
0,143
120,21
0,43
135,61
114,26
4,85
0,65
205,50
12,13
131,81
9,297
20,173
11,112
168,31
17,38
68,149
168,3
0,152
0,111
5,125
180,111
1,87
203,40
77,13
62,38
3,14
43,208
43,120
66,139
2,29
0,273
32,79
61,67
142,46
40,40
12,103
62,150
79,67
7,184
96,69
83,33
16,15
98,63
142,85
2,115
0,13
0,46
36,135
23,33
0,81
0,74
8,171
28,35
99,97
5,25
82,89
93,143
25,168
48,164
103,8
19,227
2,127
46,33
160,28
0,52
20,33
97,6
59,34
117,52
85,34
75,14
1,155
107,146
42,67
49,118
115,109
4,42
8,2
0,10
180,42
0,25
0,29
2,156
114,65
34,189
9,112
116,19
62,322
2,6
211,56
16,133
158,23
60,97
11,40
0,99
0,40
2,21
47,20
0,88
0,81
130,102
3,13
79,57
5,255
245,72
66,124
21,122
0,123
23,112
51,80
0,128
111,72
35,145
50,27
11,226
0,120
99,99
36,92
3,149
88,68
118,66
18,32
182,30
25,150
172,43
114,100
25,90
10,138
0,97
1,19
181,136
2,21
22,196
11,52
7,258
5,119
10,56
105,9
0,23
16,94
201,9
42,46
5,180
48,35
23,117
110,103
206,86
0,112
1,312
9,198
16,9
94,41
71,13
124,22
8,41
24,65
5,5
3,30
46,149
162,52
35,171
0,209
16,72
63,48
238,57
168,41
52,52
15,116
0,122
2,181
7,184
17,233
83,48
158,77
89,9
128,100
0,10
1,129
48,94
48,70
16,37
89,20
12,72
195,78
107,73
86,37
2,87
3,241
5,199
26,92
1,19
96,79
37,238
86,157
3,35
176,92
24,45
39,16
0,150
0,61
69,176
7,35
0,206
3,156
22,45
173,57
0,5
74,106
81,35
2,199
140,21
18,191
62,158
0,67
2,179
13,94
112,245
1,127
12,90
114,59
51,101
8,182
90,83
4,53
37,156
0,49
76,156
10,3
3,35
46,53
82,102
0,36
10,223
76,126
115,15
3,147
0,210
0,48
76,130
56,76
3,141
0,48
12,79
114,87
0,205
46,84
4,63
107,70
0,157
63,21
3,7
153,13
48,155
64,14
141,91
3,62
2,120
16,22
23,198
20,148
33,35
0,144
38,115
27,160
162,39
3,103
5,50
145,49
31,17
18,229
72,188
8,92
39,54
58,28
125,130
1,81
107,51
132,71
155,41
20,206
49,48
102,41
65,75
2,42
0,7
140,17
4,10
151,25
0,125
3,41
0,102
13,7
65,101
48,105
2,15
9,8
77,21
90,165
38,97
0,44
81,5
61,99
295,37
216,36
22,129
7,2
102,86
44,269
21,124
51,90
47,29
0,125
0,110
193,7
23,53
159,126
48,55
187,14
44,32
110,76
114,63
37,108
98,130
2,247
89,34
0,40
133,41
57,202
225,10
162,39
295,54
0,227
42,80
69,13
22,225
214,14
111,64
384,68
118,62
76,26
82,33
148,100
9,104
121,79
32,155
4,95
202,125
2,74
11,7
130,35
1,57
0,34
181,94
2,4
171,12
4,14
143,69
0,160
99,73
28,83
3,46
132,39
18,113
44,115
72,14
6,17
0,4
0,90
3,133
17,184
5,97
0,9
146,92
0,19
0,4
148,53
78,60
82,47
40,138
61,4
0,50
28,131
18,27
27,91
73,179
179,48
209,220
44,28
7,100
146,27
84,243
143,76
143,25
66,63
0,47
0,54
74,34
83,84
17,20
6,115
64,29
85,97
211,20
187,132
0,25
106,24
55,108
86,26
71,130
9,69
102,71
9,88
46,26
1,137
144,9
60,59
51,62
0,36
1,76
59,79
68,148
0,6
183,69
81,122
27,48
66,48
109,177
58,22
123,61
30,68
37,45
111,15
40,139
64,114
0,202
4,87
70,127
0,45
97,91
56,18
160,20
187,18
18,21
128,64
57,111
23,35
220,15
0,136
53,105
2,30
170,112
29,159
79,21
12,3
146,61
8,116
6,80
0,68
68,131
0,87
0,171
33,55
44,70
0,87
253,20
57,77
116,104
1,64
183,32
12,78
15,129
0,42
5,64
20,48
0,21
0,104
1,12
4,15
216,28
0,10
3,215
189,170
114,115
5,92
42,17
14,19
86,60
36,164
103,3
149,34
0,92
1,112
5,14
109,148
0,159
0,125
0,66
0,6
1,122
74,159
76,140
3,118
139,51
111,127
2,3
133,48
63,57
155,163
0,3
0,116
2,223
4,4
102,68
56,163
25,118
99,12
0,3
94,26
8,175
8,279
114,75
66,19
140,49
3,250
14,165
3,91
177,54
64,73
0,89
0,13
10,222
129,11
145,49
38,99
130,52
62,106
3,63
87,99
140,72
12,213
44,27
12,129
37,49
7,24
35,66
147,37
86,249
69,135
1,130
24,95
170,6
155,153
207,14
0,125
26,187
66,75
0,8
76,24
89,25
205,48
198,60
0,11
27,234
100,78
2,1
110,67
0,220
1,93
0,7
56,195
14,255
24,29
83,12
29,23
41,21
172,101
153,10
19,156
1,89
0,98
188,75
224,20
9,75
0,5
10,210
3,17
160,22
1,94
48,100
143,14
20,25
0,24
2,13
119,12
166,97
89,109
16,80
17,154
75,146
8,133
21,70
113,13
23,48
1,59
22,40
122,56
1,141
97,230
149,10
143,8
52,50
64,73
87,87
0,59
22,187
51,143
0,177
61,17
0,94
86,138
88,91
97,83
140,59
18,8
2,10
39,91
99,109
0,16
75,68
3,86
31,220
101,101
1,6
182,48
6,86
0,16
15,52
20,125
54,92
11,81
159,119
147,71
3,97
26,88
8,248
13,202
0,75
5,17
0,7
35,205
74,124
159,70
138,187
16,168
93,36
9,50
0,120
151,30
15,5
74,73
104,59
125,47
42,230
0,80
20,117
141,100
242,73
183,82
31,147
81,131
24,61
2,62
59,92
66,171
3,115
141,24
34,231
2,73
0,65
24,27
29,22
159,128
173,45
45,113
2,148
43,177
119,92
162,30
39,41
6,0
31,48
5,13
158,47
30,26
56,19
42,116
31,74
16,13
0,65
7,157
96,70
4,187
4,11
48,222
146,63
0,7
0,114
5,28
242,16
7,78
12,7
19,17
154,13
168,20
30,181
7,1
81,24
1,9
0,57
115,105
2,192
5,54
16,169
177,66
51,66
6,71
12,76
12,69
3,159
12,123
193,7
8,44
72,106
32,184
5,219
6,90
4,150
55,32
47,69
112,66
101,122
0,5
92,42
83,219
13,150
8,95
246,47
12,79
25,189
173,49
3,177
68,9
68,81
82,15
40,186
135,73
0,82
16,57
0,200
196,10
23,150
42,59
4,268
64,96
18,65
138,36
13,67
12,200
27,55
46,149
215,23
117,45
23,45
58,16
122,103
12,18
0,7
11,185
79,50
44,129
0,93
15,132
210,32
44,53
0,147
192,3
5,258
2,214
147,103
67,59
7,2
0,58
24,239
149,9
42,25
111,115
1,34
210,68
48,80
15,136
143,95
17,26
18,30
261,42
14,4
1,93
96,101
64,59
79,193
7,61
83,87
32,96
0,12
95,101
1,90
0,17
147,21
32,67
0,33
0,125
23,24
92,50
0,190
78,99
53,11
47,2
30,172
126,111
254,45
29,35
125,35
0,56
35,200
0,48
240,73
14,6
21,131
111,10
39,135
0,94
100,128
50,24
1,119
71,58
205,56
60,53
301,19
20,169
65,168
0,90
1,18
0,157
0,79
0,29
44,17
239,23
82,150
230,104
23,138
55,219
179,12
47,7
0,12
126,56
106,16
198,80
5,168
38,40
0,134
237,27
44,73
0,292
156,0
134,224
2,343
79,63
104,159
109,78
17,128
0,75
20,3
15,113
196,184
0,36
0,178
70,28
70,164
34,76
106,28
147,164
12,5
2,16
2,212
18,43
89,117
89,32
8,57
1,71
205,15
0,109
195,6
113,27
54,136
2,226
72,70
126,5
46,123
9,41
46,136
151,52
24,24
0,117
36,144
71,131
110,117
1,54
35,62
33,44
20,166
8,21
69,25
61,41
176,33
90,147
2,6
22,12
9,30
39,6
4,77
11,121
30,164
71,198
66,70
112,119
10,81
67,9
164,99
84,69
7,130
104,122
0,83
138,5
91,24
148,82
0,306
119,84
129,152
69,23
22,87
46,110
0,22
11,1
31,35
112,121
44,47
2,93
49,48
1,51
139,133
1,129
48,138
49,144
134,31
91,44
0,94
26,240
37,74
62,106
58,22
1,3
13,74
24,38
81,217
0,96
71,121
26,112
102,79
0,96
10,42
38,25
69,11
0,141
105,48
136,12
35,81
17,46
1,97
6,4
0,27
119,79
52,46
118,19
30,61
3,100
0,108
3,154
10,162
120,80
9,125
138,49
0,107
32,121
47,62
59,134
4,142
1,110
67,96
150,90
31,0
13,159
3,4
155,49
135,64
6,141
0,13
67,39
62,11
38,128
71,33
119,136
97,36
40,172
13,27
92,67
2,95
3,120
79,22
114,90
214,31
0,175
90,208
0,127
49,20
62,90
103,96
18,0
22,39
114,64
0,65
0,98
138,11
81,16
152,91
47,43
104,27
5,218
13,79
11,41
20,183
132,80
175,181
0,120
168,20
5,33
54,211
84,0
19,232
0,78
0,5
12,82
21,124
30,129
4,54
9,33
98,21
60,79
135,148
14,113
239,241
15,57
25,149
152,91
5,1
0,85
108,45
90,115
3,118
273,88
29,197
55,28
47,73
189,22
147,56
7,31
142,29
36,49
139,65
0,100
3,204
7,164
4,23
146,8
1,35
38,33
68,13
206,17
76,134
13,94
166,82
1,147
121,84
232,55
36,170
12,254
41,223
170,56
0,89
106,25
27,22
27,90
0,41
210,10
7,119
86,118
13,38
0,49
68,115
185,16
129,43
2,144
0,327
63,26
27,62
101,90
65,8
0,159
2,138
111,115
0,71
0,103
15,85
10,22
133,60
42,120
0,15
0,68
2,94
118,33
12,82
105,71
83,117
76,147
21,121
13,84
88,32
173,36
218,10
5,145
0,33
8,88
0,47
16,186
0,19
31,43
1,10
0,106
34,8
145,23
6,7
15,6
21,123
87,88
242,113
8,21
0,97
57,113
0,135
73,138
1,3
0,63
6,139
0,26
15,7
0,143
188,1
40,158
9,96
5,194
68,39
108,5
122,61
96,93
163,16
0,55
15,6
100,48
8,317
51,17
74,122
81,32
5,105
187,56
23,41
5,3
21,142
4,38
1,76
38,195
0,16
45,133
0,3
31,166
58,28
30,228
32,22
169,109
57,110
49,120
5,183
97,113
160,39
128,112
86,45
31,160
3,37
13,134
56,47
82,105
101,198
16,87
206,32
0,99
101,14
130,61
0,84
17,83
0,5
5,33
240,69
21,295
0,97
38,201
1,13
220,2
1,133
108,68
6,191
83,12
7,109
35,51
0,121
147,11
3,162
2,86
57,10
173,46
72,136
34,80
65,63
39,22
108,93
156,58
3,145
6,135
3,170
9,108
0,135
6,38
4,36
58,206
4,132
0,158
144,85
115,131
0,92
0,13
0,109
236,31
146,55
21,350
105,117
87,88
0,300
85,141
1,105
73,96
2,224
0,42
9,5
97,18
26,82
14,197
0,225
152,16
36,6
29,86
174,21
10,29
28,102
8,215
71,11
99,109
78,73
1,7
159,72
1,4
13,30
74,6
2,35
16,70
73,52
121,103
1,12
0,70
32,76
0,31
4,55
13,37
111,75
56,109
12,81
80,128
29,226
59,85
88,53
13,201
81,80
0,132
108,128
67,149
3,29
39,283
11,165
7,156
17,249
19,39
15,240
109,45
75,41
1,82
0,81
1,62
0,113
3,75
24,20
38,241
74,20
6,75
0,28
51,98
67,66
39,144
61,22
48,154
56,42
35,82
2,89
114,13
56,76
73,120
0,170
27,71
22,166
117,29
10,102
0,107
60,173
59,9
19,98
0,8
0,48
15,216
19,197
161,62
19,98
10,61
9,291
129,42
78,23
157,7
26,22
38,41
125,123
13,161
0,35
16,9
40,120
50,139
142,90
9,184
0,83
126,206
89,25
1,11
102,157
111,59
86,71
53,71
178,7
1,165
0,47
76,65
7,22
0,107
103,45
74,14
81,83
114,49
72,51
112,85
12,4
0,71
8,131
51,122
66,78
113,86
0,47
0,22
7,4
28,5
5,81
78,4
110,90
0,58
23,2
245,37
0,97
25,144
113,120
94,8
0,222
26,40
74,15
119,49
77,1
11,122
194,101
180,98
121,10
16,5
187,2
17,28
0,4
7,2
30,110
58,20
0,20
23,27
1,10
40,54
89,22
0,92
104,87
113,162
83,44
0,102
81,188
9,142
1,30
134,117
59,46
12,118
207,71
84,63
62,205
125,48
134,100
4,9
204,12
4,7
10,71
1,387
0,5
172,102
24,82
5,107
77,65
67,52
16,49
120,161
53,3
110,157
26,19
115,51
70,258
150,16
2,128
47,68
13,78
177,168
15,9
274,20
42,33
24,86
23,19
14,23
17,76
0,6
0,112
106,77
40,1
0,36
18,163
44,21
70,19
0,80
2,155
38,45
1,242
92,128
51,168
15,72
14,226
122,131
69,23
74,57
36,207
66,31
47,85
93,93
30,66
66,30
88,31
288,54
0,30
4,3
94,98
4,1
6,181
79,79
0,81
2,175
0,99
26,134
3,181
117,158
0,66
1,81
4,0
11,226
53,32
37,31
81,26
76,41
5,64
2,1
108,127
2,125
2,95
10,35
81,127
5,205
191,31
1,4
32,68
93,49
26,181
44,190
30,33
85,68
1,114
125,151
132,45
2,57
10,88
6,123
20,112
0,91
62,28
11,120
9,238
18,13
40,41
24,119
27,30
79,35
10,100
90,84
0,8
0,122
40,37
13,119
4,215
1,242
52,130
4,106
12,56
0,109
0,106
65,83
19,153
1,179
56,62
1,81
46,162
14,217
107,185
0,204
0,114
5,44
123,127
0,85
82,291
80,26
74,29
0,130
8,158
4,38
92,99
84,116
47,141
89,13
36,107
7,44
54,199
0,55
75,174
116,120
14,90
35,66
52,68
78,169
71,42
26,27
66,100
21,95
50,90
10,264
53,154
62,161
121,31
0,4
44,236
126,132
11,31
127,28
64,148
13,17
104,73
182,44
23,60
77,25
79,8
70,4
77,48
4,4
84,93
164,36
6,16
14,260
62,129
8,21
171,23
9,87
0,149
166,0
114,10
237,12
35,150
3,89
8,6
8,186
56,15
5,437
80,52
22,198
16,94
0,207
1,14
32,128
7,14
15,85
0,127
32,43
2,8
0,37
1,111
1,28
2,184
70,35
88,167
30,26
66,123
178,39
166,21
41,93
81,65
2,146
19,92
1,182
14,189
0,133
22,169
120,38
111,82
103,80
0,243
94,130
0,57
1,66
0,96
108,62
0,70
0,28
67,30
133,61
78,65
3,105
126,13
99,32
12,7
3,4
102,12
56,161
17,192
137,78
57,42
283,19
55,16
26,61
2,4
14,7
4,222
5,64
20,135
38,33
0,121
11,110
55,44
6,0
155,69
0,15
28,174
1,19
50,124
117,36
0,23
95,110
125,7
22,88
79,87
24,149
43,20
48,151
22,18
0,39
85,92
177,52
1,4
21,124
124,24
0,164
13,122
58,28
6,9
19,35
22,72
1,131
243,50
110,59
0,68
17,69
19,5
0,75
167,24
72,106
28,89
107,56
3,56
48,56
27,31
179,16
41,8
170,44
34,22
124,9
10,77
3,174
13,68
245,52
12,76
74,99
2,48
0,47
70,19
138,5
82,143
53,134
115,104
0,101
125,118
125,29
1,88
54,84
0,182
24,123
46,191
85,151
0,49
158,20
106,19
72,90
156,7
4,92
0,318
59,68
19,161
40,3
135,63
0,110
10,11
128,58
11,17
169,37
0,107
83,120
3,74
0,22
10,214
112,89
9,93
125,10
62,144
105,71
242,19
143,116
0,68
28,22
37,68
80,47
14,37
3,246
3,58
3,262
1,8
58,135
219,34
63,45
3,87
33,134
56,191
81,117
94,145
6,41
64,70
11,23
109,44
73,49
151,30
6,139
72,60
130,11
0,138
0,132
46,6
0,216
139,49
81,21
85,93
210,98
0,79
16,178
38,36
10,208
19,92
73,23
55,67
5,204
0,143
46,20
89,78
11,15
33,135
63,107
0,4
44,15
24,243
54,87
58,62
23,132
0,210
13,24
17,24
52,126
0,208
133,36
2,3
2,50
8,16
100,26
0,140
42,115
21,299
0,3
38,87
0,160
183,20
0,92
10,23
225,47
159,41
0,64
174,12
75,141
5,13
127,35
33,113
47,13
168,9
18,47
69,51
127,14
16,130
32,12
196,49
120,160
102,60
9,107
4,58
73,130
0,123
14,110
89,29
4,83
52,14
21,1
160,78
23,211
101,67
125,110
116,115
24,82
103,74
75,88
57,70
57,6
93,34
89,9
5,83
67,112
0,3
114,56
69,35
52,45
36,158
38,37
103,228
51,38
3,81
0,92
51,44
0,101
36,241
3,119
0,55
153,26
1,78
8,22
1,87
94,144
82,27
7,16
176,2
0,52
241,19
35,2
98,111
132,88
0,20
18,115
0,39
30,76
7,101
1,147
8,136
92,198
0,83
48,8
0,29
1,40
75,113
13,46
190,22
50,55
40,88
30,133
68,9
52,13
37,243
169,21
0,90
219,71
11,19
63,27
0,85
32,247
7,56
81,102
51,154
112,14
11,85
46,47
120,107
59,79
144,101
16,87
16,222
36,7
126,20
154,29
161,35
1,10
106,110
0,155
14,137
21,113
52,109
1,55
15,112
45,139
12,181
85,92
64,140
6,84
14,106
8,259
0,146
5,4
116,58
0,17
163,118
104,8
59,162
4,144
46,105
25,87
101,29
90,164
0,126
33,12
42,206
43,41
188,184
80,6
33,130
0,58
0,3
20,52
48,70
100,29
4,53
0,106
72,40
0,10
2,164
0,6
81,15
7,258
100,94
6,50
7,2
2,94
6,154
5,88
96,52
69,156
16,23
104,84
9,165
34,169
15,14
78,44
16,231
0,123
48,23
47,159
131,135
194,55
178,26
1,79
110,147
67,5
49,91
80,44
51,60
1,16
33,88
0,16
66,21
0,39
70,40
0,87
3,137
142,88
2,75
137,75
5,205
140,15
0,85
100,27
26,106
156,25
4,169
69,33
97,110
60,22
0,28
15,4
3,65
124,82
6,73
155,48
63,18
0,87
0,150
0,64
188,96
8,146
103,45
45,2
0,127
152,71
254,10
143,217
173,46
1,70
99,18
0,79
52,4
0,114
186,11
1,24
0,238
10,49
86,112
36,102
0,102
91,178
85,157
19,6
61,97
11,446
3,69
136,11
42,128
73,29
97,48
10,6
52,27
6,51
24,78
187,60
99,3
11,7
3,90
4,151
12,3
1,4
47,153
76,149
4,61
197,46
49,27
231,67
62,22
16,105
0,120
1,125
57,151
6,112
26,22
62,70
133,104
3,17
6,103
0,53
87,82
247,47
0,369
0,4
113,106
58,133
181,12
0,17
55,39
7,170
99,153
101,38
108,100
2,101
31,7
147,72
27,111
234,93
10,169
81,83
12,1
21,167
67,183
10,3
94,19
154,26
5,123
44,102
81,19
0,77
234,57
77,42
33,108
1,139
141,51
157,26
89,117
55,8
126,18
0,65
0,215
76,44
65,137
64,56
6,112
109,33
21,52
32,142
10,138
113,17
74,46
70,83
45,131
0,99
164,10
90,61
1,39
84,220
7,78
17,86
8,6
0,22
141,47
123,90
10,175
1,2
0,213
0,45
0,21
32,38
0,231
8,38
10,127
19,42
8,36
2,209
1,56
172,88
12,215
0,57
12,127
15,36
24,65
110,27
27,97
37,184
3,131
87,264
17,164
13,29
169,6
23,80
19,95
0,129
9,11
108,59
6,100
53,157
158,91
103,23
0,73
102,24
0,18
34,10
14,153
46,112
44,289
17,219
10,62
1,113
188,86
59,48
4,130
84,71
0,4
4,130
0,15
165,84
6,49
10,41
0,76
0,3
109,116
148,20
182,80
0,105
0,59
0,6
92,56
0,70
25,101
0,114
48,35
8,46
111,17
3,116
3,141
167,110
188,55
26,32
146,44
157,38
241,72
6,165
57,32
111,116
8,124
126,19
61,72
6,168
280,29
0,119
0,8
116,60
30,52
120,91
97,89
32,201
53,177
117,21
16,14
134,110
0,85
2,21
101,115
88,125
67,38
35,49
56,35
91,47
2,133
6,191
6,71
60,113
10,151
48,97
100,162
1,4
8,205
127,7
172,13
3,0
0,59
131,4
38,12
12,8
147,39
18,1
188,77
83,53
12,9
199,56
269,17
11,407
154,40
30,78
1,5
20,28
85,107
43,173
17,18
39,62
1,110
0,26
135,29
5,124
9,120
80,101
1,315
161,47
35,54
95,17
11,108
1,165
27,34
42,49
113,211
11,133
26,72
47,194
0,223
153,31
158,102
406,2
32,120
236,38
200,20
101,108
53,47
18,12
110,67
0,72
127,121
72,15
136,136
38,53
7,49
11,59
49,86
40,159
75,10
117,71
243,116
129,57
22,138
4,41
3,176
8,107
270,62
48,49
29,20
70,38
4,170
20,88
27,31
2,3
83,88
3,10
0,48
10,220
38,37
13,88
0,51
12,222
38,71
0,7
50,140
16,222
161,129
65,67
88,8
52,39
2,103
0,21
74,159
145,24
105,146
2,16
0,162
41,186
73,47
23,86
42,47
94,89
49,14
22,185
124,59
2,45
142,75
64,89
2,6
91,71
8,67
6,116
152,30
2,204
0,121
148,56
1,42
80,96
7,16
9,22
116,18
29,71
163,55
0,7
2,99
10,143
34,125
73,89
11,0
18,93
54,138
212,102
153,126
39,91
0,129
0,96
90,28
0,115
31,38
0,71
6,191
2,102
61,112
7,254
44,113
37,269
32,21
69,125
72,60
83,30
0,30
70,40
121,33
106,94
98,101
136,18
18,50
50,195
172,58
8,64
3,96
1,4
3,232
7,125
89,48
22,208
108,66
0,31
41,58
77,98
41,14
31,83
76,85
1,82
0,23
0,75
0,91
71,77
5,120
0,36
11,23
151,89
6,214
159,38
162,77
107,22
64,23
209,116
57,26
5,85
58,142
1,37
10,261
201,51
16,154
1,8
94,94
2,41
146,5
138,21
184,1
27,28
0,11
65,49
309,64
132,115
10,118
17,95
69,55
36,133
100,39
111,116
103,86
0,33
16,11
1,106
35,30
2,187
149,60
104,3
7,46
1,90
116,125
6,43
10,155
128,78
156,132
3,6
0,82
13,40
0,345
52,169
1,175
69,93
0,232
9,25
113,10
94,13
17,2
9,152
64,161
116,113
107,93
18,230
7,8
0,83
218,28
13,110
20,19
78,36
28,51
123,89
1,3
0,83
2,120
38,118
0,64
0,91
95,11
30,116
10,141
169,140
15,250
37,43
0,67
105,28
112,40
0,6
118,17
113,140
5,36
39,64
20,142
169,61
95,64
7,5
9,51
57,187
0,83
67,43
75,45
0,43
12,29
131,15
36,8
50,64
141,119
34,23
0,72
3,23
61,115
212,14
136,38
45,238
40,34
64,66
107,16
129,17
37,57
55,94
86,70
11,8
4,105
163,17
7,66
8,214
26,324
1,169
23,272
134,69
67,45
99,31
74,133
52,116
10,87
124,20
1,69
30,181
5,45
109,111
93,113
24,41
47,111
60,92
42,43
40,52
27,189
0,76
0,33
159,100
69,89
0,3
170,115
99,42
150,105
160,65
34,84
18,286
0,64
19,2
16,31
13,149
2,8
88,50
176,72
178,130
13,156
58,20
0,200
12,12
0,244
79,172
89,104
7,53
61,36
4,75
40,42
165,16
0,70
92,109
17,136
40,158
31,182
72,26
14,189
13,200
74,142
0,30
36,160
18,102
144,40
80,49
66,41
7,49
3,70
75,112
80,105
117,68
0,15
253,20
33,53
7,222
0,165
0,33
9,86
68,9
53,74
110,109
65,63
63,212
16,125
142,9
15,166
64,120
120,32
9,139
3,37
223,124
142,115
2,105
139,23
1,98
280,4
1,140
44,54
45,61
20,7
0,116
74,44
50,184
74,51
0,194
73,78
37,149
10,105
1,139
0,16
108,141
182,98
0,113
11,49
31,73
129,121
122,91
5,346
217,65
0,64
11,181
0,6
57,8
166,58
53,103
175,58
41,82
0,88
95,87
39,158
27,144
14,164
10,15
100,127
17,4
97,111
28,96
1,105
0,69
94,81
14,158
16,86
1,22
6,125
44,104
30,202
182,30
31,16
12,58
6,13
0,120
29,34
87,26
37,153
0,19
256,10
0,210
214,23
198,8
5,6
40,61
106,8
28,274
10,7
9,149
89,34
9,119
24,54
34,28
0,14
3,115
1,41
0,107
1,113
180,15
4,105
0,86
183,44
12,266
0,9
108,228
0,203
173,25
10,98
203,16
76,57
87,67
0,86
74,73
44,166
90,100
1,3
144,62
0,101
324,21
111,36
30,50
211,60
146,17
5,202
24,76
13,56
50,140
0,86
12,3
14,143
60,163
44,30
22,117
0,150
10,14
31,8
108,23
69,39
110,101
76,122
175,87
160,64
21,81
138,91
188,21
26,53
151,33
9,35
0,22
47,135
83,196
0,179
156,61
29,98
1,219
145,43
101,102
44,27
195,24
10,11
0,121
144,62
10,134
99,49
53,10
97,12
127,189
117,82
45,268
12,62
0,41
1,15
0,82
126,15
0,4
11,81
21,157
6,59
5,127
67,32
26,130
130,88
33,239
0,3
82,87
119,83
167,5
8,92
2,114
109,9
0,4
29,119
20,24
60,23
59,63
89,87
0,92
0,11
22,17
104,79
46,136
81,88
1,123
0,95
77,4
0,5
8,9
0,87
4,34
162,13
115,30
3,9
1,22
29,95
3,101
1,112
250,70
8,156
39,14
39,57
2,133
94,137
104,27
89,17
3,76
72,92
101,122
11,67
11,33
2,119
76,39
1,195
3,27
3,168
29,78
26,101
2,13
3,77
98,66
34,117
118,71
37,15
142,54
0,26
102,9
40,174
76,81
78,128
0,140
132,8
256,17
84,41
1,3
132,122
17,118
0,65
9,33
223,12
75,84
26,104
282,38
0,91
88,16
11,327
142,36
59,158
0,118
16,194
81,42
16,27
6,94
15,173
1,133
82,75
4,38
0,36
0,340
91,113
229,10
45,50
139,15
74,183
17,6
10,111
12,20
1,45
58,173
13,144
8,57
180,63
4,124
139,32
0,59
162,134
62,55
96,28
44,145
5,18
4,183
3,102
55,54
0,113
20,14
13,157
25,103
1,90
1,18
5,18
13,151
153,58
57,14
31,28
61,49
46,46
5,230
12,125
4,47
3,29
76,46
27,71
35,105
99,143
13,107
4,220
60,53
12,16
6,1
0,137
0,53
18,3
135,5
5,68
26,161
94,150
91,51
23,5
77,205
154,38
56,195
1,118
92,17
4,163
12,90
1,79
101,99
2,16
0,51
181,48
23,168
48,166
8,24
0,136
1,95
60,33
75,51
126,35
77,100
118,104
3,96
122,23
46,141
3,0
84,96
88,56
100,19
2,1
5,5
49,213
54,25
44,65
2,56
42,88
28,57
0,136
42,63
77,131
24,97
0,79
126,114
96,85
86,6
152,91
5,16
129,129
2,114
10,63
107,8
6,101
215,56
119,42
115,13
91,79
18,24
7,32
11,147
0,5
5,3
13,163
164,7
15,77
3,15
0,169
22,168
133,84
126,20
1,12
61,106
153,71
158,117
19,74
44,12
69,35
29,153
7,163
125,158
0,43
79,60
32,43
132,55
126,14
27,109
45,168
5,112
0,135
66,139
31,98
13,107
22,14
16,129
14,51
26,45
29,4
53,99
22,51
42,62
10,91
91,87
15,74
37,71
2,186
58,141
50,30
160,14
204,21
48,102
30,170
95,84
8,3
106,151
10,126
105,47
13,5
0,20
104,128
148,78
0,34
2,77
65,74
3,270
51,25
134,38
0,103
151,39
11,4
31,59
0,73
0,130
89,133
153,82
0,68
46,267
79,194
153,66
175,51
91,130
25,196
0,26
241,25
74,52
0,45
159,48
0,17
1,240
57,42
20,85
130,4
47,80
5,15
175,63
0,7
0,91
12,7
41,137
2,75
104,176
45,158
2,130
48,27
0,254
5,27
43,138
31,107
106,15
70,133
32,116
63,52
6,127
80,80
30,114
122,122
3,12
90,36
46,128
69,127
6,61
133,66
133,16
0,124
22,107
97,72
44,78
3,42
21,154
8,104
22,117
122,101
35,37
5,124
9,107
13,133
1,60
162,93
0,35
7,142
40,79
111,114
33,8
8,117
91,47
96,10
11,56
12,18
14,97
6,54
73,39
0,60
3,20
0,109
38,169
49,9
29,41
0,36
10,44
4,83
93,125
46,97
26,31
155,55
0,11
113,67
113,39
62,54
4,5
5,191
50,137
51,46
148,3
125,101
47,100
16,33
94,103
11,189
23,67
0,120
0,13
248,60
58,47
2,72
210,48
192,79
5,85
146,97
189,42
1,283
22,19
11,41
11,210
61,105
47,24
0,79
19,97
18,2
165,19
0,151
147,1
3,5
49,75
0,60
158,13
0,16
209,54
4,94
135,17
0,5
70,141
60,54
114,49
45,24
27,15
9,193
0,272
44,47
0,55
63,189
47,43
0,15
1,195
153,8
29,41
0,77
2,51
107,126
63,102
0,83
265,55
0,88
0,52
22,191
100,25
50,80
60,69
189,33
15,18
55,53
74,300
0,4
92,26
6,105
133,57
40,243
69,30
45,3
2,161
56,20
23,36
0,70
3,201
1,70
0,79
218,8
28,225
21,6
7,97
35,110
76,162
77,17
0,16
149,94
0,72
0,4
60,103
23,229
37,135
24,83
107,20
29,71
125,5
46,45
16,32
179,11
433,28
116,40
98,110
25,71
133,40
6,90
0,5
19,34
0,40
150,61
96,114
6,14
5,109
159,55
12,111
0,42
57,142
27,1
44,88
69,14
8,73
7,12
0,25
63,47
63,189
48,295
59,28
0,182
16,48
21,89
0,112
1,14
0,155
0,75
4,112
68,117
132,248
90,52
0,64
102,37
1,18
4,84
0,106
98,16
67,69
15,150
17,64
52,242
0,64
37,263
15,22
0,131
149,98
8,104
0,145
0,127
116,49
57,178
0,9
65,78
14,284
181,40
161,97
37,188
8,117
0,128
2,46
3,30
27,195
38,10
5,161
9,159
61,11
36,18
8,80
0,22
7,19
68,113
98,42
166,33
56,116
1,121
120,91
20,162
6,128
18,19
40,56
35,51
11,46
3,2
6,10
0,120
105,63
41,65
44,34
0,113
1,86
4,11
7,1
31,236
52,2
107,70
77,147
35,170
197,81
111,42
143,36
41,287
0,72
71,61
160,19
0,11
8,138
183,40
15,52
90,12
40,38
37,2
0,87
3,47
0,68
65,90
7,33
109,39
8,20
130,112
38,52
1,48
0,74
23,47
0,159
222,9
37,135
217,68
9,60
63,42
175,68
35,115
0,77
114,58
206,12
38,231
23,26
85,137
0,72
0,98
0,12
84,81
162,35
58,57
216,32
41,175
44,42
36,8
67,44
0,85
2,94
0,8
43,65
144,3
14,117
68,150
4,172
41,61
76,143
9,126
2,267
2,82
9,12
92,108
128,117
0,5
1,61
35,71
17,40
52,168
67,50
116,115
0,137
54,46
220,55
95,71
92,13
0,94
62,136
6,79
43,54
41,46
173,90
141,83
58,275
16,1
0,11
83,112
0,126
1,90
108,143
58,91
37,352
211,62
8,13
1,3
0,89
46,105
44,133
33,180
220,12
9,64
21,127
4,4
19,171
68,129
78,75
26,218
83,21
13,150
21,201
2,86
2,5
34,60
69,33
1,42
184,26
40,115
35,20
0,230
152,101
172,16
28,49
41,128
5,168
3,124
5,89
55,113
0,200
0,87
41,133
110,71
124,35
0,71
197,47
27,40
74,79
122,73
4,52
29,64
25,45
112,20
22,54
123,119
85,109
62,46
138,191
11,67
50,35
10,3
0,86
46,63
77,300
1,11
64,45
12,22
224,8
1,31
76,112
134,14
25,146
11,111
0,57
115,3
2,109
0,294
230,59
0,25
167,34
3,211
9,9
116,45
60,30
20,66
9,110
111,34
114,105
23,98
2,78
40,25
14,117
66,113
49,150
62,193
168,82
1,128
33,51
70,74
17,1
32,108
13,137
34,171
46,97
0,54
7,71
93,108
301,14
279,62
53,121
184,38
71,32
19,79
29,21
0,149
78,92
24,132
0,92
164,63
157,7
5,52
67,11
17,79
27,186
0,164
196,78
61,16
108,53
1,106
88,94
407,25
75,0
7,95
166,46
0,80
0,99
34,111
60,300
23,62
0,82
70,75
1,20
88,91
143,85
0,33
27,30
8,114
49,105
0,78
36,184
54,131
166,14
0,22
6,18
102,66
80,57
116,134
14,259
105,102
1,115
1,118
12,95
9,106
0,70
3,126
47,86
15,108
241,21
10,141
0,24
246,21
33,17
37,167
2,113
125,69
12,95
41,76
31,79
58,189
65,80
14,4
150,73
336,32
150,49
13,118
35,167
18,22
2,204
9,92
102,14
40,108
42,16
53,63
202,37
3,42
102,137
32,64
17,128
128,16
7,118
0,19
25,203
124,32
261,14
16,167
1,246
4,109
109,8
170,40
6,101
55,112
45,19
161,12
14,50
112,61
49,212
3,54
224,38
4,3
5,19
107,109
135,15
123,51
0,203
2,212
15,88
10,240
37,70
80,197
2,197
48,22
9,55
6,34
14,64
23,65
2,58
14,148
221,14
154,46
158,79
3,114
4,115
99,68
0,112
125,23
3,206
93,3
5,245
132,146
1,2
87,107
90,194
6,2
9,93
35,6
3,170
4,1
115,54
150,28
114,22
16,173
1,199
87,82
24,73
1,54
77,101
62,55
122,44
2,240
20,84
52,19
163,53
6,178
21,8
0,118
5,106
0,76
144,146
27,110
2,103
23,145
0,123
1,108
0,124
2,129
146,128
8,225
121,89
27,113
37,40
157,78
11,96
60,134
12,5
87,108
19,104
134,5
36,59
36,245
90,68
103,30
100,82
22,44
176,31
0,53
68,106
0,129
45,169
1,5
9,101
1,149
83,166
8,249
5,20
2,144
41,23
29,36
0,198
71,25
63,48
24,144
40,86
17,126
39,85
6,145
76,24
18,112
0,112
210,85
0,174
125,107
204,152
1,15
70,61
4,20
0,20
0,62
189,35
65,134
28,14
89,162
140,31
2,110
0,156
46,74
98,28
61,73
2,7
8,125
71,25
52,15
45,249
12,243
66,125
0,141
0,3
2,68
3,0
45,106
163,40
10,33
48,49
0,87
82,84
27,26
86,55
32,0
7,200
3,199
0,198
23,234
23,121
183,11
12,22
0,40
19,178
0,153
0,102
13,152
1,62
272,18
198,138
104,155
0,4
111,54
38,68
89,94
204,11
106,129
1,97
26,32
11,2
22,165
134,84
74,11
0,29
11,162
0,48
261,48
189,94
95,24
34,14
17,160
84,43
0,54
110,16
0,81
73,79
133,44
11,85
67,168
112,57
6,10
105,12
90,174
31,136
159,24
98,94
91,43
7,248
4,7
148,29
6,41
50,186
115,6
2,150
2,2
124,44
11,0
100,23
0,79
0,19
23,73
134,102
1,52
1,153
82,25
2,16
0,13
106,48
1,127
5,91
49,101
0,146
11,57
3,59
48,130
47,154
24,10
9,101
0,213
2,287
12,49
161,86
254,60
75,115
37,98
0,128
0,5
0,114
115,134
8,15
21,9
130,138
0,93
62,59
0,22
33,125
1,31
231,13
6,137
6,127
118,58
65,204
28,180
74,221
143,0
77,14
1,178
91,182
19,6
18,188
0,41
1,221
82,96
144,70
1,47
6,170
125,137
0,9
111,15
66,81
9,48
0,117
58,80
151,13
85,100
161,4
1,233
12,147
50,20
74,54
6,47
56,151
1,123
0,168
94,25
163,7
6,49
3,20
0,37
150,3
0,143
10,11
146,12
59,80
44,196
53,54
58,182
1,111
5,16
0,3
48,159
76,51
0,3
155,42
34,140
4,30
35,99
0,4
18,195
219,42
166,88
8,78
171,85
44,82
32,8
135,130
140,20
58,129
101,76
24,117
14,244
30,101
53,129
159,2
3,3
1,58
54,41
41,78
4,89
74,43
11,4
75,142
0,334
1,4
239,30
0,186
0,10
3,299
44,50
12,188
132,78
183,19
16,110
5,150
53,66
103,81
3,117
111,46
108,165
8,115
39,58
162,74
0,52
21,112
8,101
3,56
190,57
76,41
17,209
0,166
8,107
29,134
5,76
96,156
7,3
70,91
4,6
4,2
199,59
1,62
2,233
107,52
36,48
68,46
43,195
67,177
3,196
68,38
48,39
28,56
106,86
113,104
106,149
66,216
152,30
1,36
24,7
15,144
124,117
91,105
83,87
72,12
191,46
5,202
141,10
17,29
98,90
95,37
59,126
0,159
14,33
137,101
1,52
44,135
77,139
0,47
1,7
232,18
5,101
7,108
50,110
2,7
59,216
12,220
3,87
61,110
58,18
48,264
57,13
28,81
3,18
152,71
11,175
0,6
9,180
106,66
22,93
3,33
1,124
41,31
9,4
131,30
9,152
96,58
0,128
1,27
101,151
94,85
0,103
50,23
9,41
183,17
2,177
90,95
14,37
45,85
73,108
53,61
52,175
195,19
28,46
198,13
29,13
21,24
37,124
6,103
0,24
286,23
47,181
48,48
5,145
116,100
63,159
40,26
136,2
9,29
64,231
66,91
84,92
4,3
40,160
1,8
53,13
0,124
94,71
67,58
22,32
26,64
15,170
65,9
44,39
24,199
17,63
49,64
86,66
37,25
246,7
15,62
52,62
129,36
34,173
55,6
67,61
21,69
0,30
17,65
99,123
3,9
18,89
21,111
129,26
52,104
2,26
0,99
3,94
0,161
1,2
64,32
131,74
33,140
39,106
64,25
0,113
12,43
1,152
45,3
216,72
145,100
69,94
3,81
48,70
124,19
18,89
120,106
197,27
0,84
7,62
14,69
163,7
3,14
74,42
34,63
179,44
9,55
27,17
29,73
1,73
123,98
10,74
4,18
2,147
118,131
45,142
93,158
114,80
115,29
0,108
0,69
6,12
0,203
69,53
5,23
28,104
161,16
29,29
0,152
44,70
0,29
0,96
31,18
56,138
0,102
71,182
9,217
64,64
33,65
7,75
106,17
161,108
180,79
9,203
0,107
0,93
153,42
42,47
55,41
93,18
133,60
0,69
162,65
0,16
1,227
86,102
141,15
88,82
12,228
103,12
20,72
36,137
41,258
73,43
261,35
6,127
28,26
7,23
170,46
20,94
57,19
53,72
69,130
19,79
17,63
19,101
11,142
112,22
123,40
52,37
174,105
50,66
145,62
78,136
135,79
133,11
7,15
1,188
246,24
7,16
108,20
89,54
102,128
126,93
75,141
43,20
12,69
4,184
6,25
65,52
2,102
14,44
73,209
18,10
95,174
36,70
10,98
188,84
8,141
2,13
56,101
168,27
30,163
257,27
76,199
61,179
6,103
18,105
73,75
26,222
127,67
68,177
136,62
3,0
10,81
0,101
67,110
132,76
40,39
73,24
92,39
3,69
167,29
158,16
0,130
25,178
0,114
0,91
81,29
58,152
48,296
76,169
77,210
30,103
0,112
13,2
0,4
3,244
5,31
0,121
34,119
45,52
98,47
41,58
6,59
128,27
2,202
88,66
1,103
0,83
2,152
146,26
23,10
115,108
103,31
5,9
4,26
2,69
266,14
0,64
196,36
27,117
141,70
6,26
135,138
33,160
63,92
0,14
132,64
14,87
13,105
209,106
119,82
0,56
5,103
138,60
30,238
49,21
144,78
136,56
41,119
30,41
6,113
39,111
25,37
3,147
29,98
0,13
108,26
40,111
189,85
1,114
0,115
0,17
1,3
9,105
0,45
0,177
1,43
0,22
43,103
164,36
46,64
19,32
18,23
81,33
45,258
117,34
11,0
46,26
26,132
107,29
144,97
94,62
1,128
1,98
2,26
41,22
8,125
34,103
158,115
81,86
5,188
1,94
1,4
87,32
0,86
79,171
204,45
204,61
6,150
142,2
62,71
6,267
104,52
137,101
185,20
110,35
6,2
0,76
0,211
35,93
112,119
150,30
3,140
0,24
31,178
0,121
143,106
60,33
0,44
57,14
54,165
0,159
38,157
237,46
86,230
4,4
0,106
115,75
31,52
0,9
1,46
185,4
81,10
0,86
4,108
33,278
1,29
80,31
7,17
2,1
147,55
18,194
121,49
228,38
10,17
156,110
45,190
14,104
13,15
28,95
107,30
23,65
3,121
9,206
30,104
8,136
0,200
124,141
32,56
34,129
42,40
2,320
81,12
113,14
0,129
14,56
1,89
32,252
115,155
206,6
0,148
5,67
230,28
51,114
51,18
192,81
112,80
62,16
28,101
36,226
163,29
8,157
50,45
77,46
46,119
1,87
0,43
51,127
6,60
69,90
94,47
2,215
214,19
31,87
2,139
0,337
0,82
41,46
168,106
2,120
0,65
19,10
157,50
8,245
40,45
0,65
60,63
36,54
20,113
119,78
21,219
55,14
50,176
208,78
169,128
16,113
2,214
0,29
0,24
36,159
74,83
0,168
12,58
84,100
99,67
10,38
111,60
19,185
2,94
115,18
184,9
2,69
144,81
57,3
9,20
169,18
16,85
1,109
307,12
58,29
37,52
9,23
1,5
0,86
93,86
56,45
15,12
51,89
0,86
16,115
0,87
148,8
72,148
0,51
8,228
0,113
17,287
162,75
136,139
0,133
82,53
67,117
10,47
168,94
106,57
5,1
55,27
3,17
0,5
18,59
76,33
3,135
120,90
0,37
93,78
37,96
0,13
65,78
30,76
223,71
17,116
87,286
54,150
62,91
103,72
150,116
82,93
101,104
6,151
83,96
0,121
115,81
0,132
13,98
0,150
68,8
18,186
22,174
71,158
0,131
328,58
31,212
1,24
3,81
16,115
175,52
0,145
41,203
11,63
13,217
7,108
0,5
187,38
93,65
93,44
0,137
11,27
4,62
54,76
0,22
152,57
2,115
80,97
60,57
35,194
2,251
1,119
48,21
176,47
5,12
4,22
181,51
200,14
32,86
0,90
3,79
24,0
25,31
3,139
0,63
99,48
71,110
28,46
148,39
8,16
3,164
0,75
48,23
42,42
38,121
16,66
16,21
69,134
40,48
56,40
101,197
139,21
160,136
114,64
91,44
110,123
97,26
4,126
132,110
85,51
79,55
98,112
21,79
168,44
260,27
1,83
96,28
0,117
193,128
6,6
0,121
10,214
8,81
31,74
71,78
3,212
21,26
22,29
161,16
150,86
9,29
117,107
86,110
27,37
26,45
54,68
99,38
54,84
23,84
0,238
44,7
31,14
40,17
0,85
88,70
113,63
0,131
94,42
112,159
11,209
17,143
0,11
40,103
6,179
18,88
27,170
55,182
0,95
2,55
49,218
0,13
0,22
181,42
2,151
97,122
22,116
133,147
0,11
16,138
6,10
47,17
69,137
55,62
43,58
10,31
51,110
1,17
30,37
4,248
197,1
140,44
62,74
0,4
34,72
122,125
12,40
165,60
100,101
0,83
0,70
3,4
27,117
108,21
159,14
4,238
6,95
61,39
86,125
109,166
98,224
88,203
64,95
103,162
2,104
74,65
10,68
102,175
43,94
67,105
124,64
28,88
0,109
131,34
0,72
4,24
0,83
0,7
61,63
114,15
15,104
0,33
0,80
30,96
147,126
0,94
2,86
180,19
189,35
122,138
76,117
63,51
32,30
5,12
0,57
25,142
62,159
0,25
156,84
43,12
12,154
38,14
6,46
45,106
38,131
18,18
96,79
47,67
1,56
0,25
185,4
53,23
184,51
174,58
177,70
48,32
0,72
49,59
25,29
0,78
200,48
24,211
72,45
147,25
5,60
5,30
38,107
5,27
26,153
16,39
29,94
30,186
12,10
81,160
3,3
89,106
5,139
164,86
36,77
114,5
7,143
1,252
176,104
183,15
68,79
59,43
137,60
154,22
2,178
99,32
8,151
98,50
1,200
0,121
103,29
54,69
0,132
50,159
4,39
109,115
130,15
34,163
0,125
49,37
87,126
50,69
134,28
80,41
191,5
180,172
104,10
37,12
63,53
32,4
25,272
88,128
105,38
59,148
133,77
3,199
17,139
6,129
11,40
19,76
149,45
46,56
0,82
66,139
111,46
1,17
0,3
39,203
48,126
78,17
4,201
123,90
3,91
18,22
168,84
6,144
38,76
88,15
2,81
4,11
7,51
8,53
0,219
74,33
64,55
1,108
158,29
90,127
47,58
119,44
40,77
1,7
1,104
1,77
76,39
57,215
19,148
35,14
17,25
26,100
33,53
1,105
52,24
247,66
5,81
165,117
0,231
0,104
2,144
4,138
64,44
26,18
92,7
233,19
55,171
16,0
23,101
73,113
5,196
73,200
1,2
122,54
82,118
15,202
127,76
93,114
34,89
75,11
63,131
60,153
99,185
0,5
104,25
12,46
1,4
0,178
113,23
2,118
93,34
91,30
1,141
18,138
115,76
1,47
2,100
183,58
150,78
0,67
89,13
58,67
78,93
1,9
2,100
13,71
185,122
9,38
18,20
104,87
74,172
147,109
0,222
3,111
201,14
96,77
36,58
0,14
0,68
175,73
5,139
0,90
0,129
0,10
8,183
0,46
1,219
2,298
16,133
129,48
267,3
5,106
30,92
13,5
126,25
32,138
185,13
20,36
0,21
0,8
2,8
119,36
0,107
44,231
95,42
103,58
108,41
0,232
86,78
20,31
117,24
23,39
19,175
77,131
57,88
144,77
193,5
9,15
54,143
23,141
1,192
96,39
128,89
120,77
177,5
196,51
159,54
12,194
66,141
152,54
92,79
24,186
38,135
60,249
118,92
32,275
2,10
208,44
0,242
0,77
186,31
20,9
5,21
136,111
50,46
0,8
147,78
67,33
107,84
14,106
91,31
0,69
30,242
0,8
42,9
0,10
5,290
14,237
11,90
195,35
106,85
18,85
15,64
199,69
126,3
25,61
90,76
0,103
105,5
30,47
8,34
99,67
1,33
5,167
74,85
110,5
0,13
11,59
0,214
113,43
177,81
205,22
97,109
93,58
161,38
11,147
35,286
72,2
27,111
97,95
108,22
62,80
83,45
37,58
0,85
0,7
80,11
0,12
64,83
3,19
0,134
73,11
142,27
94,89
61,135
14,18
16,47
74,168
119,55
18,10
36,13
65,5
96,132
19,78
11,34
102,42
52,22
10,3
0,8
70,98
42,49
2,60
17,172
0,169
8,174
33,94
56,226
13,69
1,62
28,109
25,197
204,37
15,143
37,114
52,82
118,3
73,64
15,11
97,63
103,44
64,35
105,120
8,130
105,72
104,293
77,36
17,139
0,39
24,187
0,157
78,63
175,77
134,41
2,172
29,32
0,108
101,110
24,7
2,118
236,12
232,59
40,59
7,37
1,340
86,75
3,194
28,159
142,36
76,53
27,55
20,199
33,48
89,107
11,22
1,139
140,22
5,126
93,28
94,158
65,206
2,254
110,40
97,72
26,54
65,131
157,28
225,29
6,68
32,90
203,53
78,126
3,84
61,25
7,9
26,22
0,6
40,86
167,72
2,117
250,14
9,21
91,30
21,39
51,207
72,27
9,50
182,20
18,68
20,50
55,21
0,16
190,68
3,125
131,3
3,125
1,183
0,88
106,4
2,225
5,17
85,22
225,179
59,98
46,33
0,130
0,102
2,124
3,9
1,222
130,31
227,93
0,126
148,17
16,92
56,16
69,118
173,39
107,29
3,10
200,91
0,92
78,74
49,49
56,73
241,33
109,42
52,121
104,68
155,74
2,181
61,119
32,96
0,4
0,86
175,11
116,46
53,195
0,57
75,106
87,151
4,181
0,4
102,11
66,237
18,56
0,296
1,68
0,193
131,97
136,46
5,232
87,24
2,19
1,256
72,12
138,11
147,25
0,97
34,8
92,52
168,261
11,44
59,36
142,111
21,26
0,24
49,126
35,20
0,12
0,105
0,160
92,102
0,23
66,68
42,28
70,61
75,171
0,201
0,146
61,41
73,109
22,116
9,128
0,195
0,28
94,39
0,10
1,38
11,167
7,4
17,30
108,140
26,137
67,51
5,114
12,264
101,58
43,66
152,35
280,21
80,46
0,68
108,82
60,98
4,8
114,22
0,94
259,86
123,44
57,96
210,53
1,5
36,182
43,140
63,69
18,156
0,83
86,242
71,49
2,118
67,65
51,34
268,40
85,26
7,9
0,32
2,102
197,88
0,131
224,70
0,44
9,52
7,10
0,62
90,68
126,42
89,140
36,213
10,106
2,77
0,8
70,235
26,137
14,208
38,97
0,90
0,26
167,71
92,93
171,109
17,154
58,0
47,21
1,7
1,104
0,325
45,58
3,4
29,26
64,176
141,38
109,123
160,11
5,231
65,142
2,314
0,137
4,107
244,20
125,26
50,62
151,71
4,22
186,54
18,202
3,29
38,93
81,37
123,52
1,5
44,272
91,201
5,49
64,164
14,57
5,80
48,22
84,16
5,146
15,35
44,81
1,45
35,61
120,44
7,168
48,77
18,64
54,108
7,138
120,177
69,77
3,91
20,75
17,43
0,13
21,30
72,18
0,83
69,52
85,15
252,31
224,9
25,123
29,265
22,14
38,73
2,122
44,126
200,49
56,103
25,15
151,14
0,32
78,37
126,126
42,199
89,61
39,93
72,142
0,197
5,132
4,13
102,65
91,97
2,30
68,28
7,32
49,25
61,205
22,97
59,102
1,18
117,86
33,104
199,58
1,190
125,10
15,38
62,11
5,197
112,59
22,263
6,37
7,114
106,28
1,4
60,88
111,42
2,105
39,95
114,184
2,73
225,122
91,46
39,25
42,181
20,138
10,155
61,103
50,114
31,98
89,52
195,9
121,64
128,198
97,80
45,144
36,147
117,18
23,109
15,42
0,14
8,19
36,24
294,50
160,13
14,5
29,13
3,111
22,102
0,94
39,115
36,47
60,99
190,136
66,93
2,1
0,9
32,82
103,36
36,48
114,44
164,85
3,173
172,9
0,135
109,121
4,61
51,82
63,142
0,105
186,23
2,170
127,117
27,68
6,44
3,7
1,66
53,6
1,146
225,36
0,65
184,63
92,12
155,34
0,44
0,65
138,174
89,90
41,226
179,98
31,1
11,46
0,130
8,119
0,287
6,70
77,207
4,48
65,167
15,11
1,274
0,137
1,98
74,144
73,93
0,55
68,118
0,171
188,23
141,70
0,55
4,140
45,24
219,40
18,148
6,145
40,116
45,212
2,129
21,124
6,64
164,87
119,195
14,132
1,107
4,4
50,105
23,115
1,64
0,3
4,129
111,117
1,51
66,205
0,3
40,204
3,127
142,19
89,11
117,13
73,75
125,107
6,61
1,65
29,26
9,94
7,20
1,109
223,49
0,111
25,49
1,112
3,31
4,9
1,4
0,119
47,148
197,13
8,250
129,42
19,3
59,62
143,46
9,32
14,192
0,5
56,46
142,64
123,166
16,17
23,31
94,86
150,11
41,15
8,67
1,20
0,58
15,10
13,61
218,120
153,24
80,120
101,50
93,132
194,38
141,109
0,79
149,26
94,43
43,45
51,116
121,64
31,213
40,226
23,91
65,91
0,78
15,124
12,176
6,15
38,63
0,126
133,12
92,31
64,19
3,284
47,25
3,22
0,172
55,17
19,114
1,162
102,101
29,65
12,128
64,18
5,14
0,117
35,122
36,110
54,19
15,37
72,157
45,102
21,48
145,14
20,122
94,52
0,95
64,72
103,68
33,89
0,63
43,39
67,147
59,26
3,231
88,116
31,103
45,112
0,93
166,102
0,41
63,124
117,20
26,56
0,186
122,115
98,162
3,7
72,79
0,5
0,127
82,30
32,60
107,19
220,5
14,55
16,17
0,193
130,30
74,7
0,78
12,141
8,93
131,10
45,70
17,116
2,45
4,106
198,55
3,158
174,195
0,308
5,62
16,8
0,90
40,14
71,218
23,10
2,129
0,110
57,130
85,38
8,31
60,132
20,107
98,8
3,25
1,154
6,40
201,50
71,10
86,69
36,174
118,1
38,18
31,29
18,168
0,52
29,26
29,139
26,147
95,133
91,156
15,49
202,33
17,109
197,73
87,116
3,21
44,15
246,23
14,109
9,110
80,46
16,22
0,76
3,246
22,150
6,4
36,171
3,103
10,43
1,103
89,16
49,65
4,8
119,44
182,8
28,211
3,78
111,100
1,162
110,103
0,93
72,155
65,127
120,111
0,34
4,157
16,82
1,20
31,163
45,16
166,49
12,89
1,104
124,27
2,242
9,135
33,196
97,9
67,209
27,67
31,32
11,64
87,89
0,128
225,1
93,160
78,118
90,83
5,146
0,141
6,8
96,43
13,70
28,179
21,106
214,40
40,329
211,22
11,70
23,134
112,27
1,53
186,50
5,10
147,126
52,24
132,10
3,26
80,15
75,186
101,79
120,85
3,24
118,37
0,113
99,125
0,66
105,69
74,76
2,103
42,133
27,49
65,31
31,237
11,195
20,37
165,11
53,104
0,86
18,166
0,14
6,222
1,67
10,19
23,12
12,51
88,107
11,219
138,26
102,10
0,3
0,12
0,86
138,54
0,79
94,78
0,176
0,150
0,184
233,21
0,90
40,73
102,35
227,22
4,36
0,154
1,2
137,157
0,111
68,18
0,44
27,23
210,26
52,370
20,78
103,14
102,83
22,23
4,93
32,127
96,95
136,69
21,113
5,37
87,71
12,12
39,73
52,115
58,139
128,23
114,24
19,8
5,8
145,78
6,8
0,129
57,56
36,119
46,3
1,86
20,185
111,71
1,185
0,66
1,107
5,128
149,46
58,58
19,51
20,158
13,10
87,88
37,57
1,184
4,176
48,227
2,221
68,62
58,96
135,95
0,36
24,100
117,74
17,90
1,166
61,18
137,81
108,43
4,80
58,53
15,46
81,164
38,136
17,107
81,48
8,45
104,60
4,114
185,24
2,24
5,105
42,98
1,59
1,111
48,114
0,3
11,10
1,93
136,64
6,8
128,62
18,102
4,15
82,28
181,53
1,123
39,10
19,127
76,39
0,14
12,105
22,28
84,65
39,196
113,180
25,261
0,3
42,160
66,111
119,17
147,153
31,122
32,12
42,120
49,25
10,285
113,143
1,98
75,29
16,162
50,128
1,112
209,51
4,37
1,12
135,124
3,222
31,9
24,190
0,13
68,112
100,11
13,117
40,5
31,11
41,162
26,28
118,54
165,47
119,46
128,63
326,15
86,117
17,149
5,106
50,35
62,84
0,15
121,61
0,74
75,99
99,156
0,142
85,26
18,95
13,29
67,2
0,36
0,76
10,48
17,6
1,254
38,53
102,22
224,16
41,189
97,146
21,171
127,88
33,9
82,66
241,1
6,144
111,109
30,9
396,96
18,81
140,50
164,69
58,194
56,107
160,1
2,3
0,11
0,20
216,53
58,98
2,138
155,75
15,2
0,24
49,34
112,60
0,85
2,39
18,17
33,78
182,168
176,138
74,142
16,9
110,10
17,185
74,83
0,57
0,119
94,74
9,169
52,48
22,152
1,73
100,25
69,133
10,31
1,53
13,162
6,13
114,101
4,136
141,22
125,6
88,111
0,36
129,121
31,173
47,25
184,8
61,54
3,0
88,180
19,18
224,11
0,13
0,78
35,23
0,16
0,79
62,50
168,49
9,130
0,34
273,124
10,23
0,85
139,93
42,68
181,8
58,134
69,54
45,197
44,12
0,107
58,199
70,73
4,127
0,6
328,46
148,54
21,156
47,100
150,99
63,120
3,108
174,71
210,2
73,133
17,85
41,191
145,116
15,118
90,65
77,56
0,183
97,45
337,24
0,7
77,16
16,183
82,41
9,151
3,160
113,2
0,4
93,20
29,131
3,101
6,17
99,86
65,182
21,77
14,58
56,75
51,100
84,9
0,6
130,100
3,20
243,14
0,4
2,107
28,16
98,102
47,84
5,161
50,167
39,12
11,28
30,8
41,31
3,140
100,13
207,21
8,154
69,44
138,87
1,113
0,115
2,57
1,101
12,135
50,34
1,211
94,11
0,88
71,117
17,77
196,84
26,133
7,119
49,15
1,69
125,96
0,94
181,3
28,197
28,165
3,51
0,11
125,19
19,144
7,40
29,69
0,4
78,41
12,121
87,69
390,3
26,109
2,5
109,185
20,121
115,23
37,114
108,138
61,53
21,37
9,59
15,143
20,172
15,143
17,138
15,46
0,240
0,161
120,146
148,38
21,172
5,136
10,114
0,68
17,102
249,54
0,135
0,150
16,82
68,52
24,170
98,120
142,77
157,144
4,118
114,164
11,115
7,10
94,0
94,107
163,65
59,6
52,146
7,149
62,100
33,97
38,32
6,78
0,103
125,40
65,11
12,28
143,53
48,22
0,47
2,3
123,49
54,154
117,22
43,197
56,153
62,51
0,29
113,36
69,172
99,119
53,11
145,36
91,247
6,23
235,14
17,11
4,58
0,26
30,295
163,4
80,24
3,39
24,48
131,52
27,11
73,61
96,46
136,28
17,109
192,100
33,25
16,23
238,26
48,193
0,186
66,31
18,95
7,101
13,130
0,182
0,125
1,282
0,137
0,89
177,43
5,12
120,124
47,73
5,109
47,92
1,145
38,212
0,21
15,5
1,180
1,9
0,129
72,80
37,233
76,28
196,7
89,86
3,105
7,1
49,82
19,46
127,15
0,72
28,60
23,18
82,162
5,57
115,48
140,30
14,86
1,54
3,102
61,103
14,116
180,85
0,54
66,118
106,120
36,131
107,33
0,33
10,228
31,51
1,72
0,7
19,66
216,36
5,40
119,10
61,3
15,15
144,61
59,297
0,103
46,10
81,44
49,33
7,32
0,25
1,49
50,200
108,23
4,117
59,57
1,14
1,17
122,18
0,81
156,67
13,8
2,114
9,22
36,124
3,52
105,215
57,41
2,136
65,95
146,31
67,29
0,4
0,49
123,35
24,213
40,1
1,165
43,25
38,27
10,191
56,31
2,133
46,108
53,44
190,72
43,160
155,97
22,23
70,35
29,4
129,173
19,28
4,147
109,20
3,222
27,9
25,156
15,252
19,54
116,33
34,178
149,58
40,185
130,112
39,28
56,13
98,192
14,19
0,70
7,0
21,166
22,200
21,110
10,158
137,89
181,72
81,64
1,159
57,189
3,132
68,160
29,110
103,90
30,67
8,0
33,141
16,98
17,156
109,119
5,147
80,173
119,68
0,86
13,159
3,86
124,46
54,13
79,12
6,281
6,173
0,71
0,227
110,114
42,166
129,124
5,151
0,144
39,130
24,146
2,228
2,40
33,95
134,18
42,3
86,91
1,3
208,76
44,100
46,26
121,25
85,88
92,99
167,87
37,63
51,121
79,13
81,222
25,112
23,250
2,2
150,57
2,66
1,33
0,104
33,21
40,207
24,88
0,4
7,95
0,54
1,74
32,74
123,31
3,67
175,51
52,71
0,28
26,63
0,65
0,28
213,64
76,109
202,20
15,53
2,63
16,164
107,148
141,14
19,118
83,39
135,108
61,39
10,244
100,209
28,6
107,77
212,47
101,28
8,157
80,129
2,119
0,116
183,105
5,186
80,24
0,91
0,65
8,130
7,55
66,38
0,194
0,66
0,226
0,4
77,76
11,162
5,138
22,173
149,73
54,98
4,41
2,99
111,13
51,221
35,65
13,188
13,18
2,132
31,204
162,51
0,53
95,59
1,223
38,101
0,48
86,57
2,1
211,63
1,39
0,42
79,163
49,9
0,65
0,117
296,4
90,36
3,119
190,40
5,56
179,76
4,113
3,159
162,15
40,27
179,67
45,70
11,65
0,66
3,160
25,205
10,11
0,243
16,88
17,69
3,4
34,276
85,112
100,139
47,33
30,201
14,42
6,59
72,66
152,76
8,10
5,131
0,105
0,170
106,20
150,2
199,87
21,187
3,252
194,36
22,84
4,246
0,42
82,112
9,56
7,56
90,27
67,151
28,85
52,117
0,173
6,23
141,110
44,80
39,92
3,82
81,60
40,230
181,34
0,112
74,89
11,138
11,14
71,60
74,127
154,28
100,28
86,141
0,122
229,32
362,72
77,41
2,215
3,22
1,86
1,82
4,111
25,101
5,69
32,178
4,18
54,47
85,93
162,24
25,66
13,224
0,50
0,11
33,130
83,64
98,158
205,33
158,24
10,188
0,78
167,42
119,57
235,58
14,8
22,17
0,53
196,34
26,229
10,86
7,115
0,188
256,5
36,80
66,202
17,198
91,164
0,142
23,110
1,207
0,80
22,91
40,31
57,97
93,15
227,58
17,126
0,103
10,145
82,15
209,31
119,46
125,100
75,50
78,26
8,101
177,64
0,29
39,35
7,103
50,227
64,112
0,89
178,18
217,59
142,61
53,83
26,58
4,141
53,68
67,55
1,8
2,129
18,23
26,19
200,60
198,66
1,10
7,6
54,64
11,65
0,76
68,105
1,8
6,33
229,47
2,158
78,12
62,53
8,39
90,153
165,110
0,108
0,5
23,139
93,93
1,43
193,92
7,98
19,24
68,20
64,99
1,19
2,6
97,34
29,36
0,98
80,153
0,21
23,206
30,65
13,68
220,21
143,32
231,67
21,35
28,95
6,131
245,111
32,22
89,74
14,104
6,227
0,16
14,30
39,12
31,9
9,102
0,245
0,93
3,122
74,45
61,104
8,67
2,3
178,7
33,148
250,20
14,14
8,45
0,110
197,84
0,206
15,189
120,54
5,141
4,116
3,208
45,200
0,124
146,100
386,4
40,64
106,64
131,24
0,89
0,58
13,91
29,289
112,158
7,42
15,189
11,17
113,136
106,15
138,113
70,113
9,184
8,195
44,8
1,3
74,22
229,23
1,7
0,193
0,42
57,31
23,124
155,10
158,106
6,12
166,126
136,65
140,86
1,115
8,87
0,66
0,31
130,10
4,20
2,3
242,60
15,60
0,85
103,19
20,19
7,103
62,40
114,57
0,117
106,102
8,54
0,8
71,108
60,37
20,52
28,37
14,223
94,68
21,17
3,135
5,91
17,22
13,155
1,61
194,8
50,45
10,34
14,18
127,261
60,33
1,113
157,99
42,34
79,94
26,79
218,27
67,148
82,174
154,8
80,60
61,22
40,49
154,64
91,75
5,215
141,83
103,18
16,40
92,108
18,93
249,59
57,264
15,20
86,3
39,137
0,96
192,5
64,89
63,102
0,3
173,64
11,17
136,57
60,149
52,92
11,234
0,151
39,100
54,66
0,115
13,8
95,86
63,140
3,4
2,2
0,184
43,114
138,114
65,59
176,8
0,89
24,56
31,28
153,116
1,113
13,78
13,9
63,104
53,118
0,112
32,294
0,246
152,11
2,199
22,11
19,202
216,31
94,12
68,92
86,104
15,12
54,0
248,22
57,112
1,136
41,130
230,11
7,4
0,45
0,61
124,90
76,27
120,104
147,37
5,166
4,69
12,3
97,172
33,116
16,50
6,142
0,131
162,16
113,182
66,28
17,184
50,89
136,110
43,62
1,129
52,53
24,1
25,156
141,55
107,24
29,39
0,225
101,30
42,172
0,10
136,156
99,8
57,114
30,187
16,101
32,76
21,190
31,98
247,15
5,209
141,25
12,26
165,85
48,25
0,126
25,2
59,56
25,70
47,90
123,96
25,115
151,46
14,170
1,75
3,18
22,11
0,33
0,71
49,33
0,113
42,143
41,121
0,70
0,78
0,4
96,51
39,114
7,126
6,97
39,83
0,23
0,83
43,19
13,205
127,13
11,38
144,41
32,211
9,34
352,39
2,88
72,33
43,78
69,37
0,10
119,94
123,24
24,174
15,43
78,86
14,90
36,97
49,104
1,114
108,81
71,29
125,71
94,46
47,55
198,75
0,83
126,32
9,55
30,3
52,260
28,67
19,62
22,9
31,327
162,64
0,52
25,327
65,41
191,19
168,126
21,129
38,45
133,11
202,44
99,104
6,1
22,24
44,17
307,37
75,2
142,14
72,91
134,4
31,54
97,198
23,28
24,180
167,19
0,11
3,178
30,13
0,44
23,190
71,73
111,113
71,177
179,2
53,72
0,60
12,15
96,141
194,56
0,184
2,93
37,182
0,60
45,204
174,40
66,97
4,145
43,47
134,35
100,122
96,32
2,193
41,120
16,136
86,125
1,13
7,86
6,102
13,136
208,22
139,147
8,56
38,84
67,37
28,133
9,91
22,226
16,50
109,127
67,105
6,56
0,90
5,35
19,99
182,20
34,61
75,20
33,199
0,8
0,222
23,7
254,37
87,165
80,152
79,120
76,45
5,86
61,10
27,152
3,24
89,36
82,96
0,4
2,64
0,117
28,30
127,24
99,131
35,29
3,0
95,20
10,90
171,15
4,76
176,56
71,57
6,103
20,7
3,231
34,31
21,89
0,218
92,28
1,24
2,3
105,136
0,3
19,133
104,16
165,83
5,124
2,111
197,24
166,131
260,8
2,2
0,5
1,168
56,117
50,20
102,81
10,28
52,33
157,37
152,36
36,252
7,88
72,111
7,71
149,26
36,20
0,21
24,49
64,126
136,66
58,175
1,111
0,211
0,104
1,2
54,28
41,239
207,119
23,224
132,88
77,3
5,98
110,123
126,13
4,30
7,10
144,19
0,114
19,76
75,87
0,215
111,58
42,91
5,374
3,190
16,209
12,227
5,95
37,148
2,38
54,71
0,129
3,150
7,191
69,9
189,7
0,14
6,102
38,22
237,7
0,3
191,9
0,70
63,52
76,106
134,18
131,152
47,119
2,34
58,3
0,92
60,27
62,33
6,19
89,84
60,50
0,90
22,314
64,200
0,92
0,99
200,22
86,63
178,31
67,145
0,193
7,123
18,51
83,34
273,24
6,112
49,43
48,210
30,24
0,93
41,111
16,216
26,139
111,41
26,155
12,128
156,108
189,29
0,27
0,65
61,13
0,111
218,21
42,147
1,12
19,281
76,72
0,32
10,234
74,48
19,132
5,52
187,35
115,41
0,97
7,88
73,23
48,116
161,86
54,44
65,36
119,82
20,131
60,85
43,78
130,53
8,30
153,102
103,182
3,94
31,143
8,129
0,100
0,33
47,200
88,2
5,94
168,96
28,146
46,151
41,115
84,57
67,62
76,47
27,139
48,157
249,21
0,3
0,5
214,9
0,216
205,3
0,123
14,155
5,71
0,98
14,52
110,36
3,127
0,24
4,27
73,159
202,60
143,25
33,76
43,18
0,347
1,71
1,108
33,39
0,37
0,4
151,24
11,44
206,52
5,315
4,0
36,96
15,89
0,21
140,33
17,77
126,51
150,69
5,7
18,11
41,133
7,127
3,151
2,141
2,60
286,21
3,2
71,9
1,73
1,24
14,106
40,104
11,195
55,75
9,130
1,4
2,8
0,228
1,73
115,51
74,164
101,11
220,27
0,101
13,24
6,4
1,163
63,49
0,9
3,274
35,4
52,111
42,23
2,86
71,137
1,54
51,190
84,64
62,2
24,138
143,55
23,36
11,209
103,44
99,110
243,78
1,5
29,9
1,37
0,93
64,37
0,151
1,8
281,12
145,211
13,219
31,56
1,254
61,4
61,59
40,54
99,38
51,10
57,43
109,111
266,129
3,181
76,17
12,57
5,19
8,34
126,111
0,30
42,205
1,187
0,178
146,45
98,81
0,7
15,290
1,269
118,143
85,88
122,105
61,31
0,82
3,5
98,75
92,6
26,99
54,139
14,120
31,116
24,22
0,145
0,97
19,31
86,107
122,37
41,51
13,152
49,47
0,5
82,49
121,54
126,95
91,19
66,7
98,76
144,29
43,65
169,46
1,9
0,159
88,21
13,66
38,104
114,15
22,5
13,160
0,139
11,111
213,25
75,60
133,112
52,102
24,131
216,145
46,143
8,64
22,76
146,47
0,154
0,81
114,15
175,76
75,25
0,62
6,101
21,216
61,121
35,5
80,186
26,141
11,43
33,28
4,206
199,47
24,58
128,14
105,95
81,42
0,33
1,68
9,111
114,38
1,205
77,16
112,156
0,202
4,153
79,3
49,24
95,59
36,41
96,19
88,106
5,142
29,38
76,10
10,98
2,245
1,5
75,77
174,64
60,58
87,114
5,76
166,81
0,5
76,54
117,65
12,99
187,86
150,62
70,136
123,25
80,251
0,10
55,88
9,15
1,126
2,8
195,62
5,26
12,269
0,321
195,4
177,20
33,16
63,254
49,125
217,46
74,282
29,8
52,124
103,76
66,75
170,91
68,55
0,27
2,67
86,23
64,18
137,103
94,89
21,147
0,168
6,341
18,126
84,96
36,100
96,39
44,58
155,87
84,66
96,71
10,151
31,39
21,142
0,124
32,15
103,66
41,149
39,176
430,11
8,83
21,113
4,242
135,30
51,146
14,45
85,58
3,42
33,2
0,100
63,112
178,85
161,37
40,90
3,191
109,10
14,197
73,55
24,255
9,96
83,52
132,63
13,13
37,52
42,94
18,104
46,97
24,50
59,111
13,88
1,257
0,16
6,99
136,153
49,10
0,12
137,135
109,22
0,61
0,38
112,105
135,85
50,203
0,79
119,12
54,157
4,11
4,42
135,94
11,202
15,23
54,42
91,114
22,58
17,264
0,158
65,21
0,4
22,5
186,1
56,33
41,158
3,119
16,74
3,105
181,25
136,46
2,133
4,108
146,6
71,171
1,265
45,7
90,4
103,115
29,157
21,77
79,119
89,89
14,27
123,93
2,186
0,57
0,63
0,145
0,90
3,80
2,37
2,131
66,118
32,273
0,76
0,4
0,98
120,29
0,224
32,76
41,108
1,76
1,132
0,107
17,157
32,63
16,183
52,182
12,98
92,6
0,12
92,134
0,74
23,128
1,134
0,76
7,270
267,12
3,0
47,38
55,88
6,96
47,141
40,122
17,98
16,109
94,143
3,65
7,99
0,131
4,9
0,154
121,77
2,133
27,78
15,107
26,112
40,11
98,20
0,178
0,85
135,119
100,24
1,92
57,41
90,80
107,93
2,182
111,18
108,164
50,13
101,97
23,94
141,109
64,196
53,130
212,62
18,105
45,69
0,105
39,76
219,73
23,34
1,5
6,84
97,39
192,54
163,121
6,1
0,93
32,44
19,39
6,207
88,41
173,60
5,37
7,70
0,176
29,30
3,19
50,12
7,147
100,102
215,21
52,62
0,133
26,186
1,6
0,151
61,16
0,27
61,152
22,205
68,8
7,23
51,27
5,169
3,225
146,131
50,12
0,22
60,19
57,97
16,49
10,76
85,91
12,207
2,31
2,44
7,103
9,75
25,85
64,111
40,93
48,113
68,77
9,22
67,90
66,42
100,80
81,95
14,12
47,18
102,126
4,192
192,0
44,80
98,55
4,150
21,38
123,69
132,57
124,142
77,180
6,46
44,14
162,80
97,24
0,212
51,67
2,182
121,72
67,119
112,183
34,50
29,124
185,45
136,45
47,14
2,3
10,159
124,86
213,44
18,88
72,131
145,103
20,122
90,110
141,143
58,43
159,60
130,101
0,325
0,38
141,22
21,160
78,34
19,55
265,43
85,101
58,87
119,146
52,44
55,156
54,149
29,154
43,61
8,45
0,83
0,7
57,25
77,57
0,3
106,101
58,46
40,298
39,24
0,49
83,99
52,22
41,31
0,89
1,2
22,81
2,2
142,55
100,64
75,74
88,85
23,3
1,71
36,167
28,18
33,283
13,114
4,52
54,164
121,92
193,71
0,30
12,214
4,172
0,24
139,11
0,130
11,62
156,10
90,132
3,38
113,33
22,276
8,173
108,110
64,18
0,3
0,93
6,87
80,120
0,43
130,11
79,104
186,50
4,60
19,172
0,29
123,3
63,18
144,82
142,56
9,178
5,216
13,12
99,55
53,30
52,44
6,155
250,93
156,79
106,40
61,14
96,161
56,96
37,218
130,38
66,112
176,79
0,90
251,73
11,125
19,113
9,48
13,125
13,198
1,32
76,71
76,84
78,78
38,19
100,52
70,64
42,35
0,15
37,51
20,101
91,54
0,53
8,22
19,62
213,74
95,60
27,17
154,91
1,161
178,12
3,109
22,22
146,9
140,27
138,5
2,7
23,191
90,11
5,74
5,23
215,18
217,132
1,63
11,69
7,37
95,174
65,136
0,57
92,110
54,71
59,41
34,44
0,23
110,56
96,129
4,278
0,4
125,6
51,158
19,20
111,26
20,204
4,149
162,85
26,23
0,88
25,71
49,36
8,162
67,94
12,61
18,96
8,2
7,111
16,157
1,139
0,154
77,55
46,52
75,29
0,108
46,201
125,85
74,50
1,10
166,12
0,46
36,123
132,206
119,97
22,95
75,13
88,68
180,62
61,208
65,95
20,49
0,158
39,51
55,27
0,283
1,91
8,9
133,17
0,122
73,84
9,100
14,65
0,9
71,97
0,7
158,32
27,291
137,4
64,166
3,165
10,4
105,74
20,46
143,79
27,12
242,29
5,61
68,111
28,44
0,144
152,135
0,178
69,12
105,5
186,64
5,313
3,21
6,114
46,125
1,57
153,93
71,179
5,130
189,13
10,110
0,76
1,17
13,14
0,219
72,54
79,48
0,129
4,110
28,43
0,23
54,164
31,4
48,44
42,89
94,111
141,38
21,170
18,91
83,148
1,156
37,47
19,33
1,72
5,47
1,103
58,10
12,95
0,71
1,48
1,91
15,15
40,139
43,118
4,121
3,148
53,8
174,62
0,165
0,262
6,127
141,102
26,292
134,77
23,117
94,67
10,6
69,69
11,43
94,11
169,78
69,52
310,4
213,59
25,33
0,59
85,46
29,206
0,68
0,10
104,53
2,127
1,3
8,149
51,41
8,140
60,40
234,25
62,46
119,225
0,70
23,4
9,44
89,16
32,62
175,105
117,152
11,101
3,221
99,134
46,82
1,48
36,200
6,94
45,143
92,106
190,34
136,19
224,15
1,99
1,39
0,89
1,174
95,34
25,20
18,191
142,48
1,4
32,8
24,214
9,180
43,114
60,154
5,118
131,62
133,17
10,144
110,67
1,44
24,134
0,117
0,99
0,16
8,167
17,186
36,225
56,75
0,93
101,84
115,126
0,99
11,94
69,59
8,52
23,90
27,78
97,4
32,139
117,13
126,11
162,13
9,89
74,106
4,25
166,81
5,117
46,87
78,28
38,29
164,45
31,21
50,193
2,63
66,101
181,22
1,122
81,41
20,21
58,112
0,3
81,41
16,162
50,103
0,18
83,28
79,59
64,31
101,129
1,12
7,9
56,46
70,57
26,22
0,157
28,201
0,47
1,80
0,261
20,100
100,124
0,83
110,3
1,85
62,101
0,44
4,34
81,99
0,101
0,4
20,223
10,3
94,25
8,166
230,23
1,170
94,26
5,54
94,107
7,7
222,9
81,118
66,106
195,10
7,287
219,35
21,43
35,93
30,189
0,43
0,174
0,150
0,155
139,4
220,28
29,83
38,43
0,32
0,26
0,75
49,62
8,55
0,121
115,161
0,22
30,37
1,77
4,23
11,175
71,81
106,121
2,1
2,119
58,202
15,212
1,6
74,151
4,120
122,21
121,180
176,62
61,164
1,100
31,49
9,36
1,171
148,70
150,71
28,7
59,20
5,68
2,32
0,61
0,159
8,216
36,50
15,109
3,104
43,127
4,192
0,48
88,200
0,97
46,62
9,190
101,8
5,57
159,88
22,8
3,198
11,226
64,23
67,33
140,105
44,61
0,54
47,342
73,72
88,38
22,107
5,159
0,48
56,17
23,30
10,29
11,124
56,119
3,151
0,95
2,147
1,26
6,242
37,62
59,96
6,120
61,93
184,0
17,220
24,110
49,40
75,95
56,8
0,19
155,23
8,5
7,101
93,19
0,98
95,44
145,3
90,33
7,85
97,96
80,112
1,15
84,19
87,123
52,61
62,87
7,54
7,41
2,107
2,127
1,73
33,37
25,260
47,63
121,30
0,7
113,90
100,133
5,213
25,86
9,106
0,3
44,156
46,235
6,95
129,11
64,115
0,17
86,42
3,19
55,248
49,61
1,7
115,74
1,48
100,166
13,135
42,70
112,37
43,102
3,117
50,193
70,136
126,137
0,14
1,74
63,50
27,9
116,20
113,157
64,33
29,188
12,221
79,170
0,46
200,55
0,201
16,32
32,14
0,68
0,69
0,125
18,131
0,22
236,75
0,26
10,92
35,142
81,53
79,25
57,136
47,108
93,47
1,249
0,9
63,16
3,227
1,131
163,17
69,99
31,79
19,108
73,41
51,5
0,26
95,124
152,75
11,27
0,21
37,156
21,21
313,9
7,16
23,4
1,99
39,151
1,129
131,33
0,128
0,91
0,202
0,98
79,55
248,15
11,207
56,98
0,36
19,3
0,130
141,12
93,8
138,17
159,83
143,54
17,22
141,85
59,16
20,118
6,43
3,30
26,33
29,66
96,17
3,36
53,45
33,64
3,133
1,141
24,110
0,31
84,99
0,107
129,81
2,113
60,30
123,89
27,10
9,102
3,283
95,122
176,36
30,68
5,75
74,73
39,178
2,60
50,53
112,6
1,388
130,113
0,112
33,190
103,73
1,109
156,41
0,69
0,21
0,38
76,47
116,68
196,21
35,31
2,4
3,49
90,67
188,77
164,37
23,2
118,96
29,298
89,39
198,43
52,186
1,94
25,164
22,208
23,4
0,302
37,12
27,79
157,35
0,54
136,75
45,26
1,39
6,11
111,364
59,180
6,95
39,51
0,45
0,30
0,145
14,51
56,20
35,189
84,21
0,19
5,260
101,84
94,109
37,8
54,201
0,16
2,1
42,90
111,12
13,9
176,121
0,47
1,220
4,25
40,10
0,217
19,103
31,49
25,129
0,90
117,11
12,117
192,39
15,66
0,129
0,108
0,131
45,242
111,181
31,9
9,61
0,69
62,41
187,8
20,204
0,42
4,134
255,33
80,22
31,140
0,85
40,78
54,169
4,14
118,12
72,80
1,41
0,109
25,67
115,24
4,66
1,25
149,115
1,125
0,95
31,108
1,9
27,23
3,235
2,55
123,151
60,84
78,9
152,15
57,166
14,64
0,39
0,279
62,114
60,44
266,16
91,70
54,36
1,2
0,66
124,48
0,50
0,85
31,191
37,241
0,73
69,146
1,105
69,37
0,110
11,304
43,41
23,114
33,47
105,56
24,79
53,342
7,149
35,168
78,20
0,153
172,39
80,10
86,4
11,56
0,91
86,25
41,22
68,116
3,83
8,36
53,26
3,137
166,14
114,23
88,141
219,47
51,77
0,189
50,111
0,113
120,65
59,179
55,183
21,208
0,9
67,144
107,21
13,13
45,148
64,88
16,108
87,106
42,128
41,7
0,28
0,133
86,118
65,98
58,103
48,150
5,197
0,9
129,90
69,226
41,140
102,22
49,83
33,69
1,103
44,135
20,0
128,36
169,63
84,146
137,18
30,103
37,194
92,54
0,3
179,63
151,80
13,22
112,48
129,42
11,9
18,12
36,168
17,136
51,120
76,205
47,20
58,147
56,31
4,123
54,92
23,107
0,69
0,83
10,272
0,98
13,162
62,64
26,71
31,19
233,18
22,4
0,64
3,1
116,202
152,95
50,152
82,129
21,33
11,74
76,31
12,67
5,50
83,31
0,41
149,114
30,123
0,61
3,225
213,55
5,29
1,11
416,7
84,257
0,70
85,101
31,124
11,176
0,139
258,46
122,28
1,199
21,47
56,78
139,34
15,80
7,100
19,94
20,112
19,172
23,34
91,199
0,75
31,17
80,45
3,18
0,171
11,138
0,26
219,28
9,180
7,20
61,85
38,3
116,39
1,177
191,61
4,58
47,53
3,11
42,45
1,67
21,255
42,65
4,289
174,46
52,28
124,140
5,3
59,46
0,115
77,59
68,87
38,93
3,142
12,86
94,147
33,46
1,57
61,4
0,10
46,66
18,75
65,50
14,101
75,32
137,101
87,198
0,14
1,60
0,3
155,34
51,57
143,109
155,30
27,37
128,40
70,184
283,50
17,34
225,15
118,46
65,14
1,4
228,18
14,116
96,19
76,44
90,128
4,231
121,110
27,98
157,81
79,114
0,114
8,143
0,8
79,17
164,33
18,115
53,137
118,11
7,60
126,53
2,145
3,126
21,143
78,40
33,118
244,19
181,134
158,81
106,151
0,170
13,137
0,86
70,83
101,77
73,43
3,113
5,4
1,177
4,157
101,71
0,40
31,160
72,18
14,26
13,77
45,53
107,119
63,129
13,18
26,63
111,29
120,128
165,25
43,82
0,291
142,215
36,278
3,118
44,6
87,170
2,87
246,33
69,78
1,228
33,135
12,104
59,186
12,113
52,114
40,172
14,172
0,145
4,109
77,95
7,176
27,143
57,41
36,60
0,26
82,36
0,231
22,165
43,107
38,129
61,86
270,33
1,22
160,69
11,4
9,9
120,49
133,66
63,59
106,4
0,113
1,13
171,81
87,47
0,89
53,27
0,164
3,93
72,72
0,71
25,131
318,45
184,21
79,122
3,2
88,12
99,88
88,89
72,63
67,186
11,216
22,40
127,17
26,175
13,9
13,76
198,17
279,41
17,13
134,58
3,159
6,9
2,105
59,153
0,11
0,14
155,27
0,113
16,175
118,162
37,96
29,75
12,58
0,70
157,66
205,16
194,16
62,88
83,85
143,38
76,13
85,264
16,195
5,27
120,4
196,61
8,15
1,40
37,43
169,13
131,93
24,102
194,14
17,110
5,96
149,62
18,175
8,3
95,44
129,35
8,7
96,224
22,125
42,133
12,107
1,176
39,4
0,80
43,78
18,8
99,115
78,25
30,123
1,75
84,81
15,94
102,40
1,139
6,86
2,4
230,43
216,43
166,49
43,145
64,36
4,165
0,72
101,39
87,153
0,171
18,179
1,161
11,307
161,17
0,192
42,202
129,22
191,38
73,41
0,89
45,23
67,224
29,157
14,19
73,8
0,82
95,10
226,13
115,28
91,33
11,58
89,71
178,111
49,95
185,20
3,282
25,98
73,139
83,181
96,19
18,32
151,24
19,25
148,5
3,0
2,225
30,1
88,112
112,45
13,116
85,92
18,202
48,175
9,223
2,118
264,6
20,150
7,55
16,93
0,175
106,101
111,76
20,58
21,51
43,193
2,122
196,36
1,84
110,38
243,13
0,62
5,72
16,162
122,28
7,52
154,16
2,17
54,42
0,57
75,92
211,6
10,58
4,32
17,57
106,83
8,11
103,56
52,38
55,63
7,21
50,134
298,15
1,40
0,109
116,102
9,6
98,42
37,14
1,4
16,181
83,7
67,255
59,97
10,34
4,157
1,108
3,21
52,136
88,58
63,150
142,248
78,67
7,159
1,249
177,29
200,33
21,141
101,111
18,15
0,139
67,22
40,110
0,26
15,217
0,97
16,51
8,105
2,91
15,27
27,43
1,67
157,59
165,21
201,53
63,75
19,91
29,55
63,14
3,87
59,208
62,171
1,55
31,150
113,151
9,178
202,37
24,7
0,101
198,23
10,33
0,82
40,141
0,8
133,29
102,82
0,251
0,86
57,43
68,189
2,288
92,55
120,110
112,27
77,81
3,144
85,90
2,68
72,159
35,176
24,69
0,325
2,57
96,56
116,122
40,70
33,243
3,104
26,73
97,57
7,4
93,19
0,51
101,27
10,147
1,209
216,20
113,140
70,110
130,135
75,109
0,46
57,55
137,17
0,149
9,81
0,50
101,99
19,10
160,48
1,165
156,78
10,14
86,190
179,153
98,110
37,117
29,123
141,23
1,98
177,83
90,113
1,23
1,80
5,3
63,124
3,96
100,118
114,45
34,127
2,70
3,109
0,5
4,175
241,58
63,97
16,105
9,82
12,39
157,12
6,123
105,91
90,128
165,37
119,45
244,64
9,171
0,5
186,15
6,68
27,62
17,83
66,125
0,104
31,71
15,28
1,2
41,37
0,97
137,1
34,166
31,205
82,21
45,108
14,66
1,176
64,154
156,206
37,46
160,15
15,57
43,175
279,64
226,55
96,153
6,34
0,78
140,27
14,262
111,115
9,150
0,93
41,71
55,154
101,43
0,37
165,42
8,13
82,17
0,7
1,271
5,230
5,80
0,63
0,97
136,57
286,71
0,91
0,8
40,94
6,106
22,2
83,134
27,132
1,13
292,54
95,93
9,68
28,3
12,7
113,31
69,59
177,191
0,135
66,53
65,179
168,111
88,43
89,40
2,205
81,69
54,166
154,48
85,246
177,8
11,64
107,95
16,79
53,196
36,136
43,30
33,179
2,370
0,46
46,211
53,34
0,78
60,11
138,24
1,144
23,3
48,70
98,86
0,136
3,27
233,5
120,17
6,252
36,66
2,167
0,10
99,49
73,87
1,231
28,264
205,11
61,66
102,15
5,0
4,164
24,15
5,168
15,93
145,74
70,107
186,23
40,120
96,181
0,120
26,55
33,128
63,91
59,79
11,21
4,176
15,174
60,42
63,178
0,3
52,93
0,82
22,180
183,178
184,72
109,7
0,18
82,98
69,4
56,48
76,256
0,150
2,3
0,114
28,10
8,57
2,190
6,14
46,50
68,71
28,57
34,172
2,52
79,103
95,39
4,90
157,4
0,97
9,6
14,10
50,68
3,74
18,46
18,82
0,204
1,123
34,119
54,56
7,119
2,99
9,189
20,22
23,32
57,242
2,136
136,90
81,43
14,54
11,68
4,127
0,101
68,167
21,82
52,63
61,24
0,53
1,169
0,4
0,52
5,3
152,107
0,124
0,115
49,56
125,64
37,38
89,8
25,138
74,72
5,12
1,27
23,142
0,38
161,93
0,51
145,94
137,188
28,51
78,21
14,63
17,53
87,160
49,20
77,109
5,167
76,126
16,24
42,196
16,144
0,206
0,104
1,165
0,45
207,8
0,80
1,13
48,133
62,62
2,170
0,20
38,31
7,275
13,81
0,9
29,150
66,193
55,42
4,19
10,39
25,2
108,49
90,52
0,141
246,28
35,103
2,135
86,139
7,112
20,78
9,143
32,116
125,27
3,199
0,12
13,142
0,5
60,13
28,16
0,112
103,75
22,251
49,96
52,158
115,47
155,87
6,112
9,58
56,39
27,66
0,18
45,19
12,24
3,0
52,50
108,75
0,225
0,116
91,201
38,106
0,94
101,93
0,124
94,30
31,143
1,32
128,18
1,110
29,197
103,114
0,37
0,80
17,99
243,69
237,74
48,177
3,185
131,91
215,24
13,30
11,113
0,9
0,18
38,161
4,19
130,60
91,146
3,114
52,150
56,22
18,17
47,259
1,110
74,136
103,94
151,45
0,4
2,225
109,71
9,7
13,72
1,23
49,22
76,101
1,213
3,89
82,61
10,98
1,85
0,203
290,40
137,174
0,49
209,63
29,24
6,58
4,16
72,36
167,89
6,155
45,27
7,175
45,175
243,3
64,178
5,62
84,194
98,83
53,120
182,42
123,20
75,39
8,145
117,224
6,217
19,44
105,44
42,29
8,30
33,101
5,190
115,111
28,80
18,87
10,114
0,14
17,119
7,23
6,19
0,60
26,127
171,94
0,154
5,102
1,27
4,81
124,54
72,48
83,25
3,84
42,35
17,122
91,28
94,94
80,130
72,244
23,75
20,3
76,27
32,37
63,140
0,20
86,133
49,42
0,203
53,43
42,66
15,46
131,22
93,93
45,48
174,8
15,43
144,99
0,97
0,112
173,77
96,67
72,60
100,102
33,46
52,41
29,108
28,18
38,80
3,178
28,33
0,149
76,39
3,157
18,137
0,68
18,17
115,25
121,99
124,167
63,61
5,183
85,132
110,127
0,96
0,15
48,156
8,213
95,25
0,284
75,166
7,124
17,166
4,10
25,166
31,125
0,158
110,38
2,214
2,170
157,51
95,97
87,203
0,62
53,61
21,28
135,27
14,15
1,56
104,66
21,194
19,196
125,11
0,24
86,28
18,136
3,123
1,10
74,92
4,33
142,49
3,80
24,16
69,166
59,191
105,45
28,70
226,92
97,106
56,109
138,29
87,67
181,131
23,189
27,199
0,44
198,50
69,3
6,66
52,55
58,123
103,36
5,63
0,122
67,151
47,117
66,64
41,158
0,229
1,32
65,46
62,42
4,224
71,9
15,218
45,135
127,11
119,109
10,115
120,118
112,83
78,26
0,9
1,189
18,127
80,53
16,30
188,32
94,151
92,308
70,60
186,19
9,54
23,48
26,63
0,178
124,48
0,37
16,0
103,48
20,56
192,70
35,47
186,76
8,121
0,12
7,120
0,8
153,21
1,79
8,1
36,74
3,33
76,49
97,177
16,3
151,105
219,9
59,117
0,12
3,72
107,91
68,111
64,159
6,208
29,159
10,34
75,47
22,184
1,85
9,73
12,214
120,16
9,160
38,109
93,48
53,184
48,208
96,57
48,86
1,117
107,30
18,100
28,112
23,5
159,9
125,43
2,139
1,246
15,219
30,76
94,149
145,135
87,63
71,36
14,63
30,136
111,97
14,209
40,214
2,1
17,136
177,56
98,6
151,48
72,108
0,123
20,11
81,34
0,164
0,66
40,13
36,74
25,129
18,49
101,59
7,177
58,209
129,120
45,120
92,66
147,74
0,11
153,21
15,187
146,30
0,130
24,251
28,94
17,18
15,98
0,33
1,71
102,52
0,5
9,141
69,40
107,112
8,41
12,107
0,128
175,25
79,32
73,37
28,11
30,134
12,139
67,181
92,113
18,5
1,77
48,111
0,81
73,8
27,89
45,39
8,96
47,96
8,27
6,54
52,144
2,216
79,45
30,42
65,208
19,87
107,29
67,56
182,154
100,140
144,4
21,288
52,93
67,46
66,74
210,71
57,28
11,75
7,122
51,52
0,99
16,21
84,77
31,46
20,40
116,71
89,46
71,132
6,74
68,75
1,273
4,10
103,96
60,26
216,25
104,17
36,174
6,99
83,49
4,99
0,63
35,114
65,103
8,185
6,114
111,156
87,76
1,293
55,112
127,31
18,53
116,117
10,111
4,197
83,72
2,78
66,61
15,116
168,54
31,33
48,54
1,189
181,1
97,174
70,227
30,71
34,170
0,60
15,81
38,311
93,125
129,23
35,14
198,30
36,43
1,119
1,97
0,94
19,112
203,36
125,127
0,127
124,115
32,84
4,78
72,43
1,107
65,239
20,170
61,158
21,190
70,45
1,109
67,62
2,151
2,88
61,11
2,146
81,78
98,36
6,49
38,70
91,86
0,129
34,96
0,30
83,96
208,129
77,105
37,14
40,117
111,53
169,11
2,188
32,102
66,36
0,138
64,119
32,164
59,80
35,217
130,112
23,117
6,205
191,33
43,49
0,33
4,91
1,91
55,103
0,111
0,13
101,167
2,183
0,45
42,72
241,57
218,41
134,134
17,11
5,30
3,3
76,155
76,82
0,116
80,223
152,158
122,59
21,114
23,33
234,130
2,22
27,4
64,151
148,94
19,69
20,6
10,105
1,85
0,22
18,236
0,58
0,122
84,71
25,89
4,91
115,99
110,31
198,72
26,171
38,112
232,43
28,59
56,185
31,76
45,28
41,26
185,62
0,38
69,9
47,151
0,42
152,37
82,34
83,96
128,62
192,14
37,194
45,126
78,50
83,122
48,36
89,5
0,7
65,26
0,87
121,109
1,161
28,4
85,111
55,136
21,20
113,117
119,9
3,129
86,173
84,107
106,240
100,68
86,15
154,114
16,50
7,45
21,117
187,48
45,100
16,6
338,20
55,35
39,65
1,37
16,94
67,18
19,123
59,106
2,76
40,267
29,166
0,19
0,34
196,132
39,12
67,31
4,138
3,9
25,171
1,221
148,111
12,103
6,312
104,175
43,15
1,106
119,42
209,36
6,200
63,110
10,123
71,34
8,180
1,52
15,30
45,136
18,192
33,33
3,14
113,57
8,79
34,12
12,10
27,7
8,77
0,219
0,60
94,25
5,206
1,95
14,296
2,161
93,32
4,99
0,119
107,105
3,319
58,135
6,78
9,104
184,41
22,53
2,314
71,168
22,176
12,182
8,245
156,68
0,11
84,62
26,105
149,35
143,34
15,151
0,4
19,198
39,101
68,169
80,41
15,207
8,13
1,96
6,77
0,76
5,29
121,29
3,94
8,40
48,28
53,49
15,171
1,10
34,10
6,177
15,12
0,37
163,37
16,15
111,57
5,30
78,122
34,202
176,35
19,7
56,43
9,7
43,6
35,35
5,186
165,5
0,267
74,14
38,47
238,32
6,114
5,36
0,18
121,122
138,12
112,35
162,58
2,9
8,97
57,100
8,85
27,27
0,125
95,22
11,173
56,158
6,50
77,87
84,29
0,69
20,146
263,71
0,94
90,133
186,18
323,60
0,56
282,0
2,3
55,93
190,56
12,113
17,233
15,48
1,55
7,106
54,76
0,164
145,8
67,86
17,279
57,100
0,87
25,156
11,18
0,45
3,159
176,46
114,120
1,21
0,15
30,76
128,28
87,30
0,19
4,164
126,11
70,61
183,83
66,149
206,28
0,114
38,62
0,287
0,65
21,167
86,64
133,30
212,67
61,113
1,7
37,110
43,106
77,212
112,66
65,88
12,268
118,105
115,118
0,8
0,113
40,58
2,7
0,116
38,246
32,98
83,55
1,26
7,79
1,2
57,83
69,102
59,184
157,86
24,20
11,69
0,115
59,48
24,31
32,179
0,120
8,108
16,3
42,228
72,72
0,17
111,35
166,37
45,32
5,44
130,161
24,14
100,135
13,73
1,26
1,50
2,70
26,45
36,168
111,21
53,36
0,39
23,86
170,137
1,28
96,53
45,46
140,89
50,37
0,250
195,39
71,20
109,74
42,30
15,210
95,11
79,129
5,84
71,103
50,96
19,108
0,42
227,8
92,140
68,65
147,31
42,223
173,43
2,84
38,167
82,20
42,67
39,6
19,26
41,124
18,114
45,189
62,119
0,131
23,143
4,93
133,71
2,45
82,13
59,38
0,9
65,55
6,47
20,54
6,73
163,1
88,91
3,116
52,48
48,25
2,51
46,24
0,137
3,78
66,49
100,97
57,133
14,108
15,105
2,24
49,40
63,107
6,8
0,5
28,189
59,85
1,90
31,70
14,90
40,42
19,180
153,188
36,193
47,222
24,284
15,104
119,6
125,37
38,128
6,16
3,144
121,111
0,37
181,12
62,59
106,196
29,113
1,14
109,58
0,99
87,70
120,17
19,189
0,127
121,50
91,35
170,38
174,92
115,123
132,72
6,120
33,31
149,28
0,173
69,53
71,67
77,28
77,52
58,36
46,85
93,112
54,79
0,14
2,45
59,73
91,247
0,36
66,121
24,72
52,148
7,258
0,105
6,171
76,61
41,51
72,90
9,168
84,60
5,84
35,170
40,130
1,2
0,143
104,5
22,47
35,118
31,57
8,101
0,116
9,12
140,72
1,150
33,101
253,61
3,151
6,68
0,137
0,106
117,39
5,222
16,4
0,3
152,41
8,121
26,180
21,67
1,75
0,91
0,118
178,33
146,202
98,232
102,76
94,4
25,90
0,104
45,36
0,60
114,117
247,53
1,79
0,16
0,68
0,53
44,70
155,90
110,96
0,171
86,25
18,128
153,115
16,134
1,28
148,74
0,140
3,27
4,47
103,85
11,95
8,98
0,62
16,143
62,208
23,46
7,76
52,84
11,88
152,12
120,54
40,38
90,32
26,27
125,72
277,12
0,242
2,15
0,131
107,64
164,110
129,74
4,209
55,215
7,24
15,72
60,107
177,34
124,33
74,24
30,108
10,121
0,32
0,18
1,31
15,75
43,141
33,56
12,79
13,346
8,185
22,174
135,45
25,172
56,36
121,28
0,66
63,41
8,18
101,38
69,7
147,19
2,102
53,61
42,206
87,90
2,68
178,23
6,114
8,71
153,74
39,79
0,109
46,86
0,59
27,128
114,72
104,21
136,16
1,126
128,50
72,19
75,74
7,21
9,50
52,146
77,11
5,69
0,72
138,108
22,148
0,71
4,18
91,21
69,122
7,17
1,125
25,144
0,72
78,39
206,16
3,134
23,99
102,24
14,172
8,130
94,123
147,150
57,73
0,54
6,51
69,58
102,100
3,152
2,100
30,32
167,10
87,79
112,10
72,168
28,186
75,269
21,191
112,56
47,105
209,40
111,131
125,72
1,14
38,76
62,56
32,2
3,21
25,10
0,93
11,15
216,21
5,39
163,67
78,2
171,4
62,1
0,18
0,25
62,176
89,12
76,126
192,63
44,82
90,140
14,89
61,113
42,70
32,15
26,35
91,124
131,167
29,139
5,82
90,252
147,34
94,95
95,25
140,65
2,24
66,43
19,53
69,173
0,86
65,44
2,153
36,151
76,31
63,188
222,37
0,198
29,115
0,111
1,93
56,154
11,7
0,100
104,92
0,10
0,67
0,183
27,91
123,194
4,95
54,133
135,103
74,59
165,1
23,116
0,75
116,43
0,78
24,111
6,13
40,111
36,157
49,208
149,83
21,51
26,157
0,31
0,99
2,1
23,236
0,111
133,8
1,153
92,19
84,85
14,85
39,7
6,149
13,110
51,51
0,73
6,15
140,72
102,24
12,130
52,69
0,113
97,40
35,103
159,70
0,148
1,176
1,10
1,12
3,24
67,89
11,69
18,99
48,60
9,36
47,70
94,5
1,6
119,147
209,12
95,111
196,65
47,46
33,132
27,66
126,40
39,7
170,38
0,23
62,55
47,99
52,18
30,7
51,49
183,45
42,49
2,136
21,211
12,106
23,106
0,9
6,42
137,40
4,71
82,238
0,7
1,20
78,49
53,134
0,134
6,194
1,86
0,91
25,248
0,83
219,36
0,3
3,185
3,4
1,7
97,170
13,27
34,11
179,86
4,178
43,23
0,16
164,109
168,81
1,145
34,173
167,118
0,18
53,107
31,116
0,225
0,95
139,38
97,100
12,38
0,53
37,67
150,4
34,86
22,83
120,79
4,35
11,49
0,13
12,122
138,115
30,207
157,78
9,9
92,32
89,174
3,116
130,90
255,38
180,52
15,3
112,107
109,67
6,6
56,44
59,127
1,140
1,52
160,83
13,239
60,60
160,19
4,34
0,105
302,54
189,10
63,143
0,16
15,10
41,213
23,150
1,2
27,343
78,122
0,130
11,155
1,118
20,106
12,6
81,138
38,12
7,102
122,68
4,113
0,136
118,32
179,46
10,53
15,195
137,10
185,59
0,18
70,39
10,229
90,105
0,8
111,84
8,138
105,85
156,77
47,239
2,138
7,122
0,14
76,105
30,93
3,155
86,160
64,269
74,59
178,29
113,95
3,0
117,26
76,61
2,137
66,26
62,79
47,46
0,206
122,128
207,28
147,50
108,85
8,165
35,120
14,276
60,43
20,227
18,153
69,57
36,108
61,3
93,72
83,16
13,82
84,47
93,41
1,17
5,194
19,64
189,16
10,228
19,40
27,39
131,80
135,16
1,114
191,84
22,195
92,21
0,97
3,44
10,106
64,55
141,1
71,185
152,11
14,4
154,102
7,141
2,74
95,108
42,58
182,72
0,125
204,52
21,58
36,64
55,91
13,118
39,58
54,138
29,94
48,94
107,78
39,71
26,228
69,143
22,37
27,199
11,197
36,109
86,58
15,12
1,151
0,73
78,81
16,42
121,15
21,344
25,131
236,21
8,39
137,6
1,177
19,61
84,182
148,23
7,65
4,40
28,246
88,151
51,100
67,158
107,94
218,29
50,10
1,3
23,205
178,72
163,78
0,233
56,17
150,71
79,37
5,112
6,88
172,79
90,95
45,79
41,78
0,26
51,59
68,147
16,86
195,45
1,57
131,104
8,210
79,55
85,104
2,63
201,33
36,13
9,106
15,127
9,79
0,3
0,137
0,16
1,105
0,227
0,34
2,161
49,95
22,146
127,5
42,44
0,115
89,68
82,66
1,138
9,137
159,7
1,113
61,91
14,45
13,80
0,128
170,78
57,28
0,102
51,228
117,124
59,131
84,76
38,87
162,126
0,16
104,15
36,44
0,124
0,4
104,128
91,22
95,174
0,39
153,46
89,134
1,133
0,236
33,43
1,75
96,42
0,330
42,122
0,43
4,129
21,131
48,155
11,154
175,51
65,26
0,141
253,29
158,131
46,51
0,98
138,53
30,15
0,96
12,235
128,91
96,24
53,70
0,55
168,16
0,285
53,15
176,88
67,63
6,5
2,1
132,205
16,98
63,159
0,179
103,95
2,126
13,7
77,86
147,46
0,13
99,28
129,12
139,99
8,12
77,191
118,59
54,65
17,25
235,10
215,109
141,148
3,4
0,22
0,331
49,85
59,49
0,107
0,69
96,165
103,91
6,262
2,69
191,85
2,65
7,129
163,5
73,3
43,20
0,13
79,51
1,88
5,14
97,4
5,123
263,1
0,12
43,38
86,23
110,66
0,35
17,228
3,126
4,6
24,59
72,37
54,123
27,101
0,86
53,1
73,75
24,58
11,100
36,116
65,90
98,176
0,207
76,201
155,97
122,20
19,99
44,17
160,110
2,84
4,44
0,178
56,61
5,10
2,61
0,88
92,73
58,129
152,28
0,126
56,38
103,40
20,286
75,12
252,9
76,58
7,122
9,32
52,54
56,251
40,243
1,121
55,12
104,122
2,31
163,14
1,8
61,19
0,113
0,63
60,20
56,93
32,10
29,127
1,79
12,133
1,176
0,3
0,166
16,37
104,59
10,91
34,20
1,120
65,120
71,60
0,9
0,81
0,39
6,139
2,94
1,114
53,175
2,58
203,74
35,44
117,108
77,12
124,116
0,3
0,94
88,140
76,11
28,70
0,25
7,5
0,4
76,28
80,184
34,42
0,213
77,148
0,78
0,93
3,149
0,111
2,214
9,151
27,145
0,364
127,175
294,27
0,11
31,94
123,11
305,28
163,46
78,146
216,79
105,123
16,92
0,112
24,47
65,59
3,49
30,91
13,17
99,3
157,48
25,25
162,28
1,9
0,132
69,1
7,38
167,96
172,11
20,91
20,48
24,164
31,31
19,52
54,22
30,78
90,47
194,40
9,120
9,139
1,58
0,35
0,11
1,105
85,129
72,37
13,180
162,12
74,67
70,55
41,15
12,196
187,37
7,143
78,78
38,66
70,41
13,22
83,48
97,10
65,163
154,289
41,41
99,21
57,10
0,57
1,250
0,237
8,30
173,141
2,15
33,104
4,36
26,162
0,287
160,19
121,24
11,144
0,132
178,29
86,23
2,147
46,44
62,75
153,33
1,169
105,67
1,79
57,207
101,95
72,75
48,54
1,180
1,3
151,55
105,81
39,44
18,209
43,141
49,45
54,131
8,47
0,81
99,69
5,133
45,56
6,31
4,3
143,99
41,101
19,34
140,11
4,202
2,13
82,59
167,124
7,80
0,113
118,41
9,22
0,73
3,166
14,21
60,110
231,74
71,48
31,79
0,232
36,18
6,1
179,38
54,36
0,25
110,89
186,85
60,34
23,120
47,60
14,209
9,147
5,101
57,128
2,189
39,247
51,180
4,111
16,9
151,126
0,28
0,114
32,143
8,57
62,17
101,16
167,92
104,67
133,22
13,219
27,8
184,22
126,90
152,3
6,125
28,40
11,52
142,112
5,110
10,52
2,96
25,182
1,63
251,9
135,20
7,39
0,160
95,84
28,17
11,180
139,109
11,214
129,30
3,32
75,23
9,59
152,17
0,96
21,130
5,5
69,103
0,200
28,10
3,294
0,177
156,7
103,114
67,122
102,64
23,21
37,176
8,83
1,196
3,106
54,118
125,68
32,32
82,110
183,74
0,5
26,61
38,10
107,6
0,19
11,132
0,88
0,135
26,34
0,128
11,188
0,148
9,137
46,177
8,24
68,129
217,43
32,122
3,83
12,15
59,127
0,34
5,3
6,27
21,57
95,55
20,43
68,66
168,89
153,25
127,28
13,149
110,41
64,19
2,245
1,67
16,132
57,99
105,117
107,121
40,63
220,60
173,17
5,5
42,168
13,181
31,53
180,3
194,62
25,171
1,164
29,69
251,38
0,126
0,183
171,21
55,69
41,159
63,62
38,85
0,44
108,167
318,22
71,129
22,204
18,85
0,37
4,41
18,2
4,46
6,124
1,182
82,158
2,2
22,53
13,258
0,38
93,118
0,59
0,145
6,154
59,80
89,90
176,76
6,72
15,59
0,38
90,58
40,165
11,10
95,80
102,45
134,41
23,18
35,72
0,4
133,3
10,8
6,2
11,3
58,113
169,28
72,186
213,36
12,132
78,57
2,15
92,2
16,270
0,111
0,164
32,123
2,28
111,116
6,34
27,106
34,33
0,251
0,148
0,102
0,8
100,53
6,24
3,167
80,214
27,41
211,17
118,72
183,4
30,81
109,14
0,187
0,195
33,155
4,174
258,78
13,7
0,84
0,246
2,147
146,23
0,135
68,8
25,33
97,136
48,85
204,46
102,37
74,44
1,108
0,12
3,121
5,9
150,93
92,100
1,226
3,3
60,119
7,101
55,76
32,130
4,34
94,72
46,80
50,37
47,106
334,1
0,137
42,115
175,64
15,13
113,24
4,86
2,220
111,3
0,64
36,14
68,48
164,48
34,90
8,24
2,74
55,13
19,76
70,40
13,157
1,124
178,21
240,16
0,140
0,11
4,44
0,50
134,79
27,209
34,138
58,132
142,3
0,64
124,73
6,93
95,89
38,109
2,32
28,6
107,18
96,68
57,33
4,195
0,61
201,18
23,13
0,3
132,60
92,26
0,112
44,55
19,228
39,57
81,141
164,2
2,305
7,253
165,103
0,211
200,16
86,48
171,8
25,58
47,157
96,65
2,62
152,17
58,155
0,9
149,19
31,9
57,12
135,4
87,88
67,89
69,102
197,52
85,36
34,116
4,91
121,82
1,123
15,39
0,39
11,11
107,68
59,83
0,13
73,49
2,23
83,48
101,5
0,53
41,43
43,86
38,128
54,26
19,211
59,63
44,111
91,40
59,170
42,7
13,86
27,126
17,142
40,73
55,86
0,86
99,171
141,6
14,193
59,13
2,66
9,54
124,48
50,28
0,217
5,5
139,38
0,25
0,28
161,57
35,147
97,124
15,0
3,2
0,11
145,112
0,12
79,22
134,95
155,18
0,178
120,11
9,78
75,121
272,4
3,172
0,57
3,187
0,4
117,170
29,19
4,41
89,141
122,29
116,17
62,57
139,73
11,182
22,154
12,116
101,198
0,229
9,123
0,54
49,36
65,162
111,50
160,82
25,254
125,224
115,41
132,71
7,165
22,95
27,61
9,36
4,11
45,28
50,78
69,8
33,42
44,102
14,173
200,37
15,113
45,74
157,9
74,56
0,121
20,2
0,133
4,10
34,136
92,58
0,16
175,0
48,165
114,29
5,65
0,89
25,78
150,9
5,5
139,33
56,61
135,10
12,53
8,201
101,96
50,107
444,6
158,21
15,141
37,144
20,46
29,14
55,295
4,214
19,35
67,146
70,102
4,108
184,72
19,94
75,68
2,219
2,28
0,112
0,3
87,9
64,185
245,44
50,16
0,39
88,94
1,12
116,27
142,166
141,20
107,59
8,14
0,84
15,259
0,106
70,72
64,75
4,77
21,258
43,74
68,112
133,141
0,74
70,336
15,107
32,64
138,35
4,29
78,73
2,241
32,154
147,137
109,4
153,67
0,91
7,50
8,287
0,120
0,192
30,86
0,152
132,66
85,60
80,196
24,62
0,142
0,5
18,8
74,35
160,68
29,29
158,15
116,42
15,28
83,241
93,139
4,5
23,55
170,25
2,16
30,132
58,232
54,56
104,85
16,146
125,5
0,141
76,169
31,67
1,12
1,119
109,140
0,252
102,10
2,99
188,35
0,8
71,121
0,92
26,13
1,159
0,56
39,80
205,10
63,49
0,39
15,71
0,169
70,47
0,362
25,28
32,141
32,45
24,2
1,68
100,101
48,98
16,19
43,56
165,77
18,92
108,90
0,51
26,19
89,33
0,4
26,74
16,44
198,11
105,20
25,119
21,87
6,15
133,35
43,46
147,30
109,78
0,64
22,193
1,15
74,80
69,125
38,52
0,56
52,59
79,101
100,147
2,75
87,1
51,54
2,14
199,54
43,146
108,136
20,97
171,8
18,62
36,176
6,152
0,37
15,131
19,21
137,119
128,78
148,92
168,89
0,10
69,150
45,22
47,112
17,169
49,190
257,44
53,81
9,204
4,137
10,143
48,29
3,34
84,125
192,58
26,9
53,3
145,139
173,30
91,129
0,154
48,96
22,102
130,64
205,54
4,146
8,16
129,59
0,60
70,223
61,69
2,128
2,11
146,31
56,145
51,52
3,3
121,117
132,21
190,11
144,33
2,2
154,12
1,81
0,57
60,89
106,41
1,221
61,59
244,30
7,42
15,11
0,97
1,126
165,15
48,32
4,4
143,14
0,149
75,108
88,35
1,23
1,6
57,40
81,113
1,247
160,24
0,21
0,26
0,118
13,118
10,87
100,93
149,31
146,46
150,67
0,75
0,61
0,36
16,232
71,20
2,7
103,97
12,53
165,120
61,26
49,45
92,126
214,38
1,107
116,104
48,172
13,115
0,70
108,97
114,32
21,133
54,84
82,151
17,76
17,43
36,39
2,8
8,60
61,153
37,76
125,40
11,231
147,56
0,54
81,123
213,78
48,29
189,125
126,17
45,26
5,1
96,72
196,64
29,176
36,125
68,37
9,152
13,86
0,39
29,77
43,32
54,10
130,1
106,16
46,32
113,81
4,134
355,30
85,34
23,196
0,190
91,113
3,9
85,60
177,211
11,89
68,194
0,15
10,101
4,79
34,34
1,94
62,79
3,124
105,120
136,48
23,174
74,106
110,29
238,16
0,151
1,9
0,15
30,139
2,63
38,129
187,11
195,62
243,25
128,100
47,43
9,71
238,26
4,237
16,170
3,95
93,103
92,76
63,70
0,254
18,164
12,44
110,48
134,245
119,29
0,26
11,97
0,50
64,290
109,42
1,152
0,178
87,95
11,134
56,75
4,210
110,25
5,106
14,135
42,30
16,59
4,106
90,99
148,135
0,107
133,86
13,52
0,23
122,15
77,233
212,60
0,95
166,12
1,2
40,144
1,261
138,89
2,88
67,5
4,1
0,81
8,197
9,65
98,187
0,6
0,165
62,114
12,122
15,85
165,106
55,227
2,277
32,133
0,104
24,39
42,149
37,40
85,152
78,26
31,26
58,7
0,113
2,35
2,41
7,21
2,222
149,79
4,184
57,99
0,82
45,154
76,162
0,5
10,2
20,79
175,43
49,9
45,101
15,63
89,146
51,14
105,37
52,112
177,84
0,158
0,192
147,53
194,76
61,18
108,92
170,25
125,136
20,33
68,76
0,42
72,61
131,81
0,112
167,37
155,20
91,37
241,117
31,22
119,40
20,126
74,164
120,141
15,229
46,133
0,52
0,134
131,60
0,114
0,73
5,109
92,100
84,65
19,186
22,4
82,59
33,239
89,45
5,117
0,7
2,181
3,87
69,187
124,89
0,48
184,27
116,17
0,333
0,157
146,68
120,27
50,90
33,30
167,112
137,45
105,98
45,15
8,141
0,32
5,10
42,45
3,287
9,97
23,226
81,48
24,83
26,86
4,99
1,111
5,83
0,64
4,2
2,113
43,91
35,116
16,57
37,19
28,96
88,180
114,88
209,38
13,46
68,62
1,38
85,201
75,103
36,81
0,124
0,92
16,231
210,6
118,149
100,91
2,54
113,46
28,82
20,52
41,59
39,238
156,160
0,134
87,106
49,37
27,6
0,124
137,79
114,97
2,9
104,66
84,55
8,53
58,178
168,59
140,32
105,80
83,28
51,212
50,43
70,168
11,73
4,166
13,40
126,53
15,16
45,51
23,93
106,129
0,121
62,68
78,44
48,194
0,39
0,222
8,13
3,72
0,267
0,264
92,77
17,32
34,185
90,124
75,32
0,40
2,5
168,58
6,145
0,108
0,91
0,5
89,56
96,190
393,51
6,82
0,78
167,107
5,235
0,10
126,94
265,22
10,150
145,16
204,140
6,25
190,86
56,67
194,34
0,95
86,86
280,21
62,76
81,45
98,48
0,6
0,52
42,137
41,20
246,71
140,64
120,49
64,71
67,202
18,26
181,171
69,74
153,28
8,1
22,108
0,210
64,97
115,20
45,143
91,96
15,74
52,254
25,140
0,202
7,71
147,65
0,124
0,11
31,29
2,201
98,80
0,10
61,23
3,86
122,75
1,152
42,84
0,5
116,27
13,141
106,19
66,186
0,75
10,22
7,163
10,24
128,78
0,159
1,86
73,23
161,29
9,9
118,39
41,35
3,110
121,27
9,244
129,108
3,136
5,170
0,101
135,29
0,7
9,13
19,117
10,54
49,141
43,166
40,137
179,61
185,44
14,88
1,30
38,19
0,88
14,112
27,165
134,141
1,39
136,102
229,31
0,174
134,65
104,74
44,205
0,32
8,87
142,21
0,63
69,124
12,116
17,123
38,79
43,47
4,130
2,117
62,34
1,136
202,40
1,12
29,37
0,269
4,8
74,186
3,5
241,26
0,222
0,4
0,161
44,17
10,41
4,143
0,17
94,83
107,96
3,174
81,59
192,27
0,25
2,12
203,6
0,56
68,59
132,93
99,142
11,7
42,56
0,227
38,44
37,52
4,95
93,71
15,142
15,62
223,21
6,233
6,67
8,151
0,20
59,86
19,9
98,62
5,154
175,26
142,29
0,118
127,98
130,114
18,113
15,100
1,194
7,60
25,228
13,55
80,86
31,267
0,155
52,94
20,182
2,54
9,28
82,116
3,120
2,254
0,146
151,26
93,159
7,18
0,121
41,216
0,187
0,118
23,26
0,77
225,15
63,242
16,238
66,142
8,4
14,26
1,15
1,50
67,201
89,146
154,56
190,43
9,69
150,4
106,117
21,19
6,158
0,3
44,86
6,45
115,12
22,134
39,145
48,197
1,11
15,239
8,23
230,28
112,56
0,3
119,69
107,101
5,248
196,11
11,32
123,84
0,152
0,252
9,47
67,177
7,32
132,65
1,319
0,8
0,115
2,204
202,75
110,195
105,116
1,56
108,143
27,251
9,116
0,46
19,12
95,56
148,47
42,159
5,91
120,77
2,115
179,7
0,153
0,180
33,133
0,151
81,115
148,14
92,47
21,55
9,190
5,7
0,106
0,18
70,38
1,86
79,82
30,28
82,58
100,54
133,17
39,20
65,72
6,7
5,31
73,4
3,37
40,152
0,9
8,99
146,65
28,159
10,50
28,72
3,285
37,126
101,154
9,167
16,45
96,60
57,98
81,71
9,246
84,158
61,23
41,106
42,10
49,104
0,164
8,62
4,16
2,146
43,322
2,3
164,21
258,58
121,33
48,161
88,48
0,43
0,75
3,106
78,17
26,82
152,20
85,41
70,82
79,53
248,6
42,36
76,100
101,7
3,3
55,11
287,79
193,13
22,21
67,51
121,65
6,120
0,128
79,46
42,174
171,104
0,53
124,65
0,150
91,42
78,298
0,7
62,88
147,85
20,115
3,162
2,3
135,89
10,96
139,13
107,37
10,53
37,173
183,51
52,120
233,25
91,134
14,40
12,59
185,137
2,146
20,3
32,36
20,114
81,39
26,106
44,135
1,6
124,143
0,75
131,25
158,20
27,86
2,152
85,132
0,118
6,92
5,100
18,1
0,88
44,175
46,13
30,141
0,142
10,91
5,163
82,78
131,41
203,31
6,278
133,28
38,103
155,76
5,127
0,225
78,92
0,65
44,56
4,37
32,42
9,0
70,54
2,206
26,4
9,29
67,39
2,178
0,88
26,65
2,163
132,103
46,65
42,178
93,57
44,129
107,44
22,144
8,17
81,146
0,159
104,61
161,6
91,113
1,7
13,35
8,32
134,1
65,146
189,3
231,28
77,116
0,52
123,7
12,97
4,59
43,74
48,81
1,14
168,43
62,97
110,109
66,20
42,130
13,155
13,13
24,86
113,8
0,74
12,115
5,17
3,131
55,233
0,125
6,182
11,132
207,14
57,92
13,2
64,172
28,69
23,25
101,3
263,20
170,61
43,29
101,69
29,52
10,202
51,74
0,12
20,149
213,44
0,10
1,181
61,44
49,44
2,104
7,83
3,168
4,17
85,3
23,131
0,115
24,7
30,154
46,10
13,150
43,56
2,72
2,17
0,88
1,71
8,4
40,138
144,67
0,110
87,119
66,258
63,196
123,80
54,163
0,94
7,47
168,50
43,56
0,101
0,76
0,75
37,9
49,222
98,74
10,27
115,40
121,59
154,28
43,4
65,44
181,52
84,72
3,96
109,74
174,38
10,34
5,52
50,98
132,235
199,42
95,49
2,135
59,96
89,154
23,94
263,11
57,33
52,161
20,125
1,131
26,46
0,3
18,157
0,79
49,154
5,100
140,16
0,110
158,92
3,78
11,240
5,70
36,56
1,210
0,131
27,122
33,115
81,66
168,2
45,137
97,49
14,22
141,56
27,89
0,135
13,20
5,28
7,148
134,12
63,26
105,16
197,69
199,41
107,69
51,10
0,117
0,94
0,106
93,43
0,82
9,7
0,9
41,77
8,10
117,49
2,128
245,62
24,176
16,44
77,148
112,64
61,25
45,70
0,161
133,26
5,8
65,256
2,1
1,15
133,23
139,83
77,76
22,181
174,11
79,183
2,136
0,160
94,107
25,212
14,45
0,114
1,90
7,175
26,162
56,98
85,37
74,142
2,242
0,107
0,171
6,170
196,74
0,195
102,18
17,20
29,87
247,38
25,241
0,52
0,11
3,20
17,5
10,102
0,62
94,118
0,88
31,60
0,96
75,39
0,3
0,108
0,221
18,245
112,18
79,18
232,3
35,47
50,48
20,148
8,66
3,14
28,90
91,119
89,40
10,232
106,139
126,44
40,162
0,110
0,8
37,67
0,104
169,21
50,61
34,73
37,159
78,40
81,135
96,57
1,16
247,28
0,11
151,26
63,52
2,87
21,132
18,37
123,117
4,69
1,304
78,57
202,88
116,7
2,24
91,47
49,58
31,60
92,27
71,64
2,207
15,14
217,17
10,59
60,8
21,181
72,116
16,265
0,83
97,15
181,110
30,50
11,98
152,65
67,136
94,118
62,9
6,125
59,75
0,32
118,178
95,106
113,36
136,75
14,116
118,58
106,7
161,80
31,118
45,185
1,99
0,135
94,113
89,90
107,79
27,132
44,40
68,112
136,59
99,135
30,69
110,121
60,101
34,184
89,44
6,88
2,85
5,86
134,116
149,66
86,38
13,55
133,72
18,60
178,116
12,215
61,135
0,101
187,65
97,92
0,96
75,153
0,72
3,5
3,245
129,66
0,10
10,189
0,86
149,20
3,39
85,11
89,142
108,57
73,151
14,61
54,141
40,69
43,120
54,150
0,103
7,46
83,52
155,33
36,122
0,52
10,57
0,119
123,64
9,6
13,8
72,85
53,89
40,139
13,121
12,147
85,182
0,9
24,7
50,94
120,83
216,5
123,113
3,189
28,25
8,136
1,3
31,63
99,32
19,9
50,59
19,94
20,170
20,121
167,134
1,120
111,36
44,111
229,14
14,0
17,419
104,78
139,92
49,145
0,6
55,131
16,71
130,62
188,90
0,124
3,32
32,108
78,46
108,45
0,33
82,55
47,73
57,13
1,107
43,76
17,108
80,149
3,109
8,121
0,89
12,150
110,25
196,5
64,243
39,84
11,15
32,41
24,91
55,23
0,27
239,17
3,76
45,142
141,44
133,30
115,34
104,131
74,29
98,107
175,0
2,378
40,35
0,3
1,96
16,41
141,84
19,49
16,53
91,93
31,7
0,34
19,86
44,42
173,25
31,185
2,90
0,149
19,30
159,36
78,164
69,87
172,56
49,112
31,36
41,83
172,33
71,31
0,116
88,128
148,86
0,4
79,44
1,57
9,122
158,50
1,13
73,48
224,48
0,71
86,45
40,5
71,141
64,17
29,163
125,188
9,80
55,103
9,161
0,180
13,83
11,229
23,210
6,171
6,42
136,26
19,137
11,32
159,117
16,55
0,10
25,62
15,66
0,157
170,3
0,100
57,39
53,80
21,57
23,36
32,199
77,119
69,222
28,98
1,88
101,10
208,102
97,98
105,98
0,63
106,88
155,95
3,84
1,33
42,22
199,19
0,202
187,27
119,98
1,141
47,42
0,52
10,39
93,31
184,26
37,72
0,162
7,6
0,80
0,17
199,4
15,232
79,92
6,24
135,23
180,28
0,172
56,10
109,36
62,90
0,155
117,6
180,27
57,76
54,9
0,85
78,171
122,71
158,31
0,163
0,51
0,208
2,191
0,150
107,124
6,142
4,11
153,27
29,137
20,233
7,96
0,9
9,25
25,135
24,165
10,112
22,144
33,13
325,6
0,140
1,110
66,35
172,64
21,13
3,23
11,95
0,123
43,224
20,29
87,137
129,29
0,119
2,205
0,298
28,31
59,10
86,133
118,177
1,54
82,224
52,77
17,41
33,184
116,83
30,181
2,21
75,46
63,50
83,64
81,167
1,44
80,155
74,87
32,188
0,18
69,39
3,3
47,39
48,147
5,62
20,173
0,42
1,10
15,313
35,7
34,75
4,26
46,14
0,9
0,27
72,107
83,77
23,207
1,102
38,223
184,33
67,9
26,188
59,64
0,4
0,59
245,18
83,131
147,62
34,17
202,85
8,332
42,139
83,82
1,4
220,12
25,162
80,153
0,49
123,150
72,15
17,4
1,4
49,83
119,111
0,22
0,72
88,21
20,127
0,56
17,43
7,153
45,22
186,19
69,84
0,46
63,58
136,94
58,171
27,18
87,29
1,181
64,78
29,3
7,14
100,16
81,63
169,10
2,16
113,31
8,145
156,62
16,296
69,42
253,18
2,25
87,28
204,93
33,120
138,47
84,48
104,12
40,123
27,105
7,77
8,114
3,116
2,23
36,11
0,125
1,241
153,107
32,80
191,46
72,26
20,111
2,19
0,71
2,27
17,150
319,218
9,140
0,68
3,231
132,52
0,89
23,134
1,4
85,96
0,25
2,145
1,122
45,114
20,26
24,295
10,62
27,142
0,16
53,92
116,20
7,91
64,77
2,84
60,173
62,255
123,46
0,76
0,242
358,131
10,35
0,87
20,28
0,5
53,68
3,129
42,122
0,27
161,82
20,222
0,111
31,35
235,6
22,59
60,59
0,174
151,114
28,137
66,68
0,45
94,121
45,112
113,36
258,8
25,14
115,168
3,49
130,79
76,56
15,8
10,104
27,20
0,35
96,28
231,11
0,209
73,110
1,40
19,182
36,27
254,30
0,83
39,24
124,29
56,128
0,41
15,153
79,54
91,92
63,51
18,177
1,191
6,94
67,55
170,3
123,25
0,20
64,109
29,101
0,293
102,3
199,35
94,43
0,77
0,56
28,61
161,26
24,38
218,36
230,18
47,5
4,216
0,94
45,141
0,5
46,191
109,13
22,152
139,57
0,302
0,103
191,61
13,47
17,189
69,81
156,63
49,66
0,6
50,67
0,63
135,62
114,90
16,69
31,48
36,57
17,185
214,41
30,162
1,19
52,152
189,2
0,43
0,14
233,25
0,105
74,181
192,10
5,121
44,148
190,3
96,24
8,15
31,33
21,68
1,111
0,3
2,6
27,11
199,47
157,6
86,55
2,163
69,28
155,33
67,22
161,43
213,101
25,251
24,8
44,57
49,55
0,48
14,243
13,214
119,248
1,154
23,241
119,49
25,343
0,119
55,143
0,105
72,23
204,93
0,82
124,19
0,3
19,162
139,58
169,136
122,65
81,36
8,54
0,82
0,114
74,69
28,69
143,89
17,219
112,25
6,72
193,79
31,21
0,4
3,52
36,62
89,89
3,66
170,129
7,110
87,41
111,159
0,31
158,9
76,46
3,7
9,62
3,140
0,174
0,143
36,124
109,163
132,69
1,67
0,196
24,13
20,194
98,105
45,104
122,27
0,138
3,207
11,20
147,58
0,210
83,11
16,49
138,21
4,252
59,163
12,10
38,170
190,100
1,87
111,103
20,59
181,59
14,51
171,10
127,16
30,20
144,31
86,43
59,13
90,82
171,19
102,18
8,96
72,121
27,131
7,59
182,95
149,134
0,117
2,185
60,148
28,44
0,119
0,109
1,92
97,113
5,83
7,124
10,130
139,7
17,137
156,32
3,140
0,135
125,12
2,106
84,71
51,27
126,21
40,45
48,153
34,155
12,139
184,77
90,120
3,2
10,212
31,109
0,234
78,103
72,79
128,79
1,14
16,97
143,1
12,32
48,92
5,158
81,39
21,53
23,16
29,52
98,93
64,161
118,45
93,125
135,35
29,36
5,162
93,54
219,8
64,177
115,96
21,130
0,76
0,154
0,66
106,20
18,27
64,194
14,111
94,89
10,122
13,12
102,191
324,24
65,109
16,43
5,144
54,43
155,120
1,31
121,113
0,82
87,176
92,107
5,39
0,4
0,127
9,112
0,85
77,59
25,10
28,124
94,101
2,239
269,15
79,105
9,3
0,125
38,102
0,88
28,133
36,60
9,65
95,6
1,3
6,37
143,122
69,126
2,161
75,64
0,322
7,5
69,50
168,33
1,219
162,73
50,44
0,42
21,194
205,52
26,9
7,2
40,71
0,7
72,16
40,11
23,80
76,127
55,22
142,63
39,11
5,98
1,137
1,218
70,10
0,13
2,66
76,204
122,64
46,95
179,14
31,178
0,7
1,36
5,8
5,148
19,85
71,127
128,46
13,170
44,22
9,6
9,132
54,109
30,135
6,74
8,96
4,7
23,99
23,93
35,87
0,70
0,107
6,127
106,5
179,76
77,42
1,122
14,93
62,31
63,39
62,104
45,117
91,78
5,52
26,94
121,70
35,19
52,233
147,30
84,74
147,14
36,53
4,13
0,54
150,11
101,7
73,52
88,40
159,151
80,194
29,121
43,19
0,7
2,128
106,168
36,93
92,78
142,58
16,134
0,46
50,129
127,8
108,40
159,35
74,101
117,101
82,19
0,159
0,117
3,38
8,81
28,117
21,26
140,76
4,144
7,44
56,148
91,107
209,104
22,144
218,35
44,20
50,36
24,127
28,85
78,45
1,132
63,252
121,122
1,189
20,7
109,95
0,5
37,33
10,4
79,191
0,11
71,19
0,182
1,107
52,25
35,86
31,71
28,68
9,127
0,173
138,72
0,94
65,83
50,79
6,222
104,101
3,198
7,101
49,133
39,28
106,4
8,102
8,58
164,72
67,224
146,52
8,210
0,181
11,19
6,28
56,132
4,87
40,136
9,18
4,85
4,268
13,43
17,75
41,322
63,36
54,178
7,28
56,63
154,93
0,106
212,52
220,73
4,24
146,47
191,45
67,4
58,32
0,4
20,64
127,41
129,63
12,201
174,56
26,15
34,102
73,81
47,75
106,36
12,42
16,9
176,97
0,248
22,22
0,15
0,44
138,9
63,130
13,62
0,110
2,137
28,140
67,7
0,95
1,30
0,47
31,93
0,4
0,101
37,169
21,49
32,140
116,79
20,15
0,13
174,55
58,99
2,102
89,17
181,26
98,72
0,228
67,97
0,23
5,187
31,14
0,82
144,141
55,76
21,198
32,149
0,197
24,91
17,58
63,5
4,219
20,213
0,66
5,112
116,42
0,75
132,107
56,146
10,104
68,76
0,165
0,28
130,75
26,34
45,177
67,23
142,26
238,53
36,104
5,162
7,61
0,88
132,26
5,234
44,221
6,120
134,97
0,224
1,120
127,64
25,84
47,51
189,16
16,64
83,132
11,53
22,100
144,196
16,84
86,349
219,104
0,40
0,55
2,57
0,119
58,195
27,107
0,58
49,48
83,157
0,178
17,10
144,84
70,125
0,29
62,38
123,101
1,106
32,54
0,24
109,58
53,158
42,152
23,95
49,112
101,40
42,110
95,69
2,98
116,44
111,68
66,89
10,44
42,159
65,144
13,131
169,68
0,4
17,63
0,47
44,57
16,13
12,53
0,41
30,17
175,6
38,210
2,49
15,105
39,167
10,48
2,208
51,47
99,48
29,84
17,123
0,15
218,23
145,104
10,218
1,54
0,125
174,20
6,142
50,56
72,73
5,189
29,45
44,189
0,99
40,261
159,7
82,35
103,23
3,81
88,38
13,10
2,198
223,49
101,51
94,63
57,215
120,113
223,48
189,40
10,132
192,45
134,152
68,82
61,192
174,123
141,27
0,155
0,22
93,59
0,49
12,141
92,57
1,3
158,92
99,38
15,179
146,40
5,200
9,136
87,163
0,129
42,120
11,197
149,81
61,179
140,33
57,125
122,118
46,77
11,269
0,67
19,42
80,155
27,42
132,7
175,36
39,110
20,40
0,173
13,47
49,132
3,4
0,32
38,13
6,28
0,61
0,39
107,22
22,37
0,8
1,59
14,306
84,16
54,178
83,25
27,198
111,193
91,127
100,69
156,50
251,47
2,9
90,17
20,95
3,41
49,115
50,40
148,101
80,30
26,27
6,87
32,75
0,226
23,54
25,37
13,50
0,195
59,118
56,58
82,68
124,78
116,24
76,185
0,109
4,2
12,37
140,103
0,100
89,48
9,140
69,121
6,47
3,5
109,25
9,127
47,149
4,109
188,56
0,75
116,129
79,25
49,12
12,186
77,148
30,95
94,109
101,112
4,121
3,200
252,26
188,30
157,130
61,153
48,52
94,75
12,170
0,82
89,82
32,145
35,83
2,9
5,232
130,154
121,74
0,296
12,107
61,177
31,72
181,16
46,70
0,110
175,28
73,22
32,46
28,2
179,64
106,172
25,201
203,25
28,354
0,10
134,59
15,67
190,55
163,10
116,22
103,55
10,139
104,43
125,23
93,31
65,132
232,31
60,15
0,76
10,144
17,137
23,157
44,208
62,89
29,58
77,66
148,102
22,6
4,106
23,88
98,113
10,145
129,103
121,12
58,32
5,173
3,34
2,14
12,95
210,11
22,17
26,42
174,75
94,36
2,2
87,9
148,6
107,74
54,53
104,172
225,67
17,12
121,147
33,144
5,1
138,57
42,73
9,8
81,103
1,236
1,142
0,193
3,122
38,100
113,56
0,150
153,63
121,86
86,144
145,52
103,3
33,39
0,102
35,54
45,29
8,44
8,94
0,5
5,36
2,178
160,84
54,128
19,124
46,81
2,13
171,64
15,37
2,3
0,53
90,24
21,149
244,19
0,37
54,34
50,9
1,206
0,4
101,72
5,141
0,308
0,29
69,85
27,5
101,110
61,125
1,17
37,133
33,137
17,126
0,33
17,153
232,18
10,140
14,10
26,91
5,374
26,87
1,96
47,22
139,144
5,18
232,33
1,4
25,121
17,201
0,139
26,249
80,30
2,2
13,28
0,58
3,103
54,80
46,87
0,22
249,36
5,73
0,108
180,20
15,208
0,104
1,111
37,131
5,317
1,208
0,93
0,104
33,99
0,217
0,73
1,51
205,31
10,94
1,159
72,40
6,34
57,322
3,152
41,75
196,78
149,91
76,226
113,54
72,23
7,195
6,97
0,126
0,31
8,71
0,98
182,21
1,80
0,51
193,174
16,35
1,51
69,73
91,9
4,11
0,14
61,40
3,123
52,123
0,104
15,179
220,37
187,4
16,111
50,252
198,9
0,52
137,45
102,75
64,33
25,94
0,41
54,36
46,93
7,113
145,143
36,2
19,81
1,2
85,25
109,156
0,145
1,112
164,90
29,29
5,197
82,33
43,9
113,8
0,152
31,56
19,109
0,67
37,99
229,30
5,110
31,95
1,2
20,177
1,111
12,159
15,5
78,156
44,184
19,75
10,47
4,81
80,17
37,22
104,57
94,63
0,59
119,78
381,48
54,149
2,23
32,109
0,96
9,103
6,64
0,13
11,50
19,20
173,187
76,181
0,10
104,163
4,174
2,196
39,155
127,66
41,9
60,87
39,36
40,109
0,80
108,22
65,79
200,66
125,28
25,101
15,179
0,10
1,142
207,33
173,19
97,103
97,13
127,25
232,18
0,281
8,11
190,39
5,91
120,49
1,21
1,138
9,198
169,21
1,45
9,17
0,92
12,232
210,49
0,201
23,62
4,3
29,35
117,41
63,82
20,146
1,19
12,21
60,10
59,5
98,97
0,73
62,20
2,70
148,44
14,159
197,23
81,105
61,48
0,195
157,43
3,166
148,29
7,41
5,50
22,13
0,197
100,28
92,83
8,4
92,181
0,152
2,290
38,33
61,75
0,71
14,17
361,52
7,125
16,29
216,56
58,60
227,8
25,129
37,56
4,4
0,98
30,74
0,48
102,89
93,89
2,62
176,30
0,196
75,18
101,62
13,133
3,151
208,37
1,135
84,56
1,13
168,33
0,39
0,96
8,12
77,40
63,163
68,59
67,214
22,15
0,8
31,25
38,154
93,54
7,311
0,61
39,174
30,70
118,39
1,241
0,51
106,81
47,72
128,73
99,139
0,122
0,4
163,28
148,14
33,127
51,72
68,146
2,17
108,90
144,18
116,10
13,21
71,110
25,151
113,49
108,52
72,216
25,61
234,9
120,75
3,20
1,178
115,94
7,24
1,120
0,143
1,62
8,14
225,11
3,243
67,155
49,12
117,51
110,177
13,192
134,202
22,149
15,22
99,38
211,12
0,5
23,115
10,96
20,112
0,228
70,17
217,57
45,35
4,135
31,61
30,167
68,129
103,21
96,111
56,82
122,5
21,19
121,77
84,18
66,78
56,131
2,92
122,167
10,17
91,65
0,162
4,276
88,53
39,10
87,58
9,64
57,21
70,177
7,71
7,34
156,11
77,95
5,161
183,36
87,87
92,94
2,4
60,136
209,78
34,200
1,7
139,31
130,68
43,87
23,100
9,141
134,140
24,191
80,42
38,232
72,58
9,26
75,86
1,131
207,30
44,24
2,95
0,106
74,43
70,20
112,47
149,15
0,47
4,163
75,14
78,63
1,190
107,36
1,117
155,14
53,159
1,7
31,54
170,58
16,12
7,73
6,6
19,73
146,67
0,70
0,90
79,36
14,215
52,34
2,47
214,4
88,57
49,129
360,30
2,21
1,125
115,32
93,110
45,74
237,34
12,9
24,273
63,26
64,68
55,78
227,25
0,22
110,26
118,105
1,115
1,30
9,70
0,24
142,124
0,143
1,12
132,26
19,113
33,106
40,3
46,102
9,136
3,10
1,71
81,68
89,233
16,10
8,115
10,168
79,208
3,86
225,13
23,202
3,7
71,89
50,131
3,158
71,128
32,64
65,73
0,195
25,2
9,257
49,52
12,101
33,104
9,101
180,58
104,98
17,38
46,27
0,75
0,87
4,113
1,185
40,181
0,96
0,3
2,195
6,87
123,5
21,99
12,78
0,61
7,80
121,43
0,180
77,22
115,108
15,261
1,5
144,43
0,60
87,126
8,97
14,105
147,107
0,119
12,11
185,22
192,80
1,302
119,81
10,71
14,109
35,33
119,41
148,48
0,59
73,79
2,138
8,93
0,58
43,105
0,112
13,237
98,188
86,107
5,149
0,40
21,53
1,96
0,204
0,10
35,101
191,14
1,10
24,55
17,273
40,44
0,29
148,64
303,49
29,187
109,81
118,123
8,4
41,94
20,176
0,129
77,170
11,144
4,154
55,156
8,101
164,88
2,17
2,14
62,90
63,143
48,49
78,42
130,71
175,160
39,103
0,96
1,4
38,184
118,66
53,95
174,13
205,67
14,69
10,128
119,97
36,130
117,66
12,84
121,25
4,19
1,98
10,85
8,184
138,5
171,171
0,110
30,91
91,78
253,34
66,52
40,163
66,46
0,138
6,6
50,145
18,82
0,59
146,40
1,67
32,25
86,21
64,19
55,25
1,18
7,5
57,115
13,71
65,157
1,30
6,71
70,62
5,73
15,173
15,69
3,97
163,12
240,55
0,3
161,97
3,112
77,169
212,59
4,207
95,16
7,179
9,84
0,84
2,46
7,15
53,83
11,28
105,21
71,125
41,127
0,194
63,50
121,98
80,44
29,25
25,26
0,30
64,7
79,152
101,66
142,130
8,103
44,2
139,91
30,33
89,135
235,37
1,203
3,8
8,78
150,66
199,39
6,49
0,94
89,112
1,82
0,300
0,178
16,11
5,132
8,1
77,244
252,3
98,138
17,45
29,38
71,182
4,267
56,220
1,231
0,4
0,96
41,90
0,99
0,112
29,305
116,112
2,129
9,197
29,68
0,84
80,203
21,58
216,42
150,17
108,102
20,86
41,99
5,139
39,120
2,43
108,31
4,5
61,21
219,9
226,46
1,220
55,93
133,6
18,101
0,63
1,128
55,31
135,111
0,109
89,149
61,39
0,146
0,33
32,80
12,3
20,180
21,74
73,20
169,50
4,16
86,15
66,112
55,31
0,55
0,171
52,152
162,2
50,35
29,259
187,45
0,49
43,20
10,106
128,22
132,11
28,70
1,25
0,68
0,95
51,167
4,3
0,60
98,161
120,62
77,162
55,89
0,153
45,90
48,214
1,15
61,137
115,34
0,25
178,27
23,192
12,6
3,4
94,64
23,22
39,155
31,110
39,66
375,79
31,44
48,203
3,241
6,40
42,16
71,50
172,80
24,20
0,10
4,130
54,53
31,98
222,66
9,106
26,171
48,25
19,175
8,180
121,113
227,25
0,97
96,76
81,29
75,25
165,82
161,31
62,4
30,22
0,30
22,5
53,106
55,16
1,5
16,226
71,14
12,212
51,45
68,145
2,43
25,18
73,91
16,9
58,187
1,244
10,59
1,10
151,88
69,96
39,22
4,180
1,316
130,9
16,22
49,24
158,84
49,76
118,84
2,92
0,13
1,142
97,46
121,88
91,157
2,329
105,54
28,67
38,172
20,119
1,135
43,173
5,75
19,99
17,192
110,55
83,208
123,17
6,77
1,52
5,32
27,48
55,132
35,100
97,46
12,106
54,100
128,48
187,112
8,86
156,45
59,28
0,75
18,131
38,212
71,25
161,32
187,98
141,81
59,35
73,120
154,129
0,20
80,50
129,82
98,13
0,81
0,70
85,50
6,21
89,141
8,149
2,121
8,183
40,31
34,94
92,150
105,35
0,104
53,33
137,148
2,174
19,283
100,164
41,38
0,28
35,105
1,161
2,3
3,119
72,160
28,26
110,112
36,234
91,15
65,81
28,0
11,10
0,100
76,73
0,45
110,83
68,181
19,272
71,231
80,161
113,32
0,85
234,27
43,62
42,60
105,205
19,34
40,97
14,40
55,227
95,98
0,129
7,35
34,44
3,137
7,71
2,223
25,159
0,141
4,97
130,46
81,106
0,56
32,92
15,97
0,30
89,6
133,68
0,125
34,174
174,93
28,151
103,22
71,121
5,18
102,12
26,134
38,26
2,146
249,66
69,53
2,110
0,3
37,160
54,202
77,57
51,188
4,27
102,30
75,58
1,10
50,119
109,112
59,166
9,16
0,147
11,171
201,37
184,14
6,196
99,227
12,9
3,0
0,106
45,138
40,168
79,68
11,163
29,27
113,114
132,16
159,19
8,46
2,24
82,18
1,208
70,56
125,96
51,80
125,17
210,35
41,46
18,159
107,104
183,35
122,13
78,141
8,82
1,218
54,167
0,4
0,79
40,128
1,91
40,208
0,74
0,20
0,163
162,60
195,63
52,139
177,74
150,74
54,185
25,42
107,69
0,158
0,186
0,138
0,64
43,54
48,11
33,111
46,18
52,67
2,88
28,40
113,70
30,104
153,30
89,71
289,4
90,49
23,72
57,183
13,33
0,297
0,26
57,50
36,124
0,219
28,211
134,47
53,13
161,126
30,150
0,72
48,118
0,156
150,30
21,108
55,122
0,107
135,63
3,34
25,141
1,100
64,72
0,32
53,116
0,133
75,193
85,24
1,73
21,112
160,80
41,58
1,5
33,138
2,179
460,37
218,78
26,80
36,208
35,79
50,78
132,31
1,38
137,15
23,158
65,167
167,131
9,33
250,25
85,39
27,20
0,89
89,288
32,268
110,17
12,7
49,189
13,250
8,186
101,18
142,9
12,30
40,18
71,167
67,52
0,10
12,21
271,35
33,36
134,9
4,90
0,20
11,138
128,92
36,138
14,49
193,11
186,89
0,30
179,9
117,14
88,16
44,276
224,93
170,78
0,91
89,190
37,123
58,95
22,88
91,92
0,201
79,34
20,39
96,158
194,4
184,212
67,17
0,272
69,62
1,3
0,21
0,59
67,35
109,167
36,45
0,8
260,1
0,7
218,47
69,68
61,154
0,38
15,50
38,150
0,141
21,80
4,242
0,74
1,239
192,7
1,6
0,3
5,197
87,208
1,25
0,74
105,51
111,32
139,115
3,26
76,238
15,130
14,163
98,76
157,58
21,62
20,44
140,81
64,50
48,62
1,6
0,66
18,26
95,24
56,29
18,222
6,54
71,152
85,17
11,163
35,57
117,8
0,65
9,194
201,22
104,39
27,173
10,85
0,13
1,38
30,129
12,196
0,114
0,99
162,20
120,2
20,193
0,23
22,9
328,24
43,153
27,143
25,155
33,93
5,63
145,29
50,7
93,98
9,126
1,95
17,192
14,23
5,18
188,21
16,84
9,129
5,145
45,164
73,63
54,40
103,103
14,107
0,140
36,195
33,209
18,71
127,121
88,69
11,73
27,137
105,90
55,152
16,13
40,21
2,215
91,21
2,2
139,95
0,99
22,71
210,57
110,31
0,113
229,78
25,121
6,179
0,37
7,118
4,113
80,63
164,42
30,1
93,42
8,95
67,39
56,85
65,62
128,90
23,125
0,84
135,81
0,79
98,118
57,197
7,13
184,68
86,243
0,114
18,129
60,127
14,118
13,58
163,42
2,61
8,239
11,57
85,20
0,106
26,148
16,91
35,61
2,6
0,77
10,53
24,118
38,97
85,158
5,93
124,5
5,142
119,109
7,43
43,34
161,20
2,106
33,189
11,71
57,298
88,106
6,106
53,9
27,24
6,35
3,0
5,38
180,21
62,47
130,54
69,14
22,54
166,63
1,70
40,34
0,102
5,16
78,146
39,152
27,54
142,55
94,27
21,154
22,123
57,13
49,134
1,43
81,21
56,89
157,114
8,49
51,19
30,101
29,17
17,128
43,9
13,93
72,24
32,68
98,59
2,63
144,49
0,239
0,66
260,36
23,119
49,34
0,89
69,89
8,241
119,44
0,6
26,99
71,71
36,90
0,14
21,34
37,207
78,8
168,115
156,111
54,171
63,79
290,10
50,70
6,43
211,64
25,61
7,109
2,97
140,28
4,118
17,143
0,3
9,113
0,16
57,48
0,101
14,179
0,44
256,11
43,142
196,35
23,125
75,148
28,46
0,136
0,5
61,180
0,20
165,139
27,75
102,25
36,174
2,64
1,3
39,26
130,9
35,81
11,13
43,41
35,48
169,29
9,43
1,23
4,14
46,160
12,133
8,86
5,27
21,26
95,92
29,60
136,14
4,38
90,149
14,139
133,29
77,132
9,100
1,33
7,24
14,24
90,92
0,83
15,4
77,45
2,148
50,76
51,60
0,25
27,47
173,20
44,127
33,37
2,108
112,25
188,79
31,135
10,19
107,42
157,28
85,83
111,37
10,263
43,93
167,20
0,38
8,120
289,10
90,96
70,68
26,172
25,266
233,1
184,48
39,23
98,14
0,81
23,58
42,12
145,47
2,186
88,86
18,37
2,131
0,107
0,42
0,57
1,187
88,47
0,3
55,46
71,96
190,18
10,119
195,19
6,91
158,34
135,2
28,24
61,93
186,23
125,113
3,22
0,29
173,15
21,181
111,67
191,114
124,77
4,87
10,87
22,86
0,48
0,110
59,70
0,105
6,2
181,4
12,128
7,38
138,83
16,32
20,53
0,98
7,1
14,2
131,27
3,84
16,38
70,66
45,170
2,112
21,25
120,85
16,27
1,65
1,154
8,134
181,74
24,117
10,172
186,85
270,66
42,159
0,227
2,120
189,41
94,188
121,57
71,30
0,7
132,54
139,24
197,98
31,121
120,80
17,61
67,14
0,105
141,35
137,33
0,4
204,49
77,11
62,77
18,130
0,180
91,26
121,107
0,119
0,34
11,12
5,86
0,229
115,75
1,2
11,48
59,27
0,23
13,138
0,128
7,208
22,193
124,59
84,8
50,13
6,66
191,29
94,24
37,171
147,120
183,38
38,146
10,103
1,67
182,87
23,28
0,193
35,140
186,14
0,123
89,57
46,49
169,119
212,33
0,148
113,109
52,124
1,222
28,119
61,86
104,65
79,20
99,8
77,30
7,192
16,110
0,25
142,46
90,89
0,11
1,140
27,13
11,17
196,13
74,43
147,61
1,97
122,29
74,32
0,26
196,20
5,7
222,22
100,140
223,34
3,135
2,172
0,37
0,4
1,11
120,14
161,102
68,191
35,139
3,69
0,7
1,27
172,21
59,134
43,174
91,74
214,3
145,100
14,60
14,27
0,9
115,113
4,265
32,111
14,0
56,20
33,210
8,70
29,256
69,131
1,72
107,100
0,173
7,157
1,260
0,74
0,107
51,49
0,199
111,5
13,91
121,129
128,59
120,154
64,124
53,137
21,348
12,4
193,57
28,23
8,12
89,57
60,111
0,115
23,76
25,72
103,25
138,16
5,3
159,91
58,23
42,47
1,211
107,7
15,22
1,10
60,51
89,44
111,78
1,172
0,56
149,46
196,35
8,94
135,35
32,165
151,24
76,82
2,3
0,167
3,23
54,148
3,74
5,104
11,111
1,85
194,11
10,3
61,56
91,286
89,13
101,24
20,17
2,115
6,34
0,122
200,15
322,23
12,179
168,96
119,162
22,159
428,33
207,197
0,6
0,166
278,25
0,199
74,56
163,41
239,18
115,11
2,84
34,98
91,96
0,28
0,74
1,165
3,21
22,123
94,182
77,158
2,24
176,10
67,68
16,70
1,214
21,67
21,76
176,0
145,66
186,59
95,22
107,84
1,23
38,7
36,30
156,54
58,32
9,311
167,16
61,16
105,25
133,74
31,270
27,23
27,191
1,45
0,11
7,111
10,14
69,106
27,26
61,124
115,33
109,18
124,70
28,93
46,49
40,9
134,100
63,56
25,148
230,50
60,164
115,142
118,60
8,239
15,9
43,186
241,111
8,119
23,18
9,85
123,12
190,136
178,5
135,70
228,29
172,72
0,4
0,29
10,15
0,3
47,43
24,113
128,37
7,116
167,103
0,74
38,173
17,143
7,8
124,102
0,190
9,147
5,84
71,140
55,28
118,73
33,173
9,31
0,14
95,161
0,73
215,60
71,50
153,44
14,140
124,81
3,18
5,25
33,120
0,321
13,78
224,56
4,78
178,137
0,3
86,6
10,13
54,127
0,121
8,59
110,109
4,84
7,148
10,84
103,123
20,189
33,4
72,134
7,118
23,145
84,27
68,94
134,102
26,164
109,95
16,20
60,168
88,10
12,29
1,195
17,198
4,229
55,175
25,270
0,35
192,77
0,45
94,41
5,103
29,13
53,114
6,74
0,140
8,33
3,66
2,317
251,5
17,106
87,62
150,26
12,29
0,104
84,131
20,129
32,128
32,69
40,33
1,97
3,82
89,47
3,29
2,5
48,124
43,113
0,120
10,26
5,35
110,35
1,30
134,97
36,195
1,25
58,21
1,15
19,14
9,82
2,63
98,169
27,135
23,201
119,4
165,135
169,169
86,132
40,9
67,115
27,73
0,65
22,77
68,62
0,78
5,134
155,77
51,237
13,25
6,83
70,93
47,91
4,210
166,84
0,179
11,98
0,75
5,49
130,130
0,45
15,59
3,202
19,11
120,159
143,66
2,110
17,129
16,137
25,115
121,63
173,5
46,14
0,12
0,35
0,242
0,119
42,75
3,170
231,2
11,186
97,40
120,150
55,185
167,70
161,11
225,4
12,4
4,153
7,176
0,223
115,61
11,112
149,29
72,8
46,48
8,132
2,157
0,230
126,91
20,3
69,190
0,94
120,14
1,110
24,104
44,144
102,73
0,97
2,9
1,134
0,3
95,49
60,93
19,209
9,198
58,28
33,105
0,177
1,218
43,110
0,244
0,181
24,156
49,34
88,74
203,15
203,14
66,199
57,36
43,8
0,126
183,121
7,179
123,72
7,145
21,69
1,112
59,238
5,0
11,26
0,86
15,10
21,79
222,15
49,137
19,18
67,45
15,226
3,154
0,108
115,73
5,61
74,153
3,139
34,97
0,24
6,17
174,79
18,1
27,171
94,155
46,79
158,5
4,125
121,116
42,96
215,90
71,28
116,111
2,5
0,63
20,137
76,138
45,81
43,122
36,85
19,56
4,33
115,47
35,57
8,1
106,61
1,10
179,85
3,95
81,203
0,168
14,112
136,10
2,163
0,22
3,33
29,23
147,99
45,102
0,36
5,23
7,194
114,17
179,60
24,133
78,113
225,50
0,29
134,9
113,35
130,164
219,33
29,169
24,166
31,7
2,193
37,54
108,97
0,334
103,262
25,96
0,154
130,84
1,106
74,63
0,35
234,1
20,124
25,95
18,2
19,27
80,144
10,189
0,11
0,116
69,45
132,11
1,19
154,50
3,9
24,17
138,27
44,152
132,135
1,78
0,115
85,74
4,5
7,103
7,6
0,10
0,136
5,68
17,65
6,46
12,52
30,68
38,16
14,112
0,130
19,147
6,10
124,25
13,3
28,89
24,4
2,10
105,57
55,63
0,75
144,80
18,113
0,227
95,194
0,41
114,65
96,121
1,202
0,171
8,96
41,86
141,19
49,61
33,78
124,36
10,104
201,104
0,132
200,53
4,85
54,22
30,65
148,55
43,82
98,91
3,41
198,8
24,112
2,72
133,57
126,34
44,51
28,112
5,53
0,184
2,142
11,115
8,92
92,45
0,126
0,174
112,86
56,125
125,27
217,4
139,87
4,100
36,134
18,84
1,115
63,37
162,99
64,45
3,168
14,103
32,49
1,71
15,49
129,25
32,36
4,196
0,11
4,93
59,127
2,136
88,58
83,18
0,115
75,190
1,91
0,7
54,98
86,79
0,17
77,96
95,151
46,90
0,89
134,112
56,264
0,62
122,13
69,74
41,8
0,183
80,17
43,94
1,70
40,112
2,118
0,53
89,75
47,95
23,99
0,84
56,58
59,65
26,61
3,0
175,46
2,176
127,21
119,53
27,97
2,7
38,51
2,100
167,35
108,89
11,18
0,68
0,14
19,14
129,151
0,187
25,242
205,81
2,25
108,104
131,110
15,105
131,34
46,24
140,83
137,124
3,29
29,165
180,21
7,88
0,10
51,136
69,37
156,88
195,27
20,30
93,14
7,10
30,63
3,42
3,66
144,154
0,90
207,62
50,105
185,33
37,60
44,72
0,31
50,144
1,206
9,32
2,13
26,298
15,188
52,60
178,4
31,28
56,22
0,128
0,165
1,270
78,163
114,56
12,100
10,154
55,67
67,207
8,187
20,18
98,98
65,198
8,87
0,102
114,176
106,6
236,66
62,115
166,13
1,160
2,28
11,82
16,59
21,138
20,218
66,56
163,18
152,102
40,169
2,71
1,253
1,130
83,27
91,28
0,59
0,74
83,100
90,137
150,39
13,90
0,87
0,64
0,56
36,48
4,4
172,52
1,37
13,103
0,21
1,155
19,10
108,37
222,19
15,121
9,72
0,11
79,143
52,82
124,48
238,40
0,205
111,69
104,27
0,10
0,21
139,66
123,43
140,14
0,200
55,17
172,34
22,77
172,40
0,19
17,197
31,17
0,100
119,44
70,92
157,23
95,116
0,69
10,31
112,58
99,68
13,137
105,156
1,96
176,18
70,136
73,245
57,58
6,78
29,18
41,205
73,90
103,135
7,176
0,5
118,38
15,43
105,151
103,173
11,73
20,37
47,316
10,82
13,11
0,82
1,226
165,114
135,61
4,59
95,43
81,37
6,37
2,124
28,40
144,15
44,0
6,156
14,98
66,15
38,30
21,156
2,12
0,252
35,20
69,161
75,98
18,0
31,153
36,189
121,55
166,71
78,4
9,75
81,83
92,117
6,134
7,63
97,61
147,23
79,142
24,26
25,54
0,17
123,36
106,6
40,12
9,87
113,16
63,37
185,7
48,143
4,179
10,1
25,150
23,51
202,43
10,215
1,17
185,4
11,21
44,292
36,94
78,21
23,28
7,59
1,6
20,100
8,151
2,81
157,43
0,85
38,47
203,57
38,81
106,40
0,22
69,50
0,7
158,74
1,73
21,5
30,23
61,22
7,20
1,154
95,44
139,74
77,130
102,110
1,78
0,253
70,126
105,24
6,117
0,138
36,34
191,84
1,92
30,175
159,58
103,34
27,240
57,33
5,1
6,52
3,112
0,87
63,80
177,47
90,70
0,75
41,82
129,134
117,8
7,152
0,24
1,5
0,57
21,181
78,88
1,56
69,22
56,143
91,62
0,72
87,27
30,82
3,94
91,11
18,219
0,125
0,217
3,171
68,144
0,38
11,150
0,5
136,91
56,52
131,4
34,54
3,122
0,183
2,114
206,67
92,75
124,92
0,134
49,137
6,110
34,48
1,162
0,14
142,174
8,74
32,162
25,146
35,178
117,28
78,86
131,10
13,111
5,52
55,29
7,12
3,141
15,26
75,132
90,5
3,312
8,193
0,32
68,19
14,282
8,207
7,102
0,256
93,2
113,16
9,3
98,44
132,63
0,59
0,45
0,125
69,53
242,40
3,108
122,126
167,1
1,33
115,54
1,3
74,47
11,162
73,29
1,106
0,137
0,89
148,19
191,16
19,16
111,30
136,43
17,15
84,137
34,50
1,42
0,87
4,59
30,10
26,93
10,67
3,63
170,80
156,151
0,124
42,166
53,90
65,140
71,59
28,29
139,18
20,45
100,103
6,107
25,113
13,61
159,7
9,84
98,7
11,17
143,17
0,11
109,27
11,62
0,52
61,190
28,260
43,88
7,265
72,50
18,101
43,133
29,62
0,68
111,5
35,39
131,7
2,71
0,148
31,40
1,75
11,128
0,4
16,4
38,28
32,183
7,7
99,114
94,82
84,82
171,27
96,124
8,79
23,13
29,142
3,110
14,97
26,94
0,5
0,4
0,122
26,135
222,99
139,50
0,312
0,105
1,191
35,141
5,60
3,201
1,19
126,55
69,107
86,87
3,120
5,93
2,81
199,23
81,43
41,27
44,61
3,82
57,44
15,54
228,36
130,81
23,9
0,81
31,78
57,72
40,183
2,107
32,2
40,141
6,68
0,55
3,22
0,67
122,190
78,5
176,123
111,18
0,93
12,35
66,90
11,84
4,71
35,103
45,161
33,226
22,76
170,1
1,196
4,94
0,89
18,263
0,94
20,4
0,95
28,117
89,20
52,21
82,213
91,249
1,247
48,52
3,111
45,124
2,1
1,244
45,28
109,56
10,57
0,110
10,195
156,50
0,202
3,115
16,191
19,49
1,169
30,75
101,49
53,68
45,147
73,205
42,101
88,41
60,82
10,56
0,98
136,74
39,192
0,16
76,41
0,49
99,147
0,213
129,32
24,93
0,131
94,166
57,124
32,43
16,117
72,17
80,52
133,78
58,78
0,150
12,12
113,51
32,194
1,158
32,59
36,103
10,169
3,126
218,19
45,6
4,163
10,37
128,263
4,12
2,100
55,131
108,15
16,230
58,166
9,182
52,135
0,213
0,5
0,131
10,81
79,67
177,91
145,142
113,69
23,46
0,37
101,34
46,166
20,13
217,10
142,73
111,27
72,166
1,139
142,45
115,42
121,100
59,197
163,38
0,59
160,43
21,236
39,65
152,52
23,7
231,78
70,105
101,10
21,15
0,107
1,99
195,0
44,42
0,87
64,26
44,48
1,168
17,176
61,201
61,43
174,36
20,49
103,48
161,25
54,70
8,61
2,6
118,122
34,27
10,181
0,4
124,9
0,6
134,63
123,69
162,97
0,3
36,65
157,327
0,70
37,36
92,151
0,359
0,74
3,174
61,119
97,141
111,94
14,190
102,77
2,267
1,82
32,141
53,47
3,40
1,223
16,14
11,5
1,5
0,52
0,29
159,84
168,50
6,20
8,39
15,15
202,1
1,93
127,52
45,154
13,125
34,89
8,109
3,43
2,122
49,160
178,40
1,72
77,10
42,69
42,143
71,103
159,2
108,157
0,141
7,5
4,202
0,15
110,81
86,99
7,31
16,203
1,150
35,286
112,35
0,30
26,244
48,196
7,210
113,63
133,65
58,8
5,6
113,123
41,174
6,14
152,72
147,70
156,52
1,128
14,3
47,142
1,50
132,23
17,243
132,26
37,45
45,10
0,139
7,81
2,153
86,197
1,10
3,21
21,50
18,166
85,89
0,3
15,97
99,104
12,1
144,64
171,59
5,51
30,68
214,70
0,11
249,15
17,237
146,5
20,135
0,174
4,54
49,315
60,82
4,114
0,121
37,74
0,85
78,87
3,77
50,108
51,165
5,29
124,112
68,84
58,137
0,4
20,28
187,31
46,2
79,232
23,32
1,7
89,141
23,45
1,13
166,9
4,12
0,15
10,60
153,31
27,241
24,7
2,66
0,116
3,28
3,19
9,86
16,21
18,10
0,81
117,34
45,194
0,28
47,43
54,12
189,70
3,76
3,17
197,77
8,58
66,13
171,11
10,133
19,184
42,297
0,141
177,83
0,31
2,103
2,97
93,124
134,39
1,26
62,153
61,44
169,53
26,147
16,40
157,5
2,110
199,50
14,75
60,148
3,93
56,35
20,146
65,9
47,81
199,109
2,64
0,83
19,170
153,3
4,96
4,26
100,85
44,155
16,137
144,105
248,19
13,76
3,200
88,164
162,15
90,25
0,33
54,52
107,60
65,83
3,15
120,123
7,8
81,96
238,56
43,120
22,116
5,84
60,48
97,17
1,109
72,46
8,26
11,94
101,129
63,103
4,41
2,103
0,11
71,32
114,46
1,173
8,3
26,23
0,3
50,196
90,18
31,72
110,55
55,124
29,64
0,20
162,42
67,104
115,92
21,212
134,106
53,90
5,77
214,48
0,48
3,228
104,78
0,58
14,54
16,10
17,141
6,35
157,22
0,7
10,115
17,218
81,24
1,32
21,168
12,105
2,16
6,83
51,87
3,13
36,65
174,30
22,21
107,54
97,117
71,61
0,221
142,88
66,168
2,5
2,6
207,41
116,31
53,116
0,157
199,21
6,16
0,169
109,47
10,9
144,5
0,3
92,94
13,8
0,20
39,37
236,10
0,33
107,40
146,70
90,12
51,180
130,45
6,165
39,52
1,88
38,175
7,57
201,34
10,113
80,33
3,75
5,43
238,122
12,110
0,18
88,24
36,66
37,304
230,8
109,101
158,86
177,52
4,65
111,73
0,100
13,37
18,179
59,99
0,6
15,189
7,108
21,162
0,184
71,58
19,63
222,6
116,176
15,163
24,136
67,27
0,78
248,51
196,36
8,62
21,51
2,118
64,25
136,82
5,117
153,53
89,52
1,160
0,6
163,1
0,108
39,193
87,96
18,84
31,243
0,110
31,167
78,172
87,84
75,92
1,79
201,39
130,116
2,258
76,60
0,114
0,29
2,131
92,123
29,76
108,50
3,114
0,91
0,106
1,121
64,133
78,70
4,63
206,95
63,104
20,54
129,8
4,134
4,68
0,26
41,110
11,24
240,55
70,82
1,33
103,43
39,22
1,5
45,38
43,46
156,44
0,46
6,4
71,117
28,106
65,135
227,22
35,63
1,18
92,37
15,23
2,20
1,209
1,94
55,114
1,107
2,90
0,138
34,114
169,54
199,47
129,42
0,28
114,53
118,31
153,41
0,85
4,77
117,248
0,25
42,191
1,3
178,19
47,231
31,6
32,92
172,45
25,38
30,166
161,195
0,111
173,105
0,223
0,112
62,3
39,18
69,152
47,148
0,80
26,122
22,84
0,87
0,169
25,51
107,161
90,14
0,107
278,26
27,59
0,3
23,140
2,14
34,61
113,48
74,38
37,149
124,81
11,5
106,54
1,312
59,52
94,19
31,35
3,284
21,221
52,145
109,106
0,78
58,137
0,55
6,43
69,108
130,125
16,76
33,39
127,43
103,21
0,112
0,149
15,74
106,75
127,96
0,35
141,146
2,48
176,14
8,56
0,4
18,120
102,70
80,114
61,53
129,50
54,32
2,78
30,78
1,13
7,76
122,74
93,55
0,116
59,13
0,94
1,206
51,17
52,91
108,111
1,150
18,45
0,61
102,377
13,188
174,95
0,41
148,51
114,38
0,80
112,95
0,29
205,9
53,139
9,140
45,179
4,122
21,35
58,78
28,128
10,63
0,156
171,103
0,179
39,51
72,10
6,149
53,82
64,142
241,4
35,155
8,135
1,68
1,44
160,82
0,128
40,13
46,27
7,66
0,120
126,39
48,236
3,60
15,68
37,72
44,131
47,13
107,85
22,209
5,22
43,31
0,4
65,51
0,151
0,35
1,4
88,96
174,39
63,61
105,51
52,77
9,107
3,15
0,80
3,152
13,97
152,11
63,28
142,31
176,95
174,74
54,97
140,66
6,73
128,92
35,101
2,123
0,77
29,160
138,54
14,13
120,9
200,16
173,72
7,82
12,14
9,187
0,13
1,140
30,257
109,136
175,25
40,152
27,143
30,46
15,90
0,68
27,228
1,107
119,46
34,148
186,14
69,46
5,13
5,39
21,181
107,30
50,28
39,223
2,13
5,6
1,131
0,69
4,120
152,67
36,250
8,183
52,150
9,62
0,83
102,99
25,4
27,118
221,58
26,21
47,15
0,125
255,27
10,116
108,39
0,110
0,122
328,93
1,10
128,117
0,27
0,63
75,32
72,138
149,49
1,159
0,133
98,48
49,160
12,101
155,17
81,122
78,24
52,45
5,57
44,82
79,99
51,40
2,216
49,31
68,114
14,187
70,101
103,293
113,9
37,91
43,15
0,7
48,125
71,52
0,77
62,44
1,98
9,10
0,102
67,91
1,25
206,34
1,10
205,16
0,32
23,79
4,98
163,8
7,19
51,96
112,37
28,98
4,145
5,63
15,64
220,89
146,76
58,70
102,15
0,107
146,79
57,136
1,145
0,77
171,142
38,2
0,56
112,10
57,59
165,38
69,322
133,19
29,4
3,26
55,111
11,170
3,110
84,100
29,61
71,12
0,16
19,36
18,84
113,77
55,51
12,131
183,35
132,162
159,8
2,110
105,60
33,89
52,36
6,108
83,68
0,102
129,86
8,169
0,40
17,125
6,84
3,234
188,64
126,30
52,58
5,122
0,182
10,35
28,104
0,56
3,23
34,54
3,186
0,100
102,9
18,167
30,92
35,13
5,24
3,201
10,4
59,116
228,29
9,203
0,6
19,39
109,21
4,97
56,99
8,106
16,142
76,178
1,30
19,19
122,130
0,124
23,91
0,21
12,145
228,44
52,40
116,92
59,15
9,110
1,141
49,127
8,107
2,4
0,150
173,223
67,87
107,231
5,68
24,23
0,33
3,122
3,94
89,162
416,10
24,53
134,100
0,89
0,148
73,39
2,44
0,4
44,20
0,79
144,16
1,39
0,222
26,97
12,33
116,80
44,117
8,93
3,33
90,10
152,13
150,78
13,73
2,294
83,78
286,6
54,174
110,39
3,6
191,10
99,91
0,32
4,1
0,49
0,74
17,42
46,3
32,40
0,136
112,139
92,141
0,85
21,41
1,3
72,73
116,8
70,111
2,227
0,168
59,50
17,89
11,145
0,147
1,56
10,173
180,23
0,36
0,115
2,24
3,100
137,7
41,25
87,55
1,123
1,255
8,21
141,44
219,23
24,167
28,30
261,54
28,97
0,23
80,38
0,163
57,144
83,165
0,14
2,25
10,56
0,26
88,79
60,11
4,196
75,120
42,161
0,117
0,54
0,118
74,120
122,92
79,98
123,44
71,33
99,69
6,125
36,103
11,6
118,90
95,244
18,131
102,18
21,106
157,6
184,67
1,59
34,10
5,202
30,163
20,180
52,46
0,111
1,140
87,155
1,136
3,2
93,8
1,37
41,226
174,72
3,78
27,132
145,26
168,72
32,57
26,48
35,208
17,190
98,65
1,246
86,90
18,177
1,51
40,225
78,53
1,51
0,4
6,162
62,136
0,141
1,300
74,108
70,47
0,37
32,42
49,159
52,191
27,63
43,65
43,257
17,64
71,18
39,203
88,20
5,120
19,186
203,0
20,285
1,5
170,113
9,26
0,43
75,154
9,171
74,110
37,120
1,11
0,160
1,12
6,15
112,75
47,202
64,156
172,36
3,218
27,117
96,69
5,126
16,148
147,23
46,60
30,67
131,112
1,186
17,14
62,66
1,166
47,72
31,194
2,145
0,23
3,124
239,27
0,105
0,66
4,108
157,82
74,50
41,61
182,46
19,113
76,55
65,118
1,201
75,78
37,65
19,19
41,250
45,224
6,93
48,170
0,136
0,25
135,143
0,79
91,129
5,31
72,46
86,22
0,34
197,21
44,63
41,150
0,20
0,94
407,8
55,66
27,9
60,117
17,125
145,62
46,215
102,94
9,207
15,185
0,355
0,151
70,43
4,0
94,103
2,208
2,62
145,72
11,5
118,65
4,305
52,163
7,92
113,14
22,118
36,135
0,3
34,119
19,114
0,6
96,87
0,98
95,42
1,4
5,108
6,6
0,82
6,195
65,53
33,79
167,86
29,190
14,244
2,88
9,58
82,118
8,159
55,221
31,71
121,92
15,62
20,274
216,73
97,60
4,113
82,155
6,39
174,32
132,74
6,2
75,74
67,144
44,89
41,31
0,14
42,110
59,76
91,85
37,225
75,93
211,5
0,17
95,148
52,141
52,319
2,273
83,125
7,169
16,9
133,15
79,49
207,108
0,10
7,147
14,108
65,32
96,133
32,164
9,11
0,80
169,110
20,19
0,22
90,83
184,110
65,29
142,62
60,123
2,214
43,11
0,110
116,140
13,59
51,59
12,123
35,99
15,50
112,32
170,110
47,5
72,113
150,66
270,24
106,78
130,69
45,63
3,14
1,300
0,70
9,4
33,28
190,80
154,218
127,128
9,48
2,27
0,3
0,37
16,84
1,107
123,39
5,173
0,153
122,40
97,95
33,138
9,166
0,202
132,126
185,42
7,12
11,7
1,157
54,172
126,17
29,231
77,117
4,114
21,33
9,110
14,38
117,56
92,129
49,188
3,128
47,141
18,132
146,69
0,87
62,42
25,71
0,113
283,1
40,47
39,194
6,10
67,74
21,166
12,155
285,3
122,120
16,90
26,39
38,10
169,4
49,244
0,94
149,147
6,111
139,53
84,7
33,146
4,128
50,121
0,91
143,53
10,39
30,142
1,64
34,75
0,6
11,230
143,92
103,146
79,7
61,25
81,112
6,126
102,94
30,90
0,74
157,32
68,76
82,227
38,76
48,74
0,36
1,68
63,31
41,45
153,31
20,57
14,76
1,47
102,69
0,179
346,53
12,135
1,305
158,7
3,33
89,136
247,31
221,24
0,4
4,91
114,11
34,98
129,61
5,111
8,32
1,135
3,229
64,42
54,66
0,101
5,54
91,81
130,68
150,6
161,45
102,9
13,102
24,159
45,106
0,16
8,99
0,37
25,98
10,52
48,13
144,22
0,207
277,43
0,57
111,143
125,21
31,160
29,36
114,55
140,129
0,46
0,83
86,47
9,113
114,48
191,21
118,34
0,184
159,25
2,82
113,76
66,20
18,62
20,185
112,100
5,2
0,140
0,172
32,175
111,13
64,8
63,178
174,31
0,6
56,57
24,118
44,157
41,219
163,65
209,30
65,133
138,50
58,58
161,16
18,44
122,9
16,28
54,103
71,117
0,3
1,183
81,57
0,59
81,9
81,109
139,87
36,58
173,12
61,130
11,127
254,45
155,32
59,49
1,90
41,107
9,14
105,85
115,167
116,179
11,12
178,8
7,183
50,139
26,214
70,72
225,22
0,23
16,183
26,29
35,44
163,82
5,140
2,137
10,148
71,62
135,20
0,89
202,87
76,113
76,25
3,29
44,62
112,177
0,71
163,122
4,9
35,146
149,158
86,40
93,42
74,66
1,83
24,34
0,85
0,126
64,154
0,134
133,143
46,60
10,99
95,14
133,74
110,56
2,149
0,14
7,73
25,59
42,23
82,109
7,130
17,97
14,62
111,53
0,217
2,134
26,81
0,109
2,239
68,32
75,36
14,133
66,178
13,47
18,10
7,23
24,52
179,39
2,31
2,54
253,94
64,246
179,30
153,7
230,20
5,17
210,61
224,94
53,288
92,46
88,159
21,119
33,63
21,9
0,13
13,6
2,149
69,33
39,79
152,74
6,38
111,70
5,15
112,132
100,53
93,63
2,180
111,99
165,10
77,126
203,31
74,118
4,259
5,1
0,32
282,17
80,54
10,195
0,85
6,222
30,270
1,311
5,131
19,29
90,88
81,120
23,202
0,69
0,116
64,98
99,81
1,12
78,90
136,3
55,39
260,40
1,220
44,138
42,39
161,74
61,53
1,82
32,135
0,240
16,14
32,96
11,85
22,54
76,227
32,15
16,112
0,22
0,154
226,52
62,85
1,3
7,194
160,32
43,175
0,25
155,204
10,6
39,242
6,182
163,75
191,10
56,171
24,10
47,61
67,44
63,39
32,198
7,143
1,195
0,3
144,24
82,148
8,15
0,11
0,4
1,93
0,7
78,132
40,7
0,128
4,40
11,150
90,222
43,8
61,65
13,134
0,12
0,4
27,18
198,51
155,102
73,96
62,33
48,108
8,131
54,119
182,40
24,85
14,1
128,104
161,25
0,72
2,249
11,115
53,25
153,66
43,8
88,105
1,6
84,91
138,50
0,331
19,137
13,95
12,153
0,16
118,34
179,128
49,95
42,64
3,98
112,87
2,121
0,48
0,166
75,51
23,158
22,1
22,206
0,148
62,262
93,73
85,43
72,10
92,21
27,137
185,41
138,75
0,89
10,26
0,67
4,229
94,143
5,18
10,176
79,153
4,82
83,22
41,141
0,8
89,147
201,45
130,109
2,47
29,77
6,145
13,213
0,86
1,3
196,34
130,113
121,36
104,3
47,59
1,136
143,57
209,81
5,177
1,66
162,94
0,42
145,15
182,83
73,6
0,173
132,63
53,237
1,56
0,17
15,43
44,123
8,39
30,204
1,16
120,13
3,113
8,119
104,18
114,2
58,105
6,20
0,153
79,151
19,65
0,100
1,19
161,29
82,113
81,89
0,119
0,88
19,113
0,43
43,111
50,204
156,32
0,22
0,3
0,326
26,122
10,36
10,167
0,113
39,8
45,201
22,150
7,10
165,102
28,9
44,30
52,11
29,19
27,133
0,60
1,74
13,16
15,80
44,98
0,109
46,129
11,115
16,113
4,268
0,121
79,15
116,16
2,125
46,264
19,37
180,86
6,173
10,182
26,197
88,27
10,75
163,43
23,230
83,46
1,32
15,8
72,12
29,19
28,207
157,16
1,78
28,11
147,14
0,349
49,217
6,146
24,4
31,143
47,4
11,49
160,60
14,177
0,86
81,58
4,207
131,27
95,127
20,122
15,4
129,53
66,118
3,0
1,315
2,169
12,6
17,142
64,56
46,10
4,147
9,206
0,23
87,152
0,20
115,77
20,156
131,127
0,38
4,7
0,231
124,41
184,160
1,76
63,6
0,238
71,27
106,86
10,32
210,24
15,33
1,2
73,75
239,16
0,36
49,118
0,75
4,24
125,43
2,95
51,16
155,31
3,9
0,4
142,109
1,135
95,30
93,32
1,111
218,64
114,110
122,15
24,32
44,26
123,206
0,13
0,122
22,75
19,107
91,33
221,32
21,47
0,222
0,103
119,66
151,13
117,98
12,55
0,10
0,143
155,26
0,5
109,90
165,63
77,216
4,14
123,54
99,139
160,192
45,47
13,84
129,164
18,68
19,160
21,51
38,118
73,139
0,195
71,33
47,149
4,13
147,37
0,12
176,8
10,11
42,201
68,100
29,194
60,9
2,108
60,116
42,113
1,4
49,187
13,60
8,129
60,70
2,96
81,88
2,81
27,37
33,60
4,149
114,43
32,51
153,95
89,13
1,110
55,119
4,3
68,154
23,49
0,37
115,147
51,38
185,50
78,86
2,57
5,46
85,41
3,76
0,13
82,41
57,148
97,82
87,162
131,74
101,18
13,36
140,86
33,24
182,4
19,85
9,249
36,221
3,92
167,57
12,51
0,139
65,230
22,118
0,78
43,12
76,39
174,87
17,38
1,128
0,139
66,77
184,47
57,85
2,209
12,89
74,59
17,25
20,118
22,172
63,319
78,111
110,204
315,28
120,50
17,81
33,89
0,28
198,16
0,10
84,214
96,183
44,95
37,12
47,113
78,15
93,67
85,129
89,123
13,148
53,132
187,110
126,96
0,7
107,70
121,137
42,175
34,57
0,141
8,10
0,38
1,59
4,188
25,26
1,25
175,99
8,31
4,4
0,79
0,184
52,13
80,54
1,46
103,1
4,9
56,67
0,79
177,116
142,26
13,153
56,12
10,34
2,150
6,30
143,12
78,89
149,105
152,52
24,123
10,166
0,7
43,76
87,106
1,29
17,65
117,45
25,94
139,49
2,88
0,111
120,138
52,129
59,172
23,50
19,139
4,114
12,102
153,11
17,116
15,43
28,66
14,116
50,57
6,68
40,69
179,46
7,95
17,189
11,262
10,89
74,102
5,65
160,165
4,126
8,109
8,29
22,102
0,9
78,58
256,25
0,103
50,4
18,49
172,72
57,166
0,124
10,187
132,39
0,4
4,198
16,72
15,90
259,57
18,60
68,43
46,124
23,33
1,170
62,38
0,9
46,28
23,8
12,36
2,38
29,68
175,107
53,179
55,45
56,71
105,56
154,15
8,79
43,68
111,81
75,53
58,99
0,251
136,52
55,28
29,54
7,14
159,93
0,207
0,88
8,59
0,107
0,74
127,57
66,257
0,45
178,34
9,54
32,162
0,96
189,62
19,34
4,148
39,46
23,121
5,175
36,99
0,3
3,76
2,133
4,105
62,52
4,107
86,109
34,25
12,149
151,194
78,69
31,92
56,110
73,246
75,42
249,15
118,15
5,78
4,180
67,43
96,93
9,14
40,84
12,109
231,19
42,381
11,140
7,206
109,66
161,22
60,80
99,38
121,80
167,48
4,127
9,99
156,94
29,45
123,101
0,63
0,116
20,129
124,69
73,4
146,12
7,104
217,84
93,106
42,253
7,45
135,31
5,121
58,85
47,62
25,48
54,65
0,161
46,28
20,102
20,32
11,43
215,55
3,254
15,225
0,4
7,321
1,141
95,119
0,129
15,234
25,84
0,29
5,48
14,99
1,90
0,91
12,278
110,146
0,98
130,82
112,76
0,116
21,55
33,68
163,28
45,29
0,3
15,157
1,25
61,107
82,50
31,106
99,304
51,138
53,136
106,17
60,80
173,53
45,54
21,227
0,19
24,167
16,44
6,145
69,108
96,90
0,109
207,7
90,5
0,101
47,145
17,184
0,97
18,122
9,76
64,92
0,44
90,91
34,203
73,15
2,1
4,164
135,162
124,4
68,32
0,51
217,76
53,23
8,114
209,46
10,34
81,98
138,65
21,1
77,9
0,142
26,14
73,108
0,123
0,11
199,21
1,92
77,116
8,2
10,138
131,153
0,3
29,101
68,26
42,233
7,18
65,79
1,160
104,43
150,61
86,48
13,457
61,61
5,165
85,102
25,97
20,154
4,264
24,171
0,69
34,52
0,93
55,103
33,156
9,107
9,89
40,159
57,24
21,51
57,82
27,175
16,178
1,4
2,42
0,16
19,195
0,101
40,75
59,45
17,82
9,25
14,155
23,126
0,66
32,60
58,23
0,129
130,40
8,111
101,170
155,29
186,69
0,115
1,103
21,164
1,60
122,73
60,65
36,135
0,19
15,64
20,10
49,49
0,106
172,188
1,85
144,32
22,105
13,77
157,126
228,159
136,17
14,7
4,16
0,25
8,76
56,56
0,34
61,82
67,125
138,25
0,41
0,67
113,20
0,108
6,190
108,43
16,127
1,6
75,100
0,91
131,34
113,93
142,50
171,84
3,22
77,71
51,79
240,56
93,34
0,136
16,74
0,121
3,142
100,133
156,39
18,28
2,80
0,7
11,24
0,126
160,53
12,142
6,5
53,59
0,231
38,257
87,146
12,76
53,30
39,97
40,156
39,48
3,181
18,17
74,127
23,146
2,67
7,16
0,37
133,38
68,124
34,146
20,221
2,5
5,66
0,117
78,113
91,29
114,145
74,30
213,9
83,169
3,4
72,97
25,100
76,52
13,102
1,12
0,23
0,106
100,75
28,200
0,196
170,81
55,150
4,1
0,168
0,37
226,35
34,11
61,34
176,107
121,113
87,51
18,23
0,102
31,183
3,75
120,101
68,115
130,73
0,100
4,15
0,171
146,14
27,17
20,46
2,111
0,21
0,131
37,63
28,40
45,46
8,6
1,154
68,167
4,185
25,70
2,24
0,40
99,54
0,68
0,46
6,240
99,18
14,86
154,77
247,56
34,37
28,105
15,200
48,119
4,64
7,3
0,173
50,149
0,11
13,54
118,147
125,148
3,96
0,4
0,7
63,168
14,193
7,269
205,37
68,64
175,51
30,222
50,100
96,161
34,12
2,20
23,98
29,106
23,169
148,26
151,16
4,123
97,87
44,37
70,244
23,121
110,55
206,19
27,173
0,45
2,79
1,141
44,103
3,80
1,6
45,112
129,55
100,71
107,97
0,69
22,38
78,16
143,2
15,108
167,4
13,82
26,147
10,23
3,1
137,22
9,126
74,143
315,246
0,101
156,31
109,175
6,91
83,10
52,6
111,138
0,143
55,49
74,133
2,52
69,93
11,53
34,124
139,30
85,22
7,134
192,87
41,8
39,134
4,53
99,125
1,100
115,82
87,15
10,3
117,13
5,63
117,20
20,33
37,168
70,34
107,40
15,36
99,28
31,141
232,4
85,52
0,234
26,20
164,74
0,17
211,13
33,52
145,30
1,8
0,172
47,31
0,6
3,216
12,317
74,11
0,108
94,170
14,23
107,4
5,51
22,86
13,40
90,14
72,75
96,75
63,21
257,58
3,88
57,77
145,27
19,6
5,97
52,67
62,16
135,125
195,24
0,13
42,53
10,41
26,1
174,50
57,85
152,13
1,79
3,3
12,29
11,116
0,105
0,92
0,172
130,25
5,131
37,136
0,150
28,122
110,46
73,82
47,34
2,193
129,79
18,180
0,75
73,103
187,78
11,55
0,135
123,89
168,66
0,62
125,72
110,90
83,78
40,52
51,95
49,159
219,107
12,79
187,34
85,82
60,45
5,191
18,64
0,122
21,127
45,69
121,46
32,234
37,149
8,57
39,259
214,13
2,90
96,34
81,49
3,118
60,94
0,113
5,84
124,110
75,83
158,87
26,19
0,150
1,6
5,189
141,38
6,26
0,68
5,75
33,10
0,4
3,107
95,25
124,9
0,122
127,31
40,68
46,56
40,168
0,22
23,15
0,32
0,99
20,96
93,123
102,56
13,44
0,22
27,210
203,63
39,282
81,33
125,57
0,43
0,98
180,29
24,8
101,70
133,80
42,103
1,3
46,42
129,2
110,184
28,6
73,32
10,121
121,106
184,1
13,183
17,175
54,69
40,65
21,185
2,115
0,217
8,188
62,161
0,97
53,125
0,57
40,182
130,57
16,35
0,121
18,65
156,50
181,40
10,120
40,96
15,37
2,177
14,95
9,77
23,73
80,129
77,119
10,118
32,84
3,78
89,142
45,58
3,23
121,60
54,39
26,129
1,9
86,112
139,139
59,141
82,77
2,15
86,114
66,43
2,10
146,12
0,6
25,1
177,68
127,83
16,243
115,67
0,66
183,41
8,273
0,19
0,205
122,23
112,72
1,98
187,70
12,81
137,46
115,27
6,189
150,80
90,153
135,51
7,32
0,16
76,151
54,52
6,6
21,131
13,26
6,64
43,59
121,140
12,91
0,259
10,17
237,6
4,7
0,70
152,53
63,124
186,52
24,88
172,49
97,50
1,187
15,21
110,39
92,6
144,32
76,57
1,66
16,53
1,51
25,162
211,27
1,113
70,156
133,136
4,132
55,14
160,37
59,9
122,154
10,43
168,60
25,63
83,11
5,6
48,105
1,215
39,163
111,55
32,160
7,83
14,34
0,131
158,11
25,123
16,0
135,62
1,229
30,41
7,165
1,4
39,203
78,6
139,26
0,99
30,51
103,34
54,32
36,154
39,78
0,101
23,238
71,27
31,102
30,43
123,45
18,13
2,40
0,57
164,68
0,59
20,95
73,83
104,227
101,204
65,135
0,192
0,96
49,69
0,18
14,94
152,18
202,3
1,208
118,157
0,6
0,251
6,73
19,53
12,114
217,30
62,108
1,90
57,9
35,11
17,161
6,23
0,113
8,5
0,68
40,233
2,7
141,95
8,142
105,24
46,211
138,88
0,110
151,135
50,17
0,51
88,80
258,71
40,138
14,85
3,6
10,234
50,36
127,92
118,19
0,64
42,81
2,11
72,88
79,98
27,85
68,55
36,65
163,71
35,24
102,38
22,87
2,32
27,209
0,99
55,123
36,250
32,30
1,181
109,13
165,0
19,110
44,149
11,35
8,276
0,10
11,143
6,169
14,226
133,143
11,151
0,195
137,52
112,65
1,155
11,141
37,182
1,110
103,109
15,101
0,102
149,172
11,3
5,104
2,317
19,209
2,204
4,186
201,33
153,18
0,43
191,68
197,49
61,186
36,93
67,72
11,27
3,45
0,112
35,158
60,40
151,4
111,91
24,93
2,73
48,27
127,48
62,30
8,76
103,13
55,31
95,128
0,155
0,80
190,64
40,152
0,104
35,58
95,37
11,89
0,138
23,83
186,129
12,99
10,43
77,47
43,121
10,83
1,12
54,11
77,118
0,83
1,120
101,52
0,17
47,211
147,9
10,15
161,75
61,68
0,108
149,14
101,34
87,78
1,12
116,91
25,59
276,21
2,66
178,98
6,119
2,19
26,155
0,57
35,121
17,39
0,104
144,71
2,174
0,75
141,60
62,50
107,187
10,100
0,67
0,65
157,18
0,78
1,72
77,128
20,11
180,80
160,29
6,148
0,197
15,31
100,13
0,8
129,101
6,142
175,20
4,204
123,119
0,114
126,13
29,218
16,33
47,97
7,65
98,39
0,85
41,2
156,31
53,185
101,124
42,22
0,43
163,31
49,169
0,173
39,7
240,28
10,84
143,24
112,30
45,126
65,66
130,5
14,3
2,55
106,25
1,184
4,96
87,41
9,160
0,114
38,87
27,250
1,118
8,76
35,106
145,31
93,4
241,18
103,19
163,54
4,151
72,64
25,4
21,88
87,123
3,45
0,3
2,224
1,8
0,38
61,44
6,65
61,131
45,99
100,37
2,248
40,142
149,146
0,15
0,141
116,88
0,35
0,304
22,113
2,145
0,105
4,208
0,54
9,20
1,3
0,39
68,70
0,69
113,94
79,96
107,52
0,115
8,104
0,177
0,6
2,25
71,119
1,224
0,104
97,267
5,272
132,77
0,303
39,262
150,16
106,124
187,31
87,137
48,146
55,155
26,171
10,117
36,18
161,14
18,309
93,65
181,66
1,176
70,157
4,86
0,68
0,52
16,192
0,76
220,83
46,160
67,140
116,63
6,107
0,97
48,33
71,7
4,112
40,130
12,148
20,139
116,26
1,96
95,60
6,101
69,110
117,82
44,255
1,120
104,62
63,30
48,47
7,130
5,94
9,44
59,136
62,19
137,51
0,33
1,77
63,111
0,4
0,240
8,19
9,192
123,46
97,50
183,118
2,169
80,111
109,39
40,74
142,63
4,14
7,115
107,146
55,105
18,20
33,175
171,69
12,17
2,88
8,143
251,27
3,2
0,129
0,111
36,185
2,61
4,10
25,168
14,142
35,200
6,76
127,111
2,179
74,180
151,87
112,159
0,19
56,125
36,14
0,132
110,10
100,78
24,41
174,6
36,113
2,108
0,45
28,142
15,12
55,41
94,88
0,143
2,15
163,16
1,114
138,16
91,45
178,6
164,11
65,5
0,200
2,126
156,40
4,120
11,52
163,64
45,165
28,249
0,58
138,116
66,142
44,9
87,34
129,37
3,2
70,278
7,118
93,57
6,146
3,167
63,16
297,5
28,28
0,102
0,166
5,73
88,19
60,25
86,65
21,37
128,110
62,124
365,45
3,84
248,34
0,11
77,73
58,9
43,14
1,90
158,65
1,10
281,34
135,99
0,47
57,100
105,47
104,48
0,107
42,144
4,55
22,85
0,99
168,66
125,57
0,155
78,78
96,88
16,179
0,12
4,227
73,31
158,24
10,68
49,57
4,80
17,51
105,38
57,26
95,63
15,132
0,99
110,90
38,58
0,66
0,7
0,52
22,98
103,58
14,86
28,22
37,49
45,61
93,15
85,95
11,104
1,107
2,74
37,33
39,197
0,4
151,56
135,89
0,3
62,95
2,3
32,31
4,0
0,68
0,58
73,19
0,189
0,9
13,104
1,102
29,117
17,103
0,164
100,112
10,64
68,52
57,118
10,23
1,133
16,120
23,11
29,33
69,93
13,182
229,32
117,17
0,154
204,46
0,113
27,64
26,89
75,88
2,170
27,202
0,75
1,36
211,119
100,83
50,208
42,73
36,69
81,47
61,40
0,112
12,77
15,131
92,15
8,65
16,207
144,59
27,129
186,49
7,24
31,128
6,38
0,19
0,107
4,147
8,76
183,87
10,162
0,5
238,25
0,56
47,19
51,118
1,130
191,48
50,9
0,188
25,34
14,52
44,30
3,73
0,169
0,123
4,147
149,91
18,118
153,13
73,26
55,129
143,30
8,93
46,102
75,39
150,69
12,24
0,219
69,37
5,99
1,8
78,113
19,96
208,11
47,120
20,119
0,303
153,32
59,28
176,139
57,5
0,50
35,31
79,78
120,34
138,48
46,59
0,83
10,258
140,8
3,10
149,75
0,42
62,102
166,24
12,125
140,83
32,166
222,20
22,12
8,118
40,26
35,100
50,20
49,208
47,91
32,212
92,58
0,143
230,36
41,194
188,100
1,6
125,20
90,32
87,65
2,146
254,5
182,1
44,17
58,24
9,158
0,148
191,156
12,29
1,2
16,101
0,93
7,11
22,13
1,51
0,115
129,63
27,20
32,171
22,137
64,87
52,66
30,58
15,240
47,15
17,101
40,93
2,191
18,34
0,168
135,45
0,21
10,131
0,59
64,24
0,36
1,17
2,148
138,77
136,4
150,18
139,98
8,99
47,138
65,175
25,138
259,75
20,21
97,37
2,10
55,144
33,169
40,175
98,135
7,110
126,117
0,57
155,30
82,586
132,135
10,83
53,164
0,72
115,137
1,134
52,90
127,21
82,74
13,180
0,3
0,42
42,97
0,84
0,72
0,110
158,118
8,121
325,16
0,227
139,45
182,43
41,127
61,172
16,123
28,6
6,19
28,119
58,97
1,52
120,60
66,181
157,16
33,78
18,63
75,44
20,90
24,72
101,49
10,68
10,49
13,129
14,4
47,93
1,228
70,110
0,123
56,129
195,19
0,33
8,112
137,113
3,175
0,129
0,5
4,144
0,67
196,23
14,164
127,127
12,91
104,103
142,115
104,15
33,170
108,157
1,25
100,38
4,178
119,167
0,189
80,27
65,94
11,144
0,67
0,75
0,135
21,239
14,192
20,172
199,21
66,37
74,138
3,52
65,12
87,7
146,114
60,11
8,16
0,167
34,29
24,146
4,133
126,14
101,119
95,18
0,79
112,108
9,175
1,40
85,32
0,122
23,184
0,6
56,116
55,23
52,151
110,29
2,41
106,144
6,137
128,42
0,64
0,57
0,22
59,174
105,26
21,144
14,148
100,34
59,49
24,113
62,123
0,86
46,70
15,71
186,60
0,48
152,104
0,12
26,86
210,60
75,64
22,159
85,122
13,265
4,5
138,141
59,14
6,35
6,6
4,13
182,116
118,39
44,199
86,20
11,20
6,95
0,61
64,44
115,26
32,21
10,230
339,126
186,59
3,5
59,74
144,97
6,71
0,217
163,61
56,102
183,98
63,124
160,13
1,160
224,69
0,96
123,66
22,8
152,81
21,40
120,127
0,91
0,77
156,61
3,41
0,146
163,91
98,149
2,215
224,30
8,167
73,8
140,146
76,2
165,90
181,35
69,45
19,148
69,111
35,34
6,40
6,30
75,98
8,64
57,17
20,34
7,209
189,15
148,94
0,127
0,90
19,197
54,247
98,8
47,55
1,25
28,75
16,223
0,87
32,38
71,138
4,71
211,37
51,204
288,64
142,39
5,58
28,137
8,56
11,3
9,9
125,5
23,12
0,132
95,40
136,147
0,37
56,122
37,137
47,79
126,66
106,70
48,105
60,31
76,138
276,117
56,47
10,66
142,69
22,278
60,13
94,38
3,109
6,22
42,50
14,59
0,104
2,337
123,18
0,70
38,21
0,123
0,191
93,138
66,23
0,61
0,103
12,164
0,33
11,132
2,50
69,206
0,17
65,230
38,85
2,9
81,170
135,120
37,97
171,150
45,28
30,199
2,176
1,157
1,2
44,179
2,82
189,22
10,128
29,35
167,21
145,43
53,146
4,132
0,72
31,143
72,84
10,107
49,86
69,58
113,24
5,65
0,129
35,175
2,8
102,6
159,35
17,77
1,33
26,40
4,139
21,67
73,112
33,152
0,33
135,91
107,79
85,159
4,238
76,118
52,56
1,214
207,28
1,170
0,83
25,28
16,98
84,113
6,54
12,102
14,142
182,24
103,108
223,183
2,14
97,63
31,96
11,145
20,93
233,52
80,90
113,97
117,89
145,108
137,60
4,75
32,90
47,116
3,105
1,78
123,47
78,54
47,135
5,113
0,104
121,80
8,204
188,89
5,93
6,187
30,174
47,69
4,166
62,97
153,42
0,89
96,149
13,75
2,58
27,209
78,30
26,51
8,115
143,64
71,138
73,143
143,92
144,32
53,148
182,133
17,59
22,46
12,77
45,5
0,107
12,161
143,101
69,94
150,67
3,61
0,227
47,23
147,11
46,98
140,60
11,92
55,104
83,153
41,34
35,83
0,5
0,170
133,137
18,7
0,185
73,59
20,10
0,108
119,98
0,30
103,90
57,70
135,163
7,60
89,57
16,104
12,57
101,142
79,208
15,205
157,82
110,42
201,95
13,80
51,96
44,63
100,44
0,119
47,9
50,80
0,55
215,114
0,76
12,31
78,54
21,62
0,186
47,46
4,56
53,241
211,17
7,20
60,19
0,105
1,139
8,38
10,133
61,109
17,5
78,54
1,52
0,205
8,118
177,36
41,43
110,49
41,26
3,170
2,114
14,198
0,174
5,20
18,123
68,114
12,108
131,19
45,146
34,163
114,112
93,73
12,88
217,98
167,59
0,76
2,27
56,134
8,160
122,50
0,79
70,106
22,42
7,21
0,176
2,27
37,2
0,57
0,138
140,119
4,46
0,200
43,225
0,125
0,14
0,48
44,16
17,7
211,73
45,163
31,60
47,90
43,57
91,113
40,95
32,42
30,14
240,96
61,143
102,20
47,84
0,216
21,102
6,3
41,138
99,4
0,184
29,60
188,60
19,54
117,8
36,324
37,63
18,14
103,55
56,120
76,164
107,132
14,70
2,135
85,64
176,32
162,27
0,75
49,89
33,135
98,171
124,50
57,275
174,22
35,51
7,52
116,213
3,127
10,98
16,145
163,26
31,113
6,85
127,31
10,20
0,8
9,13
1,215
73,55
30,186
47,85
3,104
137,99
0,27
156,2
17,256
0,23
0,37
54,49
181,92
54,13
0,33
59,62
77,180
11,54
0,95
80,23
60,19
0,252
128,88
14,175
161,87
154,162
153,40
12,31
22,54
44,103
46,145
0,158
188,22
69,113
7,154
0,6
120,4
16,102
198,63
5,5
144,124
0,143
2,130
12,234
3,127
0,21
219,49
1,246
118,80
7,7
0,8
55,19
9,131
128,5
0,6
0,158
175,114
11,116
14,1
38,115
151,36
67,182
125,139
0,48
57,34
92,24
0,66
26,81
14,0
1,166
47,53
29,204
164,66
0,73
218,45
118,26
0,29
117,57
85,19
5,29
85,18
130,89
19,32
29,10
87,29
1,15
64,35
9,76
16,106
38,174
77,59
57,101
53,123
83,16
0,103
31,20
134,71
159,66
77,95
1,65
6,157
136,123
4,12
16,225
35,75
0,89
0,165
40,135
14,21
0,100
29,23
89,84
8,105
102,47
5,106
0,275
39,107
89,147
15,142
26,16
16,54
49,122
121,51
110,27
79,134
51,48
186,71
57,184
10,17
7,139
16,123
2,56
14,78
0,153
42,151
7,5
125,135
25,201
2,83
7,180
46,62
115,124
2,146
13,9
82,261
1,147
12,87
0,106
41,240
57,37
0,40
5,127
100,126
5,11
95,24
147,82
0,86
62,103
16,7
191,0
4,206
53,58
49,146
17,153
3,166
24,155
0,126
79,143
43,131
66,96
56,169
26,65
6,16
1,268
193,93
1,91
91,21
0,93
2,201
110,51
53,26
144,41
29,96
40,68
124,26
3,69
166,67
5,79
34,227
1,93
124,98
7,80
48,57
64,76
71,69
14,66
0,179
123,140
51,115
72,63
0,72
6,144
0,24
2,278
131,93
0,15
0,74
28,7
115,112
3,182
43,127
133,54
5,4
73,70
2,28
5,146
92,41
77,28
17,89
60,258
7,175
93,28
22,32
1,99
123,194
19,92
143,70
0,12
0,110
28,82
76,69
1,99
3,163
0,214
148,160
142,123
0,168
16,57
86,177
49,164
63,23
13,54
0,40
11,9
34,9
1,30
50,252
2,88
47,50
12,37
64,78
198,111
9,173
26,172
69,71
0,87
177,32
216,18
73,258
44,140
87,40
72,136
0,182
81,159
17,32
15,184
71,132
164,22
19,65
7,35
84,65
145,192
2,10
31,90
115,225
46,40
141,59
4,5
1,183
39,69
91,95
73,16
0,115
69,34
7,107
90,20
137,66
6,2
0,143
151,35
141,3
36,173
27,117
2,57
129,33
40,64
1,62
13,116
45,32
0,14
67,9
115,85
0,141
8,84
2,10
35,55
30,240
69,99
2,144
87,30
173,20
192,7
29,77
130,95
65,93
0,118
10,248
23,81
5,17
119,41
99,46
1,220
42,5
3,12
17,74
64,41
0,168
89,84
35,98
70,105
176,109
279,6
56,232
0,80
43,46
14,45
36,60
139,49
21,103
14,119
4,120
0,117
75,7
156,66
0,94
0,93
109,106
0,40
0,154
57,79
0,37
196,92
0,120
30,17
51,149
10,251
13,92
3,20
128,75
31,99
128,56
114,26
45,93
43,130
65,185
0,51
3,171
0,85
210,19
24,105
0,187
158,9
40,160
10,218
30,48
19,96
94,5
5,117
45,214
94,149
99,78
1,40
8,39
4,35
14,125
55,35
17,3
54,11
63,119
0,189
146,82
34,103
41,32
108,137
0,143
124,99
0,61
27,73
121,112
141,34
16,49
0,75
15,104
94,60
47,71
80,203
0,189
36,41
0,86
85,110
1,51
39,117
90,198
0,10
31,123
0,12
314,58
4,199
16,11
101,8
140,73
1,45
172,80
297,57
81,54
9,81
28,183
0,135
24,202
49,166
7,140
28,174
0,247
3,32
30,21
6,13
6,172
13,69
85,33
85,161
55,93
27,147
16,44
13,260
109,48
117,8
11,56
0,74
152,60
0,19
155,84
125,62
1,8
3,98
0,116
130,96
23,110
53,144
44,18
0,4
2,119
0,166
202,21
45,118
135,24
2,7
68,70
24,13
0,107
52,24
79,99
128,62
6,64
0,78
140,17
20,181
3,72
0,78
20,78
18,123
148,144
0,7
7,27
0,79
0,57
47,153
57,115
0,94
14,114
7,153
62,198
8,72
14,106
4,75
236,30
56,19
155,44
24,152
0,232
0,55
7,44
4,72
65,136
51,57
10,98
0,25
108,12
219,2
0,98
11,191
40,152
167,58
86,119
19,68
4,147
145,33
117,146
96,100
40,92
105,139
10,81
247,16
2,201
43,103
51,64
11,75
3,21
15,94
75,42
47,59
47,162
25,190
0,82
64,158
0,12
108,95
13,107
73,34
79,100
14,31
46,143
1,213
26,256
0,73
2,45
0,302
0,46
26,111
49,127
61,16
2,256
210,75
66,152
1,158
18,28
120,79
2,191
0,6
0,39
0,234
1,234
0,45
145,24
58,54
31,9
0,21
35,67
11,69
168,76
0,129
5,7
53,83
55,2
36,143
267,58
25,127
0,171
182,61
79,43
44,97
84,142
0,58
28,37
143,0
194,158
33,136
22,133
2,226
1,254
4,195
0,117
1,104
1,186
1,163
16,52
71,12
75,174
18,143
25,77
53,80
27,109
33,165
0,131
1,145
202,23
39,77
0,64
0,7
47,98
0,8
99,71
60,22
95,62
37,167
90,91
10,158
3,32
10,86
22,271
11,51
168,49
0,47
3,51
0,196
4,82
11,221
136,139
5,107
164,130
0,133
218,23
0,310
0,65
41,79
91,69
0,3
53,28
0,79
189,8
122,90
15,3
158,83
0,185
151,38
5,64
9,74
113,68
0,352
20,58
179,50
57,54
57,84
13,104
7,220
148,5
0,119
17,149
29,91
97,110
57,67
0,7
180,54
15,2
58,59
6,3
70,99
105,122
42,23
183,48
106,23
6,303
83,139
55,150
106,17
0,120
127,180
34,53
66,4
28,98
154,16
180,43
128,36
188,54
1,54
4,186
84,111
1,2
60,112
2,181
9,165
171,48
2,163
51,61
2,14
124,129
79,40
65,13
107,98
54,152
305,31
86,6
21,57
6,27
22,23
16,91
132,47
54,8
38,99
59,11
1,22
80,36
31,26
47,22
8,115
179,14
22,114
111,123
80,72
72,160
1,64
5,28
0,10
149,64
10,0
93,87
1,11
6,131
192,32
37,153
0,91
154,7
129,81
104,60
0,277
105,49
173,29
0,61
2,92
85,76
51,101
28,54
94,130
5,139
4,4
61,67
2,115
111,36
0,39
178,14
49,63
100,66
30,26
0,53
71,7
0,4
48,35
2,8
27,182
33,117
161,14
34,171
73,66
7,139
12,116
0,5
0,156
92,82
26,79
0,91
0,203
1,28
59,174
8,97
0,13
6,30
117,83
43,272
0,60
33,248
21,116
38,184
0,235
131,129
100,24
7,59
142,6
26,121
50,15
158,1
300,20
33,4
19,110
62,104
69,231
73,114
13,142
129,120
12,62
10,179
0,165
269,12
0,75
70,43
45,140
79,15
10,91
17,74
9,0
105,50
10,3
2,236
112,21
59,98
137,61
0,133
153,83
128,30
0,5
160,24
52,79
120,117
0,12
139,78
150,106
10,123
0,79
0,120
152,3
45,137
0,53
2,33
208,30
44,48
39,77
4,178
26,172
90,9
126,186
1,80
59,123
114,6
167,98
0,102
28,26
31,117
4,111
156,22
5,122
49,128
78,125
0,22
22,78
117,11
10,114
179,30
126,96
1,116
10,18
78,22
2,184
141,88
32,99
52,126
31,40
100,40
19,17
80,112
155,78
80,172
3,132
255,9
0,173
26,33
82,30
78,93
18,200
35,98
0,3
83,60
35,10
22,8
5,100
1,131
0,72
61,82
9,136
5,120
72,186
30,101
1,110
108,5
39,27
3,2
1,109
181,35
70,125
11,33
127,59
3,77
52,149
129,72
65,88
0,15
38,111
11,103
118,0
0,36
56,72
0,65
40,40
119,148
80,32
142,123
0,5
149,49
23,144
1,178
1,59
120,38
201,40
2,192
44,46
5,23
28,91
105,160
80,189
6,156
38,85
17,141
15,57
194,34
4,200
3,408
3,100
1,30
12,6
4,4
2,166
0,9
34,66
0,95
4,81
123,86
65,36
220,62
0,15
14,34
0,50
4,37
69,120
18,43
1,20
72,21
30,76
54,51
0,16
3,208
205,74
46,167
78,112
30,19
75,31
2,84
45,57
81,77
106,94
21,155
5,182
11,163
16,35
0,40
125,77
13,73
29,166
102,57
15,146
5,60
31,18
38,266
52,53
0,223
24,91
79,190
54,228
1,4
164,5
1,2
38,274
163,105
77,21
131,86
67,72
2,97
48,55
211,6
168,81
2,85
115,138
17,158
200,4
0,198
57,44
147,87
121,11
2,11
38,30
15,141
104,6
5,36
20,74
20,110
0,60
24,47
244,52
197,70
97,30
64,58
61,38
0,136
64,25
12,4
55,161
52,88
174,2
51,38
133,13
21,119
0,100
134,80
0,5
0,118
103,62
1,3
1,55
53,42
41,54
0,193
167,39
2,93
2,125
19,72
19,135
88,81
103,107
17,36
128,34
70,28
3,85
89,66
77,42
59,8
6,113
20,154
35,138
0,90
0,124
21,64
145,110
251,17
1,110
80,67
106,129
18,122
55,151
127,43
57,36
130,212
30,106
103,34
44,144
74,0
46,123
196,2
17,62
9,132
21,93
69,102
11,27
18,35
155,43
17,32
63,44
17,174
119,37
77,98
15,77
42,54
104,112
40,38
0,27
3,14
68,31
69,138
124,122
79,54
0,78
128,13
0,94
141,7
14,131
76,69
61,83
1,100
0,3
47,108
153,14
10,19
169,33
79,45
79,77
9,33
26,14
22,93
7,34
96,46
35,42
27,97
122,113
0,238
46,48
233,8
46,38
41,102
0,96
14,7
1,54
8,49
71,146
210,37
165,7
57,89
2,216
1,3
45,31
146,27
95,54
21,91
1,90
5,202
59,36
47,116
185,52
43,19
1,84
4,1
9,56
56,144
7,137
47,50
44,27
47,104
145,52
3,268
6,104
0,13
10,15
265,33
126,25
51,77
22,171
42,151
92,138
300,4
36,82
141,84
26,129
37,13
139,25
37,139
92,116
89,64
129,85
26,68
84,114
0,45
135,64
28,21
206,44
140,25
0,67
63,180
72,138
0,91
103,87
173,59
21,115
25,3
111,72
50,151
105,17
0,78
80,63
220,62
10,126
120,21
112,43
89,32
0,91
0,47
88,72
110,43
57,23
29,11
215,12
77,45
71,18
8,212
8,125
1,106
2,137
14,158
69,186
2,283
167,96
62,88
27,160
8,135
176,93
0,171
95,126
42,6
45,15
84,24
0,76
40,97
1,107
2,26
0,206
5,0
5,67
18,49
73,42
36,70
30,11
164,10
105,66
51,156
1,158
0,97
3,48
0,79
8,154
0,99
70,152
7,44
9,0
138,98
25,49
107,76
22,132
3,94
25,146
75,16
0,300
0,52
6,219
63,35
22,17
110,60
34,4
46,38
19,93
27,144
117,56
15,16
176,75
57,72
6,111
64,259
212,11
4,10
1,164
2,113
2,13
44,71
0,97
149,21
40,95
120,219
0,61
3,1
9,228
30,21
65,25
83,126
166,36
39,30
137,44
48,40
24,175
4,209
1,77
0,11
27,110
40,87
31,187
0,109
0,132
1,253
309,5
112,86
29,14
53,243
50,149
2,8
138,77
105,37
92,145
245,8
37,49
9,16
18,4
27,119
3,191
38,82
0,103
111,31
44,142
187,68
74,5
81,71
62,88
22,70
0,83
1,112
63,32
26,180
32,21
8,93
273,40
24,49
7,9
83,104
0,45
47,192
8,94
132,9
37,103
55,292
130,89
143,81
0,96
243,15
65,75
114,49
7,270
138,93
57,73
35,181
106,85
37,9
87,44
178,18
0,15
169,104
47,55
36,9
16,82
27,93
0,76
22,191
60,125
10,68
246,80
36,167
0,76
51,171
64,41
4,126
216,77
0,130
11,267
0,95
1,18
22,38
0,82
78,115
1,172
2,15
107,150
63,48
0,6
24,142
163,6
3,90
25,89
121,50
4,113
12,73
63,172
3,217
56,109
0,4
11,17
29,160
186,5
3,177
1,98
88,135
42,56
112,34
49,78
17,39
2,62
4,38
46,181
73,85
24,163
20,52
0,238
1,81
9,8
4,62
44,75
0,101
1,113
53,11
2,127
6,70
0,27
214,127
111,112
62,14
6,3
0,93
7,86
1,121
10,78
36,81
12,43
59,118
143,46
32,19
117,34
3,20
110,61
0,11
113,154
38,81
10,127
90,22
0,19
81,109
3,0
157,70
0,90
69,66
32,163
55,58
9,186
6,130
1,35
139,17
59,127
365,51
124,66
80,32
148,5
177,58
83,10
264,30
164,66
12,90
2,3
23,117
2,173
5,21
15,82
0,258
61,166
144,9
13,9
41,207
212,17
0,146
21,109
34,10
144,98
60,76
0,15
27,81
1,88
126,15
17,210
66,3
16,148
30,113
91,116
11,19
50,36
1,32
97,168
28,180
10,31
7,24
55,117
0,132
1,23
129,80
45,149
120,77
0,41
53,47
0,167
4,163
0,222
4,50
30,15
2,165
51,222
44,46
0,92
16,86
165,11
74,49
0,108
0,37
1,74
100,106
69,27
27,60
41,61
162,141
189,46
0,73
0,45
13,19
77,9
1,97
97,56
50,93
8,58
0,97
0,39
117,21
128,86
25,93
61,52
116,100
66,6
75,139
34,122
65,94
66,70
58,13
110,123
0,62
31,75
0,80
93,71
14,59
50,4
200,25
90,50
2,6
82,130
77,26
74,36
40,142
0,105
43,153
17,230
16,152
40,66
10,115
130,161
4,5
16,7
162,8
188,21
0,27
0,79
74,143
91,54
3,42
7,204
0,244
0,120
41,92
90,156
0,61
113,81
141,41
94,64
2,72
39,173
1,48
28,67
127,1
21,97
4,2
85,56
30,118
145,34
117,34
1,106
112,201
77,301
7,163
151,90
6,78
36,71
145,123
66,151
117,4
77,128
77,74
72,142
29,167
0,45
12,95
6,95
7,9
152,38
2,10
136,92
0,14
45,380
0,261
95,141
5,88
218,104
120,84
0,186
10,16
4,122
25,63
0,120
253,88
26,29
32,49
0,286
4,8
210,49
9,1
294,62
54,10
31,81
3,113
11,68
0,3
65,64
133,65
92,33
162,26
110,86
8,173
6,15
321,30
2,47
28,186
136,51
94,160
119,25
0,41
110,32
13,45
332,3
25,33
84,54
0,173
148,92
38,257
3,98
3,33
41,33
0,198
0,131
114,115
162,20
1,54
94,29
0,14
7,132
22,161
140,92
93,281
204,4
16,69
27,185
6,154
45,102
161,98
158,6
44,93
89,66
49,139
0,9
67,50
8,188
46,121
11,61
26,37
17,135
2,83
117,25
5,54
1,104
9,86
17,28
115,95
3,108
163,105
74,106
75,192
89,70
78,75
59,102
30,125
17,100
15,55
24,22
80,79
2,22
9,146
66,113
7,360
32,119
31,85
0,60
2,98
4,107
0,155
11,84
15,36
0,75
7,82
85,91
124,57
143,0
80,22
61,84
31,136
70,28
0,179
0,135
58,54
102,83
21,190
3,104
38,19
2,3
83,123
173,31
1,63
164,29
1,118
8,155
16,248
3,18
96,11
46,81
56,89
18,54
265,51
250,26
167,38
21,75
54,153
8,92
70,108
197,99
5,54
154,12
96,18
10,151
0,103
0,228
0,101
3,155
61,250
119,16
98,16
48,109
25,92
9,149
0,108
27,192
9,64
199,40
148,19
194,81
0,54
5,14
0,85
1,106
33,109
139,15
21,52
105,55
78,143
192,60
0,30
25,192
8,57
0,40
50,28
41,220
33,123
0,10
26,92
54,255
150,12
105,40
4,59
120,46
0,167
110,133
0,124
149,82
106,215
85,136
58,109
92,13
19,37
53,124
142,168
61,42
7,85
10,24
44,94
0,61
97,78
50,154
107,155
50,18
1,9
27,138
142,47
9,118
120,43
52,187
206,36
142,32
142,17
130,49
4,232
30,87
86,58
46,197
10,183
55,103
10,39
27,137
171,40
314,69
3,110
19,144
197,59
238,49
42,5
48,73
264,57
76,48
17,2
57,8
37,226
19,172
164,5
50,59
11,95
57,15
7,31
35,220
0,155
66,238
90,32
30,88
272,4
6,86
123,154
170,39
53,106
12,198
218,8
236,19
79,142
140,111
2,126
0,46
0,55
22,61
19,31
148,1
96,136
2,190
17,40
5,91
64,33
128,75
91,61
101,12
110,36
38,68
6,74
56,77
116,44
1,45
35,158
0,155
99,124
195,24
199,59
1,169
2,103
0,102
2,236
33,149
27,121
23,149
4,50
0,38
79,79
41,200
11,16
47,219
46,65
6,106
32,24
73,72
6,76
100,101
3,76
0,83
43,142
1,24
189,19
133,111
183,88
91,75
99,29
0,82
1,88
17,128
37,145
36,10
0,82
20,190
3,4
78,38
6,20
108,200
32,139
6,123
39,182
55,99
152,106
1,140
81,55
21,84
24,176
32,204
18,169
16,39
0,21
0,218
54,75
126,117
1,57
4,306
0,118
136,2
128,83
64,26
0,35
86,8
2,110
5,2
78,119
62,81
59,117
103,24
2,94
106,63
8,90
46,111
0,164
2,161
183,109
439,76
197,31
40,4
105,42
44,288
17,142
1,102
1,11
10,127
0,135
31,62
191,64
28,24
14,126
200,66
47,197
35,84
0,52
2,24
143,84
299,37
88,62
2,131
17,104
5,152
77,112
150,69
28,164
95,175
232,2
100,20
11,85
1,3
122,30
67,19
41,97
141,15
53,57
0,191
52,40
2,225
0,86
44,62
3,9
87,135
103,29
7,93
129,21
19,163
12,32
0,114
53,236
29,227
12,127
13,102
23,99
94,170
47,56
129,174
0,164
0,242
0,30
227,34
1,13
58,159
23,24
4,51
0,73
215,64
100,239
58,27
23,7
145,83
0,68
0,86
13,7
1,59
81,51
15,24
11,102
39,13
8,133
141,19
1,52
6,86
39,52
10,35
137,127
41,118
117,90
34,8
26,6
25,123
0,93
63,134
3,15
0,21
120,31
9,187
9,43
317,35
7,144
98,203
2,126
16,14
110,27
47,86
0,232
112,48
23,53
1,179
0,23
98,74
117,22
512,9
250,30
0,94
104,104
38,57
108,51
2,236
146,33
12,153
30,79
17,186
1,58
0,35
3,99
3,45
44,29
55,26
93,76
0,104
96,95
158,46
40,125
168,79
65,64
85,158
240,12
29,7
16,104
58,68
0,10
0,93
36,77
30,46
116,28
129,32
15,22
76,77
147,18
1,85
114,39
1,165
2,4
6,67
107,48
23,186
4,91
96,157
29,137
177,6
192,12
51,229
10,134
41,30
107,8
2,33
28,51
6,21
4,45
3,46
0,5
7,121
62,135
2,23
17,68
42,140
0,91
4,246
123,116
0,3
79,152
104,1
52,68
4,75
0,5
33,14
16,163
45,42
1,220
1,18
30,15
10,76
68,200
57,43
398,8
33,133
45,61
54,16
249,3
10,178
7,49
1,27
183,20
110,76
120,109
11,29
56,61
10,288
80,46
239,42
155,53
25,1
26,29
0,34
9,141
106,26
146,34
2,118
178,82
0,131
17,183
0,83
12,171
141,31
64,118
12,65
174,13
116,59
59,158
0,91
123,45
63,53
10,47
217,41
16,20
43,182
9,12
165,100
2,161
62,137
17,43
137,158
8,121
0,122
102,32
19,76
84,62
52,67
0,25
13,211
2,43
179,45
29,49
36,92
113,41
6,64
14,160
171,43
79,6
68,10
49,77
4,19
0,23
0,80
79,22
30,80
7,15
111,82
100,37
0,10
29,202
89,25
26,123
95,49
0,71
3,176
0,133
36,24
103,33
199,79
81,109
54,31
0,66
111,109
122,14
150,29
6,284
10,78
3,88
43,171
28,109
0,30
177,94
0,177
0,261
3,36
13,159
30,149
7,8
89,155
2,59
0,151
399,10
89,44
1,33
50,77
10,292
106,16
27,15
52,207
5,123
7,170
82,133
106,66
83,42
192,61
53,31
13,92
5,199
62,37
4,111
0,180
93,26
28,112
209,44
225,110
50,102
19,208
0,5
76,10
131,54
63,131
1,134
114,9
106,94
133,154
102,67
84,34
0,117
0,125
13,27
141,47
14,114
141,73
4,106
176,84
0,162
0,49
36,35
117,21
7,144
182,54
7,113
16,11
0,68
53,25
0,110
20,7
95,167
2,1
36,128
0,80
5,168
173,91
104,185
74,5
0,64
149,208
0,3
159,144
1,124
145,46
2,162
44,103
37,86
1,76
87,53
77,218
113,20
74,166
6,150
163,67
0,199
0,49
72,44
53,124
164,8
14,131
192,136
15,143
85,135
17,213
1,227
44,53
83,34
16,150
0,80
27,186
0,149
77,57
41,199
76,36
24,25
184,37
168,14
127,6
47,88
105,98
67,48
20,250
46,110
102,161
168,92
114,46
36,80
40,126
64,5
0,30
26,277
18,0
6,16
90,15
0,107
0,196
3,132
82,10
115,96
87,157
31,11
35,116
19,186
0,16
1,92
98,175
16,28
1,10
0,17
0,53
52,32
19,20
8,78
3,10
28,88
36,153
20,32
46,118
135,111
34,65
8,104
64,171
44,151
102,23
0,4
0,9
231,4
28,1
42,104
3,85
120,10
0,8
123,80
65,86
140,25
1,177
184,58
0,105
174,99
14,39
25,281
0,77
32,104
9,79
88,27
44,90
17,34
32,38
97,61
34,56
126,7
51,74
50,5
67,17
100,52
102,78
169,54
83,11
0,196
77,11
1,10
118,54
16,117
78,254
125,17
9,123
3,186
0,6
0,81
62,28
37,143
119,105
4,17
65,111
0,6
107,100
164,139
0,143
1,106
128,55
7,207
0,185
1,131
3,45
4,83
43,146
70,21
170,61
177,115
67,23
83,13
94,79
94,126
0,129
0,73
91,124
18,172
32,46
0,55
176,13
5,151
144,2
5,150
13,161
47,173
31,43
199,35
5,188
4,106
9,72
0,26
158,30
93,196
98,74
48,129
0,99
122,35
133,44
125,55
10,233
157,51
0,70
121,99
175,20
3,29
0,162
51,8
2,39
30,160
123,11
0,61
2,33
1,21
28,74
8,42
49,43
3,107
0,43
114,45
143,11
174,111
176,25
126,57
0,67
25,33
83,48
54,148
0,88
21,207
29,69
60,167
173,33
127,11
109,71
104,63
61,77
182,49
110,96
33,34
0,190
104,36
97,13
7,152
19,31
67,69
119,100
58,105
0,94
37,23
18,127
9,173
94,48
7,108
70,20
16,324
92,27
0,103
94,136
0,51
1,3
0,17
137,163
26,90
57,43
73,49
40,8
0,102
134,89
111,27
268,53
9,75
135,22
23,22
27,257
45,48
5,73
52,23
24,144
79,65
1,108
40,210
34,42
0,244
171,89
151,10
3,164
33,36
153,88
62,47
199,103
0,166
110,142
136,49
136,126
9,30
0,37
36,25
14,91
12,192
0,193
72,7
50,12
10,21
14,74
24,50
127,104
1,144
80,17
86,96
12,268
37,43
23,298
4,4
110,35
6,226
75,125
63,70
56,134
89,137
8,271
183,6
25,7
0,152
104,65
21,160
41,18
127,46
48,124
5,47
0,126
77,166
2,80
9,88
94,94
127,88
2,151
3,100
135,33
2,65
107,14
0,32
6,18
0,120
172,8
62,161
0,106
132,25
88,8
2,72
0,67
0,189
24,134
1,101
13,65
27,120
62,60
32,144
53,26
124,227
3,114
0,35
0,48
80,133
15,38
18,106
0,36
1,140
6,51
0,14
113,71
0,16
0,43
135,64
79,94
0,47
130,155
191,29
68,130
18,110
154,50
7,66
34,105
138,52
121,50
1,20
13,163
11,240
0,160
108,16
0,47
0,52
33,39
86,233
113,27
0,12
1,187
93,12
15,12
9,185
35,80
4,0
153,266
68,216
45,27
2,41
99,80
153,17
20,241
174,13
20,7
40,14
41,35
5,2
243,12
1,65
100,47
147,5
69,34
7,129
173,31
142,82
79,74
17,206
77,166
2,322
2,20
0,81
171,113
28,134
80,78
18,167
15,167
214,10
198,2
53,16
33,108
13,110
42,227
139,12
31,231
50,25
83,92
6,108
2,10
220,77
3,121
164,68
1,76
40,32
66,96
6,136
201,56
240,80
44,180
170,136
0,8
160,77
54,22
101,91
1,33
30,205
114,146
3,77
53,192
3,2
4,5
107,43
11,193
251,20
104,71
37,117
60,137
3,36
39,34
79,211
11,170
25,42
29,274
13,45
108,88
3,117
91,19
0,143
0,328
8,59
0,114
33,156
5,91
6,4
13,11
1,3
0,7
5,132
3,60
74,131
6,46
30,85
24,127
55,59
72,16
12,126
297,19
0,80
40,40
202,14
4,8
107,122
16,101
0,53
116,25
119,75
10,154
0,226
63,99
33,70
0,35
201,60
1,97
17,126
6,46
108,11
144,7
0,161
176,19
0,65
73,63
9,54
9,21
93,97
130,45
8,15
1,111
25,55
130,15
10,95
41,123
11,157
9,18
11,141
0,159
68,20
27,52
158,40
1,148
9,203
26,66
173,60
118,138
100,133
0,59
74,26
0,136
43,164
0,165
86,22
63,279
0,183
69,133
20,59
12,96
1,9
1,128
112,110
70,214
2,21
29,69
10,180
4,0
138,84
11,184
89,71
29,58
0,17
28,126
101,83
44,4
0,81
10,14
17,4
62,34
112,27
64,95
63,6
14,116
19,117
9,77
0,3
0,4
4,92
195,20
0,108
30,160
30,47
13,168
5,54
31,8
74,73
32,148
1,111
65,82
27,128
112,38
169,9
40,108
16,40
51,37
27,62
0,123
6,67
130,99
46,219
58,29
70,224
102,38
20,68
8,214
0,27
80,103
0,98
13,233
12,202
33,3
131,70
67,87
12,299
12,165
24,105
0,111
2,201
50,71
67,119
190,25
39,167
148,78
84,98
114,140
58,98
48,148
0,60
13,7
65,23
18,176
16,200
40,124
148,4
130,19
99,87
87,108
79,68
273,10
183,4
58,21
93,114
170,131
0,81
0,5
9,23
13,17
13,9
1,79
66,75
42,145
205,30
139,21
0,114
163,13
42,43
0,35
43,197
0,75
5,67
0,7
20,117
3,17
6,96
153,17
3,242
33,148
0,282
23,83
135,12
0,103
155,68
0,7
22,24
123,6
34,20
15,33
59,13
85,116
21,79
69,54
9,121
3,13
44,141
12,109
27,39
47,125
50,14
21,109
0,188
39,141
1,221
117,18
8,27
46,6
2,165
100,26
0,80
0,125
49,3
92,8
39,90
172,21
0,70
131,91
0,76
210,68
15,31
162,19
22,27
4,80
0,12
138,7
116,79
5,49
54,117
17,236
156,63
1,274
25,52
51,214
62,85
29,274
78,89
9,7
10,79
5,13
68,133
2,168
8,189
0,25
93,94
83,32
3,19
222,26
4,137
91,49
152,101
2,290
7,135
0,87
109,89
123,50
19,17
4,77
2,69
50,90
31,25
11,76
0,14
135,7
184,72
4,116
0,82
1,94
28,195
0,108
65,22
90,74
117,27
3,8
95,43
110,29
2,102
19,29
17,111
141,40
0,145
2,14
19,51
42,239
1,126
6,197
3,67
0,68
115,103
19,138
80,52
92,30
0,64
6,143
112,141
9,33
187,101
1,122
69,159
3,75
122,62
8,21
0,109
68,120
8,111
0,200
71,84
38,3
22,83
0,15
1,61
68,144
22,5
0,172
230,236
112,20
0,391
1,52
8,78
10,99
78,188
2,25
188,74
69,69
14,97
0,56
9,218
48,228
23,99
1,94
2,121
51,107
31,94
0,45
102,82
22,199
1,3
0,137
158,98
14,1
0,4
0,61
23,107
15,96
49,24
13,133
22,162
10,146
0,15
22,215
20,133
236,63
183,84
7,18
130,94
70,218
71,191
85,1
30,126
26,123
65,169
234,49
98,96
0,91
49,136
42,106
0,141
24,117
288,9
43,58
11,224
8,94
16,19
156,41
0,20
172,95
0,56
0,58
27,286
11,22
19,52
161,8
21,269
2,23
3,99
52,65
2,169
1,81
6,162
3,153
26,82
0,131
102,187
0,145
97,197
17,101
8,109
74,40
68,25
148,118
25,140
50,53
63,90
118,86
5,81
87,129
2,107
0,195
59,91
0,31
37,126
184,81
241,62
6,177
50,11
90,145
42,28
274,61
11,121
4,52
85,120
125,29
31,77
263,73
238,116
4,88
9,341
0,11
0,104
1,11
64,206
132,64
90,38
0,104
0,9
102,66
55,194
30,23
67,67
52,23
75,23
5,98
168,13
2,272
46,102
74,32
155,90
95,118
14,77
16,33
15,133
38,62
4,12
0,186
81,100
175,64
0,145
46,59
1,75
86,152
26,28
110,94
5,43
112,103
67,39
65,162
0,56
0,8
166,37
68,207
37,74
44,42
39,137
88,23
84,78
51,71
4,261
46,54
10,215
0,10
1,197
66,63
188,66
161,27
86,119
186,47
135,52
7,109
149,47
133,61
0,95
178,32
54,56
22,20
103,21
7,2
49,128
11,149
3,43
78,29
0,28
79,145
32,121
40,110
44,258
14,166
125,12
79,125
130,23
102,144
39,133
119,79
64,72
2,181
58,113
50,94
125,5
14,8
7,98
155,112
92,91
105,41
82,6
0,16
2,55
46,12
6,57
32,42
27,30
13,191
122,67
21,167
10,86
0,48
70,58
89,24
22,150
31,8
6,105
147,36
2,242
23,107
108,90
106,11
0,84
70,28
3,14
1,126
71,202
0,142
30,79
25,46
48,47
0,60
53,35
4,125
0,98
7,17
53,167
134,118
62,82
0,37
204,19
0,54
0,134
4,125
11,153
11,54
50,49
3,38
152,6
21,54
2,71
124,12
0,216
86,83
0,17
13,122
15,178
249,86
38,154
84,18
0,98
78,17
171,43
95,70
0,161
56,44
0,15
56,146
135,122
98,147
122,53
0,34
102,80
91,27
0,61
202,13
0,61
260,33
1,261
110,55
86,23
263,23
62,68
6,115
8,82
14,101
144,39
68,14
132,85
4,306
71,167
143,12
111,57
65,115
0,15
14,276
10,101
13,122
10,3
0,18
0,59
1,122
45,98
2,15
16,205
43,27
48,25
4,80
139,31
3,142
0,66
2,178
0,104
65,7
7,13
0,160
97,78
59,155
0,146
0,99
97,67
52,45
107,40
2,100
1,192
0,26
85,82
116,52
334,6
28,258
30,73
63,32
0,36
72,151
79,69
5,200
129,138
2,7
113,48
64,11
11,65
9,13
8,40
83,105
7,202
8,177
0,22
4,186
11,9
83,5
0,114
207,51
3,140
66,142
29,9
103,81
45,28
55,43
0,79
42,40
144,62
40,116
115,101
54,143
104,19
32,18
38,63
0,25
20,92
13,25
21,114
1,114
0,80
4,42
230,3
3,237
139,61
0,13
4,116
114,67
39,91
1,165
120,5
5,5
0,61
158,6
72,136
136,268
162,149
49,211
25,177
0,91
56,178
9,123
30,19
203,90
3,155
41,63
108,73
3,116
0,71
32,41
135,31
174,69
4,131
208,12
95,21
1,243
0,78
15,136
41,282
16,97
42,177
3,16
5,27
55,186
114,46
109,142
173,23
5,2
215,35
43,159
6,1
159,43
2,123
14,67
19,215
102,89
6,98
91,42
136,57
36,117
0,104
199,20
2,86
11,111
34,52
0,32
0,6
217,68
164,76
115,13
137,114
37,30
0,18
158,28
17,218
2,16
0,5
4,69
2,6
0,183
127,9
22,176
1,93
101,86
0,188
100,159
39,52
0,159
88,191
245,78
37,27
88,23
2,199
32,89
118,116
23,11
6,56
175,63
96,172
144,109
7,5
197,60
0,131
142,29
110,18
8,54
61,139
42,106
70,282
16,7
0,6
7,90
89,75
3,188
92,28
70,22
131,74
5,30
23,2
38,13
3,91
94,17
25,255
54,41
75,19
153,35
24,92
12,66
2,143
61,88
156,28
60,87
0,62
99,43
14,94
0,125
0,246
45,6
96,17
8,131
29,100
0,107
25,172
4,0
96,142
18,19
0,90
50,93
145,83
47,54
74,65
27,111
148,76
128,86
21,17
112,84
0,91
141,11
0,27
1,32
13,259
38,11
2,168
194,90
28,146
28,147
134,91
48,86
19,18
29,84
0,39
6,90
8,141
0,19
46,51
21,90
0,54
0,20
10,42
79,150
3,71
104,145
43,148
0,107
32,128
56,147
164,89
98,17
101,47
2,70
4,83
0,160
75,42
125,32
54,140
0,9
38,18
10,121
59,19
167,116
35,52
133,23
15,136
54,89
51,53
96,29
41,44
0,135
48,69
35,162
145,15
121,18
18,152
62,44
45,151
28,143
230,18
117,19
87,113
65,34
17,122
1,81
73,145
144,34
12,194
422,5
117,6
3,154
23,15
64,108
22,120
31,65
210,71
127,56
122,20
23,5
112,4
36,249
0,102
0,88
5,146
0,6
0,30
13,104
16,132
3,192
29,74
115,86
54,209
21,77
4,133
5,122
35,64
117,61
143,50
104,54
3,0
3,3
25,170
68,55
0,200
2,116
173,5
55,57
5,115
7,13
1,124
106,241
53,185
74,177
13,116
37,211
0,64
33,122
42,64
84,43
46,188
93,106
0,204
17,65
6,140
41,221
0,324
0,19
44,110
35,12
9,165
40,154
0,80
9,12
65,178
2,161
207,57
53,78
43,91
0,12
57,72
82,21
183,135
57,199
42,78
196,35
141,70
33,146
6,3
2,83
1,203
200,4
137,21
9,55
111,106
12,149
13,54
0,189
142,75
19,218
301,9
149,69
0,88
0,96
29,99
155,86
87,18
139,71
0,43
13,255
71,37
158,175
26,259
86,86
35,187
32,110
0,64
0,90
0,137
3,137
32,78
11,97
59,38
73,154
131,20
24,8
4,119
60,22
119,13
1,98
1,109
123,109
6,5
8,17
0,53
146,18
20,81
167,5
62,127
30,42
101,205
19,138
44,86
55,139
294,36
19,131
1,105
7,15
19,18
1,36
50,9
24,38
105,45
45,45
4,254
37,195
42,24
0,21
6,93
0,52
112,97
1,7
41,79
41,39
64,119
82,45
0,118
80,47
64,9
129,276
148,64
3,90
173,36
101,17
108,97
0,85
29,12
36,51
1,14
10,17
48,77
2,7
105,130
18,84
202,50
111,67
1,93
46,13
3,61
10,106
151,126
1,9
7,14
6,8
66,71
174,66
25,113
86,53
1,187
78,21
0,60
12,77
114,76
84,39
6,101
46,83
178,82
3,8
42,61
8,31
15,8
19,30
37,217
0,37
0,124
35,22
61,26
1,19
0,244
229,39
0,31
46,44
28,100
0,213
99,32
89,72
127,75
1,109
25,109
2,11
154,57
0,106
3,243
234,214
46,93
6,8
15,41
18,163
3,151
81,48
7,13
58,24
28,92
6,206
0,9
175,122
129,19
0,100
174,20
166,29
105,16
91,80
15,22
1,20
45,56
26,52
71,25
42,129
1,43
0,18
69,65
169,15
0,14
40,194
4,77
96,16
256,9
0,132
71,26
248,21
195,88
66,29
42,11
56,247
93,26
17,33
0,312
36,37
40,195
58,275
13,135
75,64
0,72
86,116
36,24
0,202
28,147
160,46
26,44
26,75
149,23
74,46
394,73
7,154
144,134
7,80
3,149
26,151
1,3
125,61
4,231
0,15
38,107
3,261
37,0
194,43
102,144
181,95
5,91
0,27
0,5
81,11
113,82
0,18
121,129
0,43
58,114
5,7
126,10
55,123
72,124
1,202
3,84
6,238
135,116
91,176
8,242
6,34
18,159
0,118
167,34
57,41
80,58
12,45
2,15
0,70
3,143
0,121
40,240
20,220
23,289
0,60
71,152
6,169
122,12
33,244
0,72
118,38
15,354
29,108
28,90
83,100
22,64
169,85
7,25
13,58
66,46
173,85
46,114
1,164
8,204
11,158
102,74
1,110
29,268
1,108
1,100
0,74
124,42
1,83
134,58
36,66
62,180
53,118
17,217
9,3
0,12
1,3
153,106
121,71
28,155
36,233
132,110
0,3
1,113
5,206
1,16
35,34
194,30
114,27
0,84
14,23
200,66
23,13
69,16
140,35
2,139
59,74
71,39
0,26
168,72
14,84
42,13
152,55
1,79
17,201
34,80
121,55
106,38
21,11
0,73
5,2
0,94
2,180
2,115
20,9
101,134
0,137
176,26
16,20
173,30
100,4
20,198
152,58
1,92
75,46
19,96
0,3
6,127
41,21
172,60
72,58
66,55
74,9
1,62
9,185
41,60
0,7
109,157
1,249
197,12
13,82
0,242
169,15
181,54
33,77
1,132
0,203
63,163
45,136
1,28
1,117
5,8
35,126
0,97
1,3
45,111
75,150
58,63
175,69
10,188
89,22
84,7
3,21
7,139
26,44
24,130
70,71
128,85
233,64
209,33
15,154
134,93
18,18
0,4
3,113
222,47
1,231
159,83
30,31
22,12
11,118
153,11
47,16
0,56
8,147
0,70
121,117
0,173
46,189
1,130
0,96
23,9
9,74
2,1
8,27
70,119
104,6
135,14
53,123
96,200
31,65
201,57
110,115
7,125
0,226
97,9
2,26
21,47
125,152
188,12
42,23
65,56
76,24
0,10
0,3
0,6
142,6
0,162
183,28
25,15
55,115
104,78
102,49
76,126
0,37
153,30
2,222
65,13
0,36
65,34
7,3
6,83
207,30
0,115
214,65
136,25
110,8
167,141
59,160
0,89
78,16
3,137
71,4
33,159
312,10
41,48
9,105
14,18
71,121
83,9
80,151
76,85
97,163
0,76
161,4
21,102
93,41
2,55
119,114
147,89
10,138
125,68
143,81
0,85
8,37
79,109
14,206
167,53
89,23
0,11
0,13
36,23
70,114
26,249
0,55
0,114
20,170
76,142
38,58
55,85
0,136
36,130
183,49
58,233
8,22
1,9
184,98
200,96
33,55
48,84
15,158
35,66
196,32
36,205
52,72
109,64
17,9
9,3
6,86
66,26
27,117
0,75
166,30
23,99
207,13
6,119
0,104
110,34
0,167
21,176
3,112
0,235
123,20
84,222
148,52
180,51
0,147
27,84
0,184
0,161
0,47
76,104
111,24
103,185
84,86
100,16
65,147
164,30
40,6
66,84
2,130
244,47
335,30
67,41
115,145
138,8
8,75
13,12
0,3
90,9
61,156
159,128
61,72
1,200
1,104
60,16
194,14
5,21
63,69
78,138
23,29
233,17
18,61
41,71
58,32
0,39
2,105
62,79
0,40
68,110
137,4
0,58
24,140
8,54
3,71
21,112
117,83
0,4
71,175
26,173
185,30
163,86
11,162
3,154
12,134
33,96
24,76
48,66
5,2
13,66
46,92
43,61
124,80
26,64
16,29
104,36
45,82
71,133
7,25
0,8
76,14
4,13
7,105
109,21
80,121
170,168
222,9
0,106
2,204
99,73
37,72
62,74
0,82
0,108
0,89
111,31
7,163
156,72
112,5
34,78
0,20
75,175
179,50
12,6
13,151
32,181
69,47
1,74
9,6
20,15
8,112
0,385
0,3
0,43
123,45
72,121
183,107
46,259
16,8
128,68
72,125
124,16
171,6
11,140
7,11
0,20
38,152
180,66
103,28
64,104
16,75
28,112
0,73
1,168
23,164
182,91
12,242
0,153
0,45
4,174
25,7
47,15
14,20
7,142
169,145
87,18
14,160
82,24
15,155
39,119
34,64
139,22
3,118
276,14
71,87
58,70
0,63
23,24
173,179
50,69
0,63
104,47
23,199
17,47
40,122
0,148
48,19
51,60
61,116
41,153
4,89
14,15
34,31
1,33
18,20
30,188
16,105
73,118
143,48
51,59
3,143
74,133
1,125
32,221
17,84
24,12
143,269
14,25
4,122
38,110
5,13
0,72
1,143
0,171
296,36
4,158
1,127
29,60
6,30
0,15
0,127
0,20
23,95
30,131
15,161
164,49
27,68
30,63
274,72
4,92
30,230
7,136
0,87
19,145
111,74
10,13
113,54
23,79
39,92
11,95
3,280
93,92
51,65
144,31
0,62
12,42
33,82
3,41
26,191
90,72
0,112
85,11
189,25
94,79
3,1
65,36
121,22
119,5
26,124
68,31
0,83
24,22
6,125
126,101
142,183
6,19
12,135
151,7
13,14
54,28
0,92
61,28
3,92
1,92
81,95
0,25
81,37
81,12
3,80
40,235
128,59
121,2
1,109
46,75
0,17
3,39
141,66
40,31
103,144
47,87
77,72
59,176
0,87
7,117
95,28
36,155
84,62
142,80
20,65
72,26
160,69
18,4
0,109
73,53
78,205
23,19
55,126
0,163
0,7
0,161
178,34
31,156
123,151
142,23
5,2
9,163
16,64
5,52
0,96
42,76
3,111
87,35
119,19
30,41
50,46
150,145
7,4
100,7
44,168
105,66
10,54
4,101
14,68
39,131
13,112
5,153
9,49
38,61
25,112
2,126
0,34
25,51
0,95
25,75
9,201
127,25
49,49
0,254
4,151
12,148
0,28
0,163
56,48
8,41
0,51
66,131
18,136
13,105
47,37
90,155
19,10
153,34
28,52
11,89
102,25
123,26
3,144
138,118
1,121
0,84
43,98
68,85
2,38
19,2
61,42
99,73
0,112
1,81
0,3
114,156
0,38
0,5
80,181
129,8
196,200
22,163
216,29
30,11
33,52
68,141
295,13
22,5
96,122
182,33
66,74
117,138
211,65
132,36
10,190
59,95
65,202
19,46
33,99
0,82
1,135
159,1
33,115
28,13
110,55
21,135
41,263
27,154
33,96
58,37
72,70
15,27
0,15
1,229
6,214
52,58
162,3
16,174
0,71
0,172
19,24
86,56
109,113
0,227
5,47
0,98
51,100
76,73
2,67
0,59
101,32
23,17
71,17
157,50
1,210
289,39
166,42
13,61
284,61
5,35
0,120
1,13
24,75
7,13
0,29
79,55
102,97
24,91
134,11
1,90
0,5
6,101
1,128
82,33
108,162
7,68
16,190
1,21
27,9
17,173
18,128
10,83
63,102
83,40
90,107
0,49
133,26
124,89
13,39
86,98
82,82
1,124
50,155
4,28
33,100
4,62
30,156
0,107
30,101
0,89
3,130
40,57
96,43
91,69
0,18
176,68
2,3
17,83
57,176
40,191
80,92
1,153
53,151
81,75
2,197
92,19
194,74
35,125
67,59
7,0
95,104
13,235
168,56
9,1
45,54
4,264
3,55
95,81
176,56
11,112
8,82
108,131
22,143
146,40
10,92
5,85
3,81
53,53
5,49
0,6
141,74
137,76
0,27
174,49
116,85
28,7
85,48
105,245
202,29
22,46
27,4
32,33
70,127
128,30
2,117
154,63
136,57
109,161
64,22
18,3
26,126
1,105
81,96
26,30
48,149
22,56
10,112
93,120
151,27
0,41
128,99
16,153
5,85
0,4
0,80
83,29
64,142
15,140
26,5
26,138
2,177
100,44
14,45
70,128
21,4
60,113
127,56
17,140
275,42
196,66
15,123
7,45
108,88
55,94
14,115
2,84
105,32
273,20
160,36
2,89
47,102
14,56
0,12
6,80
0,94
65,73
26,182
32,79
74,94
0,54
0,11
98,14
0,10
10,77
4,3
55,53
22,36
159,114
150,14
26,187
24,22
206,25
1,14
14,38
69,151
132,66
73,113
165,49
7,56
49,139
47,73
4,51
25,68
32,273
28,129
15,68
15,4
72,105
75,61
4,31
3,125
58,143
148,4
14,8
0,272
37,124
27,39
73,45
0,306
2,41
72,38
157,4
9,35
9,68
6,104
0,159
22,115
16,45
66,60
0,16
42,181
43,40
64,76
23,49
101,178
34,29
100,24
107,103
80,117
118,136
23,35
82,75
0,125
141,53
83,128
49,155
9,22
1,28
22,137
21,76
86,82
109,48
0,19
140,50
7,28
126,125
6,45
49,60
52,162
77,181
1,273
5,114
1,4
10,70
29,224
38,70
111,142
161,70
39,34
0,103
65,92
83,85
103,66
84,97
9,183
41,161
4,121
37,76
200,45
21,38
186,25
33,116
54,50
29,11
96,19
0,60
23,34
62,41
55,36
40,44
3,82
40,28
9,2
69,109
16,39
70,14
104,49
114,111
183,11
12,7
0,10
114,98
16,138
14,160
125,104
18,158
47,28
20,100
0,18
64,83
6,79
0,21
117,58
45,24
247,17
36,31
11,157
172,43
7,8
1,33
17,117
22,62
91,105
0,53
0,139
35,41
37,101
51,46
136,30
1,24
121,86
0,92
16,41
29,47
16,121
2,12
0,11
12,9
0,24
27,36
179,9
0,20
87,43
9,249
3,86
54,22
0,155
120,24
122,12
183,73
17,203
75,76
62,92
37,109
11,1
1,127
96,79
25,185
73,92
64,21
16,40
39,193
98,15
140,90
0,63
1,25
10,167
38,25
24,118
15,173
16,51
94,238
116,99
178,29
233,19
52,27
13,85
16,8
199,77
153,57
20,11
186,29
158,9
1,7
0,110
78,159
108,111
2,155
144,55
140,53
10,104
23,50
84,86
98,154
21,50
21,19
46,36
0,53
0,3
218,89
5,161
121,52
22,59
94,68
2,156
4,179
86,98
0,42
101,49
91,80
1,126
27,137
6,0
126,69
56,51
18,101
0,65
59,107
291,16
0,60
0,100
0,113
1,109
2,104
95,41
2,70
4,13
25,111
17,81
82,95
64,209
0,67
1,84
6,63
0,196
24,89
1,119
33,115
92,63
88,160
49,41
55,148
0,86
92,160
215,32
38,87
56,106
32,135
57,56
36,13
169,14
45,63
178,20
1,180
163,16
4,46
7,166
35,18
23,82
2,100
0,4
157,94
101,131
174,48
249,90
0,135
3,259
21,12
0,193
162,47
109,142
0,11
263,15
1,88
28,142
139,15
10,180
27,103
29,24
150,27
160,66
189,61
22,74
0,6
152,66
10,105
89,68
5,122
93,193
44,65
51,42
0,5
173,7
72,201
96,31
6,129
94,168
165,16
68,54
7,85
1,159
33,9
185,116
0,7
76,137
30,24
0,40
4,239
0,16
131,63
172,29
0,26
59,155
207,70
13,9
1,3
41,19
174,38
141,48
34,180
12,2
145,18
64,137
71,51
9,17
164,11
83,55
50,17
110,2
67,29
111,71
52,62
171,70
134,103
102,52
12,167
19,189
24,156
158,94
9,13
100,149
47,224
13,57
14,132
13,184
14,228
43,55
100,51
55,167
10,107
72,169
135,59
92,76
7,73
24,72
6,161
52,56
193,74
27,28
18,26
140,53
120,57
0,54
0,39
33,301
7,18
102,138
29,105
0,53
110,12
34,320
6,155
10,148
0,121
73,64
1,112
2,38
167,67
164,8
1,106
4,280
29,57
173,34
0,112
70,30
88,49
0,204
38,174
27,26
0,73
1,120
107,107
77,74
0,155
98,5
3,148
1,119
0,72
0,150
115,6
126,114
291,70
22,34
43,143
1,233
49,45
135,34
0,5
24,142
44,114
8,256
4,159
3,42
0,10
7,130
2,117
57,168
1,315
160,55
23,25
117,31
136,15
0,107
86,33
23,117
30,70
143,17
59,39
131,46
32,21
67,130
84,166
49,14
10,156
5,110
44,120
0,144
0,87
76,102
11,93
6,107
0,17
71,87
4,64
83,74
5,13
0,149
27,0
67,110
69,45
0,67
50,96
60,36
104,29
3,18
35,40
167,71
0,86
1,68
4,29
92,24
5,27
2,183
19,41
18,119
35,214
10,182
59,15
8,50
13,15
59,122
134,84
108,73
45,121
0,90
160,61
51,54
102,61
0,164
35,6
35,38
14,260
0,182
30,125
4,299
0,89
117,72
116,158
37,27
20,35
34,190
3,105
31,55
222,1
0,64
158,16
26,199
0,128
58,101
0,86
11,84
31,33
7,5
2,65
71,133
119,98
31,24
3,60
20,167
59,77
6,163
1,93
30,145
93,107
0,61
27,230
0,19
0,66
33,16
27,110
210,23
83,118
77,3
15,161
138,57
11,63
0,4
0,153
3,125
40,297
81,27
243,68
195,28
166,36
62,69
119,110
0,46
28,96
114,76
76,11
38,49
84,26
18,43
69,6
0,6
0,15
40,49
0,69
6,95
0,45
73,81
131,13
36,169
84,99
133,28
80,26
160,19
0,14
39,86
40,26
74,6
15,49
0,92
95,21
77,29
24,93
60,76
6,145
6,183
34,30
55,158
85,77
16,126
187,98
64,75
179,39
4,64
80,183
6,42
44,23
134,28
164,67
0,90
82,150
163,79
0,197
94,45
0,16
273,88
44,184
14,78
0,210
45,193
0,211
206,78
21,14
7,110
1,163
50,26
32,11
70,105
5,113
6,155
12,57
85,73
24,203
158,9
0,83
14,98
67,53
0,149
30,197
163,11
61,123
1,40
93,108
36,66
51,124
5,37
30,234
35,154
0,19
10,58
53,103
38,59
76,9
167,41
5,133
20,87
8,56
32,124
8,242
1,46
118,85
30,73
103,145
10,157
99,17
141,55
7,10
1,70
24,60
17,143
89,101
52,88
19,128
23,131
0,206
34,130
1,101
20,277
0,170
47,119
1,92
0,110
0,101
48,27
62,102
104,113
147,9
48,47
183,9
5,125
15,9
42,268
20,14
2,148
52,77
120,110
0,120
121,93
114,83
20,13
8,71
8,135
2,226
0,139
139,11
18,166
9,12
0,169
71,25
0,26
0,3
11,65
109,134
19,170
69,40
15,81
222,2
5,5
36,150
232,2
0,208
0,36
150,32
152,162
137,48
50,78
108,75
111,144
58,73
136,199
2,139
40,34
48,9
0,127
35,37
103,91
81,95
19,39
0,99
4,213
0,111
65,106
32,74
166,54
70,7
30,48
101,134
0,99
22,203
76,37
2,35
0,33
4,11
68,2
0,104
23,87
108,37
1,50
1,159
4,220
220,45
83,75
5,240
109,158
157,74
102,12
73,52
0,8
169,77
8,151
364,3
89,130
11,229
15,73
127,36
58,42
160,80
5,52
114,83
3,119
0,100
52,13
61,42
57,46
31,110
103,203
252,73
20,192
4,162
33,237
57,65
0,98
57,11
34,115
221,27
32,46
16,11
0,53
1,49
12,122
79,16
0,73
85,125
88,182
70,191
0,82
71,89
2,40
71,52
1,28
60,90
81,251
34,162
55,41
50,262
62,43
80,148
5,12
84,92
221,59
14,62
105,35
70,171
2,171
65,52
0,23
72,34
6,78
0,7
19,151
15,255
10,160
83,137
3,140
156,73
193,27
113,98
37,47
83,128
163,3
77,112
59,19
6,103
61,128
0,63
55,90
14,228
12,178
106,81
23,16
95,64
16,58
20,30
90,61
89,239
18,92
27,63
99,80
9,112
34,61
15,45
0,85
13,92
105,27
0,4
3,235
1,2
10,54
167,74
166,10
21,50
141,136
86,25
181,110
48,145
15,112
120,47
137,54
14,113
104,79
2,159
2,151
81,29
101,45
84,54
132,124
2,13
134,58
167,57
29,4
201,85
67,51
107,80
44,60
24,17
113,108
0,101
72,160
31,235
75,76
164,20
3,4
15,97
114,13
41,129
12,11
264,13
8,130
1,3
151,97
110,3
2,4
265,59
157,37
2,121
11,91
4,128
24,82
31,40
47,192
4,155
61,33
20,22
0,53
75,16
45,145
3,104
132,124
97,2
56,95
139,17
32,71
48,181
0,55
43,270
0,4
9,78
1,67
55,52
56,20
192,7
0,6
133,44
8,94
0,192
57,179
21,50
0,25
29,124
0,9
1,5
0,160
79,120
1,106
64,119
25,21
48,58
1,159
15,103
56,156
72,5
33,76
49,59
52,170
23,123
5,131
0,99
85,155
73,14
73,22
0,10
46,26
68,79
3,69
128,92
32,30
54,11
92,152
0,34
74,99
3,263
1,223
47,241
175,69
7,61
6,4
7,20
19,151
154,36
77,34
16,96
44,11
0,138
0,55
94,48
21,72
206,11
29,214
17,60
163,68
9,2
23,90
27,269
43,79
67,226
70,38
124,43
0,343
55,147
167,77
0,44
106,138
176,32
7,80
12,133
175,89
19,106
19,243
92,17
98,28
7,82
66,145
1,47
103,77
0,126
52,5
92,179
0,297
0,32
153,106
64,33
91,95
0,93
88,156
10,5
126,54
86,43
56,96
80,18
27,171
4,1
13,78
42,163
61,4
1,3
71,69
9,277
2,36
90,95
4,119
65,14
8,81
0,67
119,132
28,60
32,71
11,105
24,47
0,83
0,74
98,92
148,121
31,131
110,75
81,166
183,112
207,26
68,80
8,8
1,210
56,41
0,85
32,115
51,169
34,4
1,40
0,119
149,86
175,98
53,151
29,102
98,98
11,185
207,33
77,20
77,112
25,87
0,51
6,58
122,44
41,16
8,26
1,110
75,35
129,108
174,14
94,125
148,22
16,15
95,44
67,244
22,69
0,5
33,151
0,162
0,26
150,97
34,53
78,127
1,95
0,207
103,88
2,21
1,35
358,1
93,80
57,0
123,144
162,41
10,65
26,49
64,34
0,104
107,19
13,81
8,40
88,137
59,100
22,24
2,294
139,67
0,20
14,82
1,87
188,56
16,79
35,3
0,95
72,91
51,166
74,80
4,125
191,9
12,194
5,116
134,21
19,94
90,126
36,29
61,13
39,159
110,4
53,56
127,10
102,103
0,23
145,70
99,89
151,68
49,92
181,90
173,19
39,69
8,265
1,146
1,37
47,107
41,107
13,54
85,94
36,105
5,8
115,21
1,112
0,70
18,48
0,118
3,234
7,186
9,13
9,91
60,4
55,102
133,101
135,70
3,121
11,28
0,103
85,94
68,94
100,63
81,116
14,183
76,107
139,44
0,121
248,41
133,11
9,194
2,65
0,11
41,77
0,183
0,55
34,150
55,133
139,16
0,58
78,22
68,99
0,72
184,29
16,188
130,87
7,42
10,96
46,180
73,144
36,168
59,68
4,77
106,42
128,75
221,226
90,149
82,61
170,19
55,106
50,61
42,129
38,35
52,21
17,44
21,164
93,15
0,200
139,149
39,35
25,39
9,48
163,15
30,52
23,123
38,215
62,17
65,31
85,168
142,125
23,107
1,25
149,27
9,15
18,78
14,142
24,28
0,173
0,111
25,98
167,22
1,55
0,55
22,170
49,95
182,120
48,8
9,68
5,134
8,50
68,175
0,9
3,126
128,66
0,202
4,151
14,135
69,100
13,15
308,54
95,110
54,88
15,209
46,30
14,46
193,92
15,70
53,82
43,100
0,67
83,19
111,84
31,85
137,14
33,156
0,16
97,71
181,13
106,170
150,106
105,123
22,254
7,98
0,97
0,86
0,92
109,145
16,231
98,92
85,83
79,84
1,10
109,53
67,78
18,99
71,24
1,44
93,25
6,72
0,19
0,150
7,51
5,19
53,132
1,173
117,38
4,254
198,32
2,87
85,56
6,27
22,155
18,221
37,39
2,96
54,137
9,89
18,113
15,218
0,147
2,144
50,90
34,128
2,265
107,38
33,104
12,87
6,153
0,10
55,155
50,21
65,86
75,120
83,207
13,10
5,117
103,60
88,46
7,80
0,79
1,5
102,46
42,35
17,7
50,3
14,72
2,139
46,133
0,59
107,52
166,34
52,137
0,123
0,201
1,43
31,22
154,34
155,9
37,123
35,49
77,164
48,197
185,121
107,43
99,166
38,22
0,34
38,189
5,125
4,2
78,232
40,98
0,9
17,98
1,5
6,193
0,81
46,57
12,14
3,53
0,56
134,69
2,72
154,101
127,16
0,153
111,105
0,88
33,27
118,38
1,148
31,121
1,199
1,84
189,9
9,92
7,208
0,103
21,4
0,128
4,10
147,145
8,73
30,125
86,68
112,51
1,4
18,26
9,114
0,31
116,63
96,68
9,84
5,165
164,57
134,13
2,141
4,85
62,163
11,103
61,99
92,136
39,136
0,79
149,178
151,41
19,54
23,34
37,74
0,147
109,28
244,27
60,6
58,151
104,36
14,168
136,124
66,62
152,103
3,55
2,160
42,89
4,12
148,28
11,36
124,10
40,56
100,99
15,201
99,150
132,40
20,89
39,21
32,44
15,74
158,53
14,87
202,40
17,5
5,37
52,168
7,114
211,38
128,191
4,109
83,114
159,84
2,11
77,65
118,20
99,19
131,45
211,38
0,31
0,88
72,16
2,66
50,124
7,141
67,148
46,134
1,43
229,29
166,53
89,69
1,135
248,45
0,134
7,143
35,178
60,79
1,3
56,91
42,184
24,235
114,75
7,9
1,212
31,88
110,44
116,57
32,162
62,37
4,21
44,77
14,84
27,214
160,105
152,0
73,91
0,98
54,155
3,24
8,15
5,148
0,195
10,200
80,56
231,25
4,44
2,162
44,5
1,72
10,88
6,76
102,122
0,116
0,216
0,240
0,99
0,134
180,11
32,69
0,6
111,25
131,94
33,177
47,28
0,94
0,6
18,51
7,84
0,64
29,73
0,56
112,29
31,64
36,27
54,50
14,154
12,20
13,130
9,27
23,143
103,26
68,62
11,41
61,117
9,159
137,34
60,101
4,54
187,58
145,50
15,55
169,31
61,89
0,175
6,169
137,153
65,59
11,87
0,5
0,110
25,172
60,113
1,200
6,4
30,83
35,83
149,106
29,70
0,103
10,23
161,4
0,23
40,128
13,17
2,188
0,51
16,217
51,34
3,64
29,125
0,120
49,21
194,9
0,97
0,5
47,159
13,54
94,297
6,131
2,51
44,81
178,17
40,165
18,92
0,9
0,248
3,343
0,83
0,99
138,27
35,106
1,5
5,250
19,23
9,118
50,259
32,126
234,161
58,8
214,78
130,51
4,11
71,35
101,107
57,24
0,29
1,82
54,256
26,71
10,17
7,145
76,49
89,113
61,134
38,101
53,193
126,118
129,92
11,104
93,188
30,117
23,43
62,105
52,146
16,144
33,109
132,6
17,106
71,214
36,14
174,41
120,119
134,30
9,21
281,56
62,123
286,40
60,130
48,82
123,61
5,67
51,95
147,89
4,192
78,22
46,55
48,183
0,270
43,90
135,40
27,6
65,46
65,23
0,116
9,98
22,118
10,57
7,64
0,60
57,35
144,5
0,21
5,30
104,6
2,5
61,161
179,57
1,18
2,202
24,101
166,9
8,149
106,97
128,35
71,50
2,139
34,98
7,34
67,52
0,8
67,94
0,32
17,10
3,103
255,6
0,303
38,177
13,208
1,5
19,148
3,46
0,339
9,14
116,8
8,117
0,91
31,171
1,48
41,158
2,107
135,32
3,88
47,38
3,16
138,59
0,21
55,226
17,23
48,129
9,10
77,134
1,86
14,229
0,9
2,153
84,8
0,4
73,33
5,46
6,244
0,18
178,43
153,18
81,37
5,129
88,141
1,192
36,34
158,73
98,55
0,9
521,9
139,118
94,78
36,199
12,227
6,52
14,278
87,10
0,172
2,242
5,287
37,276
164,47
0,40
125,16
0,139
56,76
37,3
11,29
131,85
0,102
143,49
29,138
230,34
20,71
132,62
96,85
93,136
28,53
2,16
0,85
47,166
4,34
10,25
146,19
43,122
3,198
286,33
115,9
6,42
157,30
1,155
5,11
56,18
51,74
163,49
20,19
110,139
0,197
0,52
137,91
46,150
44,86
104,87
0,7
29,99
102,38
27,94
0,29
7,223
81,76
73,104
31,88
4,135
6,15
149,66
52,34
0,77
114,116
59,72
3,5
21,208
24,14
0,142
0,68
1,146
55,94
2,125
2,196
6,100
0,69
2,127
0,209
35,23
14,193
58,145
55,109
26,102
3,104
39,90
91,92
47,10
6,18
28,55
0,32
16,138
218,67
167,27
84,29
76,108
73,51
0,298
48,159
11,104
22,80
2,60
0,127
7,72
0,60
19,91
197,24
18,132
9,220
0,4
1,9
6,3
104,31
13,16
7,18
13,48
145,28
137,94
126,67
130,89
69,12
0,57
1,31
81,18
158,129
155,137
43,43
19,165
59,29
1,168
94,64
173,138
1,17
57,18
25,11
82,176
51,258
51,60
104,55
168,0
150,60
5,9
32,90
0,118
9,202
41,145
192,114
67,20
0,118
129,56
243,58
95,134
3,9
4,11
119,19
11,99
134,104
9,24
33,49
150,23
6,11
3,26
76,285
184,135
6,170
0,54
29,30
11,20
73,51
0,39
41,106
7,120
1,156
15,295
39,37
3,51
3,240
152,39
51,248
34,263
152,49
0,70
69,227
0,66
15,228
0,32
48,27
149,85
19,134
6,3
165,85
1,178
1,4
53,43
15,70
1,7
16,75
21,108
39,140
1,160
89,56
0,100
0,156
9,118
64,89
33,89
28,74
57,28
2,187
0,24
2,68
0,45
0,27
1,113
51,9
0,24
35,76
9,5
0,64
18,9
33,109
114,38
137,61
44,18
69,80
52,21
41,196
8,62
0,138
46,11
66,140
194,30
110,27
45,153
4,88
58,77
27,65
90,83
7,55
20,56
55,68
16,92
55,135
0,21
154,108
25,136
232,57
0,28
22,226
21,95
93,19
2,40
47,28
178,53
91,131
90,103
152,90
9,7
86,125
180,55
1,130
123,7
9,195
34,67
28,1
147,101
19,64
96,72
0,34
42,114
1,180
4,10
163,50
67,54
16,86
0,371
1,116
143,19
177,65
100,83
60,125
54,141
233,71
134,129
114,74
233,47
6,80
171,62
181,16
225,28
149,17
21,165
45,73
182,21
83,96
30,72
128,49
65,39
53,167
1,114
11,35
8,291
9,49
0,105
62,52
0,67
33,45
5,3
0,88
42,62
2,129
135,49
155,28
8,151
15,54
56,20
0,139
0,45
86,233
21,111
23,22
0,86
21,78
0,29
17,33
30,110
5,86
0,228
139,32
1,113
20,174
104,31
21,161
69,171
139,31
224,20
13,105
27,153
5,69
273,16
8,90
157,40
253,181
81,5
56,91
36,3
14,9
63,35
2,93
34,80
40,82
75,165
0,64
129,124
28,109
24,119
112,66
278,19
0,98
0,3
131,68
107,52
19,240
64,43
0,12
147,74
100,107
137,3
0,40
61,143
55,3
17,2
168,48
140,117
22,222
11,82
54,159
36,61
6,108
121,81
179,63
0,70
119,132
72,20
197,18
27,12
0,17
119,19
5,116
50,70
91,64
81,28
2,8
0,143
108,44
44,162
45,66
53,219
1,16
122,95
21,55
89,12
16,34
18,69
91,48
3,8
44,114
110,45
2,87
14,96
43,110
43,74
10,217
62,49
1,64
85,61
2,58
141,82
40,281
40,55
66,80
8,45
36,67
1,9
17,107
0,10
0,102
135,101
43,246
15,3
92,43
114,72
0,42
2,10
159,54
21,32
154,32
62,92
12,54
56,200
131,13
169,70
4,182
72,36
1,21
162,3
67,82
22,43
61,212
147,12
47,65
0,69
113,188
40,8
146,13
170,100
162,49
89,44
183,3
21,314
253,42
2,5
21,339
30,51
0,107
54,138
226,65
0,63
30,13
1,104
6,50
138,81
227,46
179,60
95,78
132,66
0,62
51,46
12,7
26,175
175,5
64,79
78,10
1,74
120,65
2,48
76,182
123,35
112,17
28,73
12,69
113,34
105,8
0,191
0,87
0,112
30,26
125,71
30,59
45,173
217,52
1,110
58,111
0,6
167,27
85,68
111,98
0,184
51,53
34,47
107,60
4,3
14,108
113,50
5,42
43,31
1,141
0,168
103,200
145,77
81,97
1,315
8,122
21,21
21,116
41,54
48,210
13,61
127,219
0,89
4,127
121,127
154,34
24,114
0,84
32,281
92,76
1,114
7,6
0,3
15,60
286,10
0,9
1,107
33,8
14,280
6,26
10,75
12,169
226,65
1,177
30,32
8,70
73,94
6,61
21,160
1,167
0,21
0,100
15,66
0,90
9,13
85,14
12,62
20,5
0,195
31,100
39,54
12,177
37,25
0,22
0,104
53,134
38,7
0,105
187,21
0,103
0,72
1,55
48,40
13,71
52,68
426,27
32,79
139,12
17,131
0,47
87,86
0,65
23,18
3,202
89,79
0,248
1,117
34,100
19,146
0,88
50,47
39,94
49,145
67,79
0,66
27,13
160,64
28,1
4,25
0,48
5,257
103,126
101,61
176,16
0,62
13,84
2,81
8,1
65,190
30,129
18,161
30,22
28,18
3,124
62,131
38,113
6,8
7,87
79,24
11,45
0,162
168,87
96,45
53,12
144,52
90,36
30,83
90,46
0,81
2,152
1,192
0,97
5,75
5,131
37,96
130,16
10,126
40,10
80,49
35,127
58,83
17,60
116,30
1,220
133,11
0,31
6,93
93,21
263,7
3,104
119,88
1,13
0,3
15,3
86,37
74,147
17,152
41,19
7,12
67,204
60,76
19,135
39,185
0,5
19,144
161,13
207,35
42,82
247,163
95,192
0,25
104,3
34,94
127,40
216,17
0,36
11,55
32,253
1,127
18,144
53,132
40,68
0,157
71,78
147,27
60,43
3,110
0,105
0,95
147,58
21,146
61,122
53,95
117,14
83,98
45,45
9,11
276,14
1,85
0,211
14,56
3,136
0,97
5,13
41,258
85,90
88,125
0,124
47,209
154,67
143,96
214,15
76,150
104,93
60,62
162,23
27,55
55,160
4,15
38,47
43,23
2,71
65,133
30,37
118,102
35,180
112,139
9,101
140,73
14,122
99,23
15,8
6,33
31,5
119,83
16,41
19,1
151,68
16,33
80,93
72,103
107,60
9,7
11,161
44,197
149,56
14,294
1,37
0,191
163,48
198,79
51,120
68,77
105,57
157,35
78,97
48,195
48,4
182,111
0,56
76,100
79,18
4,120
3,160
28,13
0,19
31,16
12,21
216,58
163,121
88,117
11,129
79,72
31,114
161,76
25,56
0,167
210,23
9,19
157,23
8,213
14,95
3,127
9,90
129,6
177,15
35,26
31,22
62,117
10,13
62,187
0,224
15,203
6,180
0,103
130,136
50,27
200,46
35,43
31,93
9,31
0,8
20,5
44,53
41,103
63,10
14,80
224,8
0,84
217,11
15,101
18,113
142,8
81,58
154,50
139,30
87,31
20,162
35,166
159,42
1,110
255,57
56,206
8,123
3,193
25,17
0,58
96,132
12,152
195,123
0,132
180,49
1,143
6,166
135,9
164,171
31,75
1,154
71,143
28,3
18,48
0,18
21,117
0,51
199,13
19,121
115,51
135,32
0,32
0,28
0,3
137,12
206,73
4,177
60,130
0,94
24,242
1,121
12,93
0,7
34,33
6,111
44,156
16,82
15,155
50,70
0,87
9,72
156,23
120,28
89,145
122,8
19,246
0,221
110,42
41,13
0,84
5,29
22,223
361,9
153,31
17,269
2,44
54,158
27,11
173,57
17,149
54,21
58,54
31,126
160,50
2,58
158,103
0,85
144,69
8,25
12,118
17,50
5,166
56,140
12,184
0,122
89,133
67,42
49,169
138,30
2,11
146,23
4,145
0,49
0,125
145,71
5,18
11,137
0,46
79,119
0,131
45,170
26,66
75,106
69,218
10,78
0,110
9,27
45,28
9,11
90,152
37,116
71,38
146,86
0,110
82,65
81,27
59,138
134,29
79,100
0,7
116,146
3,1
49,36
60,115
0,61
78,46
102,75
81,32
27,42
0,34
0,5
146,25
126,50
126,46
23,126
1,87
0,5
43,7
140,148
125,84
118,179
50,248
26,105
16,144
196,21
19,211
62,42
1,228
0,15
4,126
75,90
0,97
209,5
9,139
135,32
1,131
0,97
96,29
82,148
56,13
9,15
28,74
109,49
8,212
0,109
0,27
0,64
227,11
76,201
1,188
24,32
127,13
66,48
0,207
32,85
13,122
9,34
19,263
2,125
78,74
166,89
2,130
46,76
9,51
155,10
72,52
130,61
110,67
0,129
52,91
32,83
103,81
0,58
3,98
61,26
11,137
91,92
109,15
80,97
53,38
204,33
171,9
48,50
1,36
74,103
23,96
148,111
113,40
339,66
185,17
0,15
125,37
3,33
6,18
0,51
114,128
125,55
1,142
98,97
52,71
0,142
46,21
114,4
0,231
42,97
1,141
205,37
0,93
10,285
0,90
17,109
0,79
49,86
15,99
1,4
2,15
12,41
76,21
114,196
0,160
119,10
36,78
74,38
52,46
111,10
5,86
1,136
69,175
75,5
100,40
19,146
11,183
27,121
0,137
1,64
131,48
7,21
118,16
10,26
253,10
0,75
94,28
21,214
94,73
116,73
7,57
0,69
122,30
134,23
0,3
10,12
36,47
2,2
65,106
0,107
108,44
0,5
3,64
190,87
273,29
82,6
92,6
20,161
22,5
165,89
33,156
9,123
91,22
9,124
47,221
100,78
39,186
14,105
131,62
7,18
1,192
39,144
12,37
99,40
192,20
0,139
0,415
1,5
148,8
15,246
61,86
79,92
41,119
0,85
82,173
39,12
1,47
0,137
0,32
5,82
399,21
0,296
110,123
66,33
61,32
1,98
50,24
8,12
0,116
0,122
1,12
7,207
31,52
0,128
10,304
24,148
177,58
4,106
29,65
126,32
94,68
6,155
0,174
5,70
18,232
57,140
8,12
94,179
0,232
1,148
0,5
8,2
8,39
39,151
35,45
7,32
0,34
45,201
49,92
35,105
177,6
23,85
9,217
0,69
3,21
78,60
3,210
65,25
2,199
28,46
70,60
106,45
83,39
4,92
2,54
16,7
71,25
0,58
226,12
37,50
143,28
88,94
190,22
0,21
80,15
0,134
14,262
91,96
112,10
99,153
8,0
3,1
128,98
16,61
16,37
56,150
174,25
43,69
61,118
172,51
15,194
83,128
97,89
165,85
164,15
0,106
0,248
90,33
231,12
15,83
0,135
13,15
144,22
89,8
24,194
23,265
33,79
136,162
78,84
1,87
59,79
117,144
33,75
125,23
87,170
131,67
3,145
41,109
0,46
0,121
0,28
1,90
30,185
37,66
49,65
2,44
42,10
89,99
93,79
17,201
0,64
18,12
18,1
0,136
0,97
140,77
117,68
39,302
5,2
171,16
5,176
46,120
40,143
127,82
2,96
0,18
110,104
26,233
193,92
63,41
0,131
0,89
8,90
21,139
1,42
48,171
222,24
160,86
17,3
30,25
7,248
6,90
65,95
8,215
3,20
133,37
1,104
92,94
29,111
91,65
30,66
97,84
0,49
21,21
0,10
164,13
34,58
10,136
15,126
77,24
28,19
3,259
188,3
10,6
0,143
122,74
123,17
3,115
74,62
5,0
125,16
48,134
3,6
143,103
78,46
71,93
5,243
109,65
14,90
19,13
11,189
92,20
88,30
0,201
0,53
8,166
1,287
11,9
1,181
0,15
26,67
28,53
3,87
2,155
41,47
145,58
44,31
34,22
0,102
19,92
4,24
174,54
0,107
75,133
7,94
70,149
130,59
0,83
37,35
29,58
140,8
4,3
137,95
11,20
0,75
56,151
1,32
51,7
101,58
1,106
58,4
327,27
78,76
143,81
147,76
47,113
0,136
20,164
15,128
21,44
0,24
25,67
179,42
0,89
0,79
174,82
8,2
220,101
0,107
0,104
0,63
96,20
2,26
97,116
0,113
20,121
24,24
83,195
156,114
93,50
55,30
5,78
16,156
93,45
109,12
111,128
12,135
6,20
150,12
27,113
134,126
18,119
80,48
119,183
57,34
62,82
0,120
56,340
62,102
0,38
29,58
49,42
117,159
1,51
67,97
67,134
73,90
4,113
24,71
0,5
98,155
1,98
0,95
72,121
160,92
2,122
94,66
6,162
148,4
109,140
88,28
109,94
19,233
0,228
67,152
0,85
9,22
0,93
91,121
63,131
54,88
30,32
92,19
17,18
146,25
5,128
13,132
2,253
0,3
5,132
214,45
61,20
27,0
63,26
66,110
76,113
33,4
156,11
55,115
8,3
80,104
12,69
114,34
177,59
135,20
29,13
82,58
108,93
29,139
89,56
156,31
93,114
152,22
11,91
52,202
146,329
47,85
6,197
1,4
17,43
40,97
21,1
23,138
2,9
31,6
10,37
188,37
7,84
58,123
33,62
43,118
0,88
64,92
22,4
159,109
23,94
0,8
6,132
0,95
99,50
85,58
170,8
131,43
0,87
59,23
159,38
58,111
9,122
54,179
0,5
45,156
12,16
109,19
3,72
15,18
11,233
5,38
31,82
85,21
35,76
0,98
67,65
148,68
68,70
135,100
32,48
375,56
44,76
62,19
6,160
156,17
99,106
154,42
4,138
58,110
0,117
1,40
167,23
13,17
107,60
38,80
228,43
155,12
3,93
11,68
0,10
5,55
264,0
125,87
28,236
0,93
21,116
85,28
4,170
0,148
53,44
6,9
0,31
62,21
116,47
81,140
59,159
0,317
45,118
69,57
0,137
15,23
51,130
29,125
0,44
15,1
19,58
62,127
87,122
3,55
73,47
0,66
0,75
8,80
84,145
147,35
108,23
4,46
46,107
125,16
5,40
3,33
139,56
173,22
61,46
17,103
10,88
61,107
70,90
143,44
21,244
0,79
95,63
2,156
46,250
1,12
38,56
0,157
100,15
134,58
1,13
89,186
185,1
128,116
131,137
2,58
51,37
168,82
115,31
190,15
109,71
102,55
108,109
44,177
8,163
20,77
112,24
10,22
90,16
27,49
0,26
46,108
86,70
91,93
1,155
118,132
47,79
4,142
3,9
16,28
11,111
0,104
50,108
18,0
72,4
0,8
1,223
35,85
0,107
23,46
14,93
16,97
5,126
0,23
0,165
152,4
0,5
0,132
82,10
115,101
71,66
16,77
0,171
26,119
169,49
36,178
0,121
0,53
104,128
133,10
227,18
36,29
24,57
27,126
4,98
12,156
3,104
78,31
69,154
54,94
183,42
54,33
216,25
10,25
67,125
6,17
123,12
178,4
7,13
1,248
88,42
165,81
11,169
0,111
61,54
0,127
27,37
55,24
93,112
30,12
91,81
66,123
16,1
34,64
26,87
0,54
26,86
9,77
123,85
8,37
2,196
4,9
93,156
1,18
142,109
0,9
106,2
0,44
8,59
0,225
228,12
3,81
7,133
19,54
0,65
174,95
8,9
29,13
10,14
0,142
2,209
12,132
0,136
22,75
102,219
79,221
62,126
92,129
53,56
192,33
25,60
173,84
12,111
105,107
23,173
32,69
197,6
22,6
160,5
116,55
8,96
87,178
117,37
0,15
75,125
117,120
61,85
126,62
139,22
1,191
17,41
27,79
86,104
0,117
0,5
208,36
9,49
116,202
64,21
212,43
49,128
51,41
69,165
41,15
14,92
33,157
1,51
157,5
21,52
136,42
4,87
37,66
107,138
138,9
140,9
2,94
16,115
59,110
8,39
3,1
1,192
13,115
160,78
1,105
174,64
2,41
27,7
193,52
230,36
41,195
60,155
152,36
133,14
112,137
33,47
0,106
80,33
1,90
0,165
62,25
193,37
2,85
84,10
69,120
177,46
56,85
40,115
95,19
26,103
127,9
100,125
2,17
2,117
152,58
16,108
41,86
114,101
35,121
95,55
3,134
9,145
16,29
17,113
17,10
70,124
0,115
112,56
0,51
147,104
2,10
1,38
136,105
62,155
166,21
15,154
14,159
221,20
225,9
104,13
0,26
94,76
57,74
71,9
66,38
5,34
7,5
0,100
48,121
22,39
0,48
0,170
4,54
97,27
32,51
49,204
100,18
0,81
62,23
38,36
26,165
2,43
18,99
0,278
12,182
8,61
45,177
0,3
8,47
171,18
17,141
143,71
0,117
20,179
3,126
116,66
85,45
11,13
42,60
2,89
146,28
11,57
0,11
0,119
0,86
50,59
7,113
7,33
2,87
23,200
136,58
11,208
154,34
12,10
0,14
17,209
74,58
1,68
12,212
114,34
41,89
67,107
4,68
55,51
4,104
32,15
147,120
116,112
176,42
0,89
2,7
26,55
0,157
0,89
0,153
177,7
3,28
14,255
11,232
51,51
127,16
12,19
159,9
164,107
110,11
31,81
18,212
0,172
94,123
53,164
24,56
123,8
108,20
166,25
29,90
0,66
77,34
53,8
1,11
40,131
57,4
0,186
108,174
0,80
134,35
197,78
0,94
0,93
6,85
49,36
0,101
78,19
43,49
146,52
7,130
51,146
184,57
0,39
26,80
117,6
0,276
11,78
4,74
31,67
1,78
0,165
85,46
15,110
0,63
30,84
6,18
0,25
0,78
84,138
13,71
0,101
48,194
11,34
0,144
1,191
147,18
58,6
1,117
0,54
22,250
66,36
141,36
33,181
44,32
11,116
90,50
10,72
170,6
1,19
2,79
16,15
36,171
0,116
0,70
92,60
7,23
22,4
43,66
2,194
100,65
0,15
184,33
1,40
129,37
5,15
0,90
9,71
0,18
113,60
6,129
127,56
184,69
46,103
14,259
108,19
3,3
26,98
5,75
68,74
22,24
76,95
116,4
81,164
133,20
72,87
76,39
111,48
48,124
141,21
173,41
28,10
47,181
17,27
3,79
60,161
0,95
113,82
173,45
3,127
11,141
63,170
0,12
23,145
105,77
1,59
8,84
0,12
252,5
47,9
27,68
232,50
24,126
75,231
150,129
6,4
163,41
22,28
0,4
71,39
39,53
0,60
80,133
0,139
89,25
6,3
6,90
26,270
91,33
10,28
187,70
19,260
70,86
71,35
37,146
13,185
178,10
42,72
63,11
102,89
5,74
26,39
1,69
10,185
7,17
6,58
3,145
0,121
47,118
1,67
215,10
68,35
111,67
106,94
172,74
54,215
197,91
9,107
1,68
93,108
115,128
163,53
3,147
190,85
24,75
45,185
7,159
84,73
14,63
82,98
30,73
116,103
183,4
174,98
115,8
59,121
0,178
9,272
185,236
5,137
2,2
179,3
10,99
20,89
68,127
4,16
49,71
37,20
156,51
26,76
27,25
18,159
121,72
1,3
75,91
185,184
19,93
127,26
0,94
225,56
31,135
29,218
189,70
64,56
2,26
3,106
3,6
0,60
12,211
4,129
9,32
81,149
1,76
1,10
70,99
69,130
125,119
58,120
24,122
144,378
67,38
116,85
29,6
31,11
172,11
4,137
164,102
57,91
135,292
13,148
0,6
2,53
20,36
0,6
76,44
3,5
66,121
0,30
60,98
17,56
48,185
13,200
8,123
158,1
5,36
0,149
0,106
113,49
10,78
6,74
236,97
14,231
13,53
26,46
0,46
3,104
7,9
146,32
116,101
54,174
121,193
103,84
166,42
0,104
17,131
0,44
1,69
8,94
26,45
184,109
9,51
49,182
12,176
0,88
136,118
50,24
5,109
3,261
71,18
0,99
21,201
25,2
3,121
0,45
57,76
0,65
17,129
32,232
70,99
106,90
9,101
79,91
212,18
63,8
7,2
8,15
4,82
77,171
19,341
10,154
1,95
0,14
13,31
11,0
79,120
30,164
166,77
123,67
206,83
133,11
129,8
81,67
0,47
48,140
6,92
0,99
0,8
29,16
19,42
235,15
18,6
0,72
61,0
0,82
66,129
194,10
56,117
9,222
94,71
324,38
0,3
78,48
174,35
69,181
23,101
8,151
123,89
0,166
50,86
0,76
0,36
47,5
83,59
46,110
64,206
28,99
0,159
251,42
0,199
0,3
20,93
197,6
2,12
35,73
184,75
193,39
39,72
151,67
89,30
21,87
15,51
16,6
44,44
99,148
51,1
54,41
0,44
23,149
121,145
24,16
155,89
162,38
5,42
40,21
68,32
0,82
12,30
1,138
1,103
13,236
4,26
191,10
127,37
4,0
26,214
99,39
51,22
1,5
168,63
1,200
35,157
5,169
5,75
0,25
40,286
2,55
21,89
230,60
7,113
21,20
115,9
60,24
0,229
76,150
48,208
127,259
13,15
1,12
31,41
129,19
73,65
73,189
1,36
48,80
138,223
86,143
15,74
209,55
10,1
55,167
0,5
25,177
2,167
106,12
0,133
137,25
79,131
154,9
0,15
66,98
36,84
98,150
45,221
73,21
127,136
228,31
147,22
97,146
26,19
68,41
48,23
2,4
55,39
18,208
14,137
156,63
10,251
36,120
126,17
93,63
0,58
4,42
249,50
137,45
21,80
4,139
0,157
28,39
80,88
111,38
13,112
2,116
31,57
89,176
30,35
0,92
79,126
0,92
67,70
31,74
6,0
7,51
167,79
58,62
6,87
186,40
6,154
48,102
8,67
51,277
27,231
14,1
2,82
133,49
0,63
263,40
22,98
25,158
10,15
15,153
114,84
40,197
13,319
2,4
107,76
95,67
110,238
71,205
33,84
167,13
62,45
37,211
48,9
70,15
185,103
4,21
1,201
77,148
48,90
10,9
117,58
13,31
58,124
11,160
113,59
2,142
73,132
116,113
16,10
1,130
0,62
145,59
0,28
0,93
0,188
1,3
42,192
105,82
49,120
20,164
9,4
56,123
92,121
21,99
2,212
75,113
8,43
27,102
229,97
143,84
78,98
160,92
0,113
3,55
77,119
2,95
0,97
2,41
44,83
0,20
14,59
135,39
35,186
44,29
140,116
123,5
7,3
126,2
8,4
1,232
39,181
172,31
122,69
11,104
11,10
131,16
0,20
13,33
21,135
5,6
4,2
73,58
1,7
192,19
0,150
86,27
83,50
24,4
44,78
107,11
0,46
139,21
33,255
8,139
16,43
70,116
19,44
72,113
160,51
122,56
1,75
84,219
79,165
105,46
25,83
0,96
178,42
4,204
17,176
2,108
0,7
9,311
2,175
30,122
8,14
46,190
235,29
207,18
84,53
0,147
86,48
136,131
12,107
0,105
205,90
2,51
2,111
134,10
90,48
7,5
22,104
31,153
89,15
0,154
6,208
75,34
0,73
141,40
6,8
1,138
57,46
1,8
70,199
70,172
29,69
26,179
0,54
7,3
22,79
91,82
54,34
9,2
100,125
8,31
31,116
8,32
44,206
129,105
39,83
0,155
279,12
0,8
190,41
10,225
179,18
11,37
100,94
0,148
17,48
80,47
212,15
177,20
176,62
140,28
17,64
0,4
0,20
4,76
1,78
49,8
0,207
41,162
22,36
157,97
5,140
113,66
53,13
36,17
0,60
0,48
193,78
0,132
36,44
34,45
0,65
0,30
3,259
0,124
12,106
2,129
24,52
27,251
0,180
10,192
139,115
0,180
22,24
2,103
0,8
130,38
126,43
3,96
1,206
0,73
37,150
7,213
102,50
57,112
0,56
46,63
44,95
118,129
163,192
3,204
0,50
21,202
12,42
0,92
2,28
8,96
133,74
9,65
177,3
5,22
40,101
0,86
52,93
24,36
85,18
7,208
0,49
151,21
4,108
38,99
49,223
0,45
101,91
179,165
174,99
70,4
42,31
6,96
22,140
68,60
139,154
3,7
52,182
1,246
138,56
206,13
9,228
37,12
123,92
197,18
1,149
81,86
1,5
26,159
22,8
0,147
128,84
11,193
22,160
0,136
45,16
302,133
0,4
3,130
38,149
142,94
17,319
121,30
108,62
42,100
195,11
58,130
34,90
110,1
66,70
224,9
208,71
0,82
116,31
0,54
252,36
33,14
32,32
7,190
71,198
45,4
0,68
83,170
69,21
6,68
175,28
97,82
102,82
10,106
65,16
0,83
12,13
0,73
49,120
0,162
24,27
28,164
4,51
139,23
40,90
160,9
55,110
0,50
14,86
30,117
17,24
117,97
2,5
0,85
72,61
100,81
146,79
122,81
60,104
66,50
59,93
93,183
64,18
136,6
7,152
68,41
36,70
21,21
3,33
111,41
1,147
22,118
0,9
61,86
132,58
123,78
17,125
1,43
9,176
49,32
46,184
73,226
0,61
36,120
6,202
75,135
100,22
54,106
38,133
30,205
27,204
56,31
43,23
13,40
5,94
293,5
14,88
154,60
71,40
1,36
21,50
51,230
0,64
10,84
0,41
182,51
52,201
46,74
62,85
73,124
2,121
17,68
134,10
34,247
223,47
1,14
0,32
42,25
4,88
3,120
15,236
296,0
52,75
179,60
1,164
42,74
0,71
0,92
16,67
26,36
99,87
0,60
102,28
28,30
0,33
95,65
0,107
17,98
118,103
3,88
0,42
8,10
39,55
60,88
5,79
0,80
53,39
10,121
135,40
10,97
133,12
70,70
13,94
124,32
9,7
2,50
0,92
129,153
2,173
10,47
32,129
83,28
57,20
0,113
51,39
146,25
27,102
80,28
0,4
2,234
2,5
3,70
0,37
20,9
106,100
2,4
172,40
59,30
70,62
222,38
122,107
0,186
10,124
2,5
135,184
0,254
147,21
156,105
8,103
0,6
159,20
20,223
29,182
2,152
164,21
111,25
67,98
3,68
10,121
97,139
4,91
20,44
75,41
15,75
89,76
4,195
136,153
52,104
68,140
60,55
5,8
77,19
1,154
88,41
116,38
10,24
6,218
15,209
93,24
95,74
1,224
94,43
48,57
136,139
0,18
38,78
105,32
0,131
134,9
3,4
122,21
117,26
47,38
30,164
56,8
161,51
19,16
148,31
71,27
86,47
54,65
11,181
83,39
141,38
6,120
4,40
0,22
151,35
47,115
149,120
50,181
19,9
0,106
5,49
2,138
6,4
114,8
0,132
54,65
57,69
6,77
9,140
237,81
0,28
0,34
0,5
51,162
125,24
121,74
5,100
181,27
3,104
74,60
162,8
126,85
0,138
146,49
0,191
2,8
0,74
1,234
0,125
63,29
1,81
11,46
92,204
1,115
0,133
35,11
84,87
77,55
13,92
18,124
5,8
2,75
168,148
134,50
171,101
12,113
195,40
1,63
69,29
38,44
53,114
0,155
75,77
150,18
188,32
0,137
8,177
122,18
126,20
81,178
220,45
194,52
172,9
5,28
0,98
145,32
24,149
13,25
171,80
41,18
25,75
57,167
0,17
10,209
41,13
120,16
93,35
11,130
15,119
118,35
0,158
8,240
0,91
52,93
94,16
152,30
0,180
47,214
39,2
62,81
50,38
171,148
8,122
7,33
87,83
0,18
94,76
33,80
1,104
1,72
85,28
36,74
10,125
19,202
1,4
0,3
66,51
0,242
142,25
4,12
74,25
117,64
10,112
60,54
10,241
40,17
3,29
13,273
15,26
83,9
1,181
259,36
0,142
29,151
236,15
48,106
37,14
0,67
34,114
55,225
19,152
63,35
20,153
37,97
130,37
13,145
0,96
71,60
9,32
1,135
6,291
135,76
80,54
98,68
200,13
4,68
24,77
0,62
67,49
7,56
17,121
32,179
18,96
110,74
9,201
1,73
50,157
37,20
81,154
36,48
0,90
2,77
13,12
86,45
0,77
42,48
280,25
1,101
3,158
117,19
0,162
1,76
172,59
38,4
113,51
51,137
68,76
45,174
192,66
4,201
9,161
34,337
1,114
110,30
0,81
19,49
4,156
2,60
133,170
23,80
86,24
93,156
72,43
7,215
34,228
17,114
110,125
5,59
37,18
12,141
28,113
65,89
5,2
0,6
55,237
47,205
99,54
137,42
6,214
54,42
21,98
8,42
43,109
63,81
122,101
49,38
1,26
41,103
27,146
0,75
13,1
129,58
51,300
142,70
211,11
5,16
5,22
65,54
202,36
96,52
2,21
103,11
0,93
40,24
10,84
124,18
81,64
0,93
73,2
3,315
149,7
7,36
8,39
68,253
12,11
0,73
30,66
1,154
0,188
23,98
0,20
242,20
64,182
0,35
58,11
200,32
138,115
103,45
94,198
88,136
96,14
74,141
97,13
21,165
0,102
4,3
29,4
226,29
46,1
31,117
46,3
149,77
12,27
55,48
0,67
144,8
0,120
62,171
73,110
47,116
12,143
145,4
147,75
185,80
6,305
90,79
77,59
14,6
3,91
19,163
108,209
6,267
117,101
88,75
43,191
19,111
178,17
2,148
2,25
3,78
157,27
105,41
0,87
41,200
182,27
2,11
14,51
17,150
93,61
1,81
11,2
0,212
46,26
100,43
141,25
5,20
56,100
39,109
49,19
22,73
2,20
7,130
239,11
144,72
15,206
0,127
5,105
31,45
38,55
10,3
0,88
0,222
1,179
154,91
2,271
0,3
0,15
1,31
231,14
33,115
124,78
4,201
111,138
0,3
0,55
211,11
30,26
142,20
0,4
129,14
3,7
100,82
165,8
21,332
41,44
117,45
21,128
148,94
9,82
12,2
78,155
106,186
156,24
97,72
21,27
106,30
0,15
171,88
41,209
1,183
79,82
143,50
1,23
12,129
11,5
0,246
177,24
8,113
10,48
43,63
0,16
1,20
35,43
0,105
26,28
2,45
14,195
75,103
8,27
120,207
14,33
9,166
6,198
36,123
20,75
0,78
12,83
2,78
11,254
2,114
105,57
94,30
44,78
102,69
14,126
43,10
23,8
0,4
17,80
51,24
75,44
182,21
0,48
67,79
207,3
1,14
0,74
0,142
0,116
195,14
23,30
4,126
120,8
67,2
82,15
12,178
0,235
5,131
133,39
97,61
16,40
30,139
2,48
195,15
6,58
0,354
161,86
0,215
12,268
32,17
4,15
139,105
1,116
86,118
60,56
14,38
18,291
11,100
107,156
0,26
163,158
6,27
10,71
4,5
53,124
143,4
125,47
2,125
78,65
0,73
119,3
115,136
0,8
55,30
6,81
80,80
62,171
159,6
149,54
12,126
5,88
173,46
20,161
81,109
101,25
50,37
1,26
172,78
0,31
0,17
180,46
4,2
118,13
104,122
7,67
97,64
0,88
129,183
44,16
151,97
4,96
12,19
162,0
83,76
88,54
0,34
151,18
96,135
1,58
18,58
0,138
0,84
54,69
252,7
5,163
16,38
22,19
108,29
1,135
25,233
0,143
113,9
16,122
98,52
3,175
31,54
7,4
17,188
86,11
123,24
9,69
74,30
12,32
233,29
69,115
13,90
114,1
220,178
8,11
0,69
8,16
0,121
37,12
95,78
0,4
0,152
69,19
58,77
0,57
6,87
138,15
44,186
45,36
23,41
3,27
49,52
5,37
284,17
0,320
164,58
7,103
6,91
12,220
115,153
137,19
35,19
51,93
60,25
3,98
0,4
58,99
25,160
1,127
92,38
1,227
0,67
3,58
77,42
117,88
18,93
66,127
67,24
17,164
142,43
139,76
49,121
95,10
2,54
52,7
4,49
63,38
112,64
99,73
46,55
87,115
40,158
2,86
25,43
4,151
43,134
24,63
1,160
1,159
13,103
63,29
5,32
42,27
154,33
76,98
0,5
2,3
4,183
0,79
66,185
81,81
214,29
155,153
2,116
83,57
70,38
15,197
9,13
272,16
45,106
53,111
32,26
52,53
4,151
2,149
0,35
0,5
2,94
89,133
119,17
194,19
274,43
198,36
18,80
99,135
1,6
148,73
6,195
0,124
0,159
32,126
31,142
47,14
10,87
39,3
0,27
12,26
71,124
0,241
13,169
88,56
94,118
0,69
52,179
19,108
68,21
6,3
0,94
10,105
0,256
1,24
2,190
236,25
78,170
69,17
153,44
40,162
44,69
182,25
15,208
0,16
162,55
20,226
0,89
32,200
35,173
145,55
0,65
117,53
5,8
2,121
180,60
0,195
0,53
19,37
171,122
0,28
80,56
0,53
89,46
146,21
19,44
26,103
20,95
98,87
160,6
215,8
11,159
0,39
151,108
28,43
126,61
152,24
122,63
0,53
64,162
51,78
1,86
45,40
24,39
7,104
68,137
1,100
11,201
86,113
90,131
82,9
6,109
44,28
3,108
117,76
5,36
42,154
19,20
72,92
65,58
78,108
208,193
31,83
0,60
0,141
0,105
112,96
109,67
11,12
134,13
8,63
172,4
8,5
1,128
9,104
28,11
11,202
0,25
96,105
99,43
21,80
93,35
0,8
10,5
85,116
40,151
89,146
34,92
1,305
14,104
142,82
202,60
43,32
22,165
32,103
38,92
2,23
162,23
26,329
43,179
21,32
106,9
84,53
38,12
0,4
76,26
91,18
33,53
7,61
0,158
111,91
104,140
13,49
2,37
92,89
109,24
130,134
95,160
3,104
109,39
118,39
159,30
1,70
0,176
48,159
99,60
2,60
87,35
51,53
1,187
345,24
12,258
128,105
75,103
1,170
4,13
0,275
114,89
156,40
0,167
23,41
48,37
42,187
6,98
26,301
21,74
153,48
13,4
0,5
3,93
108,123
0,30
7,31
160,55
48,104
357,15
127,17
187,38
8,160
8,100
138,18
72,26
2,49
187,20
16,52
8,74
20,176
84,103
0,92
141,60
6,84
1,145
4,7
282,84
18,166
0,102
41,132
0,256
101,94
115,22
1,50
15,139
71,6
15,178
6,68
89,85
56,279
29,156
44,225
4,13
154,30
125,28
18,20
38,89
23,121
8,183
7,89
0,149
142,59
0,25
101,20
169,26
126,51
81,231
106,31
5,29
41,194
0,4
51,54
210,32
3,163
21,165
1,62
18,226
123,16
0,258
27,188
22,158
128,8
17,63
0,104
4,18
184,43
3,19
49,88
136,22
135,42
156,67
12,102
4,28
5,175
19,52
45,69
119,74
97,28
0,22
169,32
24,19
60,164
123,11
39,64
8,102
141,12
0,308
0,6
1,214
26,48
91,119
0,17
0,4
66,59
14,101
5,154
0,121
101,101
127,32
41,177
24,137
64,55
147,75
42,49
174,46
60,150
150,52
79,89
30,67
8,100
101,104
3,65
0,50
141,63
8,53
152,28
0,365
108,18
0,323
191,38
71,130
182,77
46,124
218,18
139,62
0,61
27,110
264,38
115,78
20,85
105,177
120,59
93,97
90,59
31,88
44,90
0,99
91,156
52,248
0,52
55,35
2,59
2,84
33,80
8,179
9,3
53,47
32,0
161,142
2,89
137,40
1,66
39,113
6,116
230,85
87,8
0,83
1,7
3,100
1,33
8,102
299,9
0,6
0,32
24,157
117,62
8,189
0,7
36,19
3,55
307,8
117,24
3,2
156,46
0,76
74,201
3,12
2,167
79,121
217,4
195,43
32,204
82,60
8,153
4,122
45,167
47,8
44,6
36,59
155,75
1,22
163,18
34,123
173,47
18,71
4,4
154,82
2,35
132,29
33,32
127,35
0,18
24,147
22,151
94,104
85,111
168,7
118,24
135,11
9,111
0,93
90,196
185,42
22,128
0,110
39,169
170,9
35,179
48,57
151,106
57,17
43,15
88,58
117,48
0,85
0,40
85,186
50,123
57,184
1,101
123,107
75,93
181,28
13,33
130,59
174,45
134,115
8,69
10,2
111,53
110,12
128,28
0,71
8,107
142,126
1,164
20,139
90,164
31,143
2,95
73,35
176,20
254,33
7,4
16,73
80,104
30,274
0,67
17,8
25,62
73,121
5,156
1,98
0,81
86,196
2,114
17,109
8,1
12,64
202,121
3,173
57,1
256,15
70,136
12,110
154,100
23,90
35,67
4,60
109,158
0,111
0,30
3,41
20,33
106,60
18,4
150,9
66,71
217,71
9,24
0,12
8,196
73,26
49,101
13,62
30,4
80,23
6,122
0,136
141,26
86,82
29,138
0,89
105,64
6,184
88,23
98,41
36,140
143,122
129,34
165,44
58,49
47,84
106,64
75,68
21,53
129,68
37,58
104,36
0,3
0,55
3,12
89,6
10,58
132,84
171,9
14,16
24,90
84,118
93,105
58,30
49,60
118,43
0,12
153,51
121,69
13,16
32,128
0,4
119,69
19,74
3,30
0,233
117,35
8,115
72,118
74,82
44,91
57,129
26,119
0,177
0,106
1,5
4,81
30,73
15,88
0,36
1,2
62,5
16,16
90,88
13,82
0,27
40,144
0,66
85,134
12,29
190,67
11,6
14,175
147,20
73,299
107,134
19,17
68,1
3,96
21,117
17,7
2,55
219,11
115,52
1,228
13,40
0,61
27,91
12,149
50,108
102,32
125,150
0,42
0,63
4,65
191,42
0,3
210,14
8,191
183,53
3,32
166,54
0,7
56,228
30,125
99,121
417,11
25,182
188,31
82,193
64,89
0,222
2,206
9,121
223,10
97,39
26,145
44,219
25,133
68,4
143,56
1,187
0,67
166,44
20,117
0,48
14,110
98,155
259,6
61,222
2,111
61,48
146,69
17,99
169,62
4,99
181,26
60,111
2,101
2,278
89,60
0,14
10,173
136,15
2,58
103,19
63,57
24,69
13,170
1,186
33,118
21,77
70,51
156,20
66,104
37,61
70,26
19,174
144,111
51,12
8,12
53,36
0,62
13,129
260,10
0,111
11,108
26,187
15,8
208,57
89,261
83,234
182,6
0,82
173,27
15,308
94,26
88,107
3,47
148,92
132,38
1,123
114,63
18,32
83,109
2,14
2,79
145,10
193,88
9,96
4,215
67,7
117,10
22,155
154,33
140,110
182,47
32,139
0,20
53,116
68,106
161,48
1,93
81,12
0,227
137,130
159,120
98,163
40,179
53,69
1,108
15,154
30,34
97,116
103,157
150,99
49,83
0,6
5,2
37,143
104,66
5,2
47,26
13,151
52,5
32,82
49,48
21,35
134,9
78,186
19,49
288,25
1,110
46,21
7,81
154,138
163,76
22,97
84,18
0,89
115,67
44,147
39,66
8,70
115,61
108,47
7,10
90,177
0,86
82,166
157,78
42,103
79,166
200,0
70,32
90,134
99,124
6,50
2,79
1,95
62,182
63,115
67,96
112,60
135,57
127,26
1,15
0,226
5,217
18,3
19,122
191,7
128,84
27,137
51,43
6,7
188,73
2,94
0,10
81,67
19,6
129,82
17,128
42,42
8,62
63,53
6,74
2,190
66,16
0,86
57,7
56,34
96,57
12,57
10,195
3,0
0,4
0,143
127,64
84,189
161,69
15,388
150,40
0,98
51,49
37,17
16,106
6,334
4,86
7,96
135,26
3,14
141,114
6,0
103,70
0,128
180,67
153,26
49,146
113,30
77,92
14,106
47,100
14,163
3,222
106,56
136,44
4,0
1,146
164,31
27,63
94,41
3,5
159,17
32,110
26,16
150,48
44,13
146,6
0,42
227,31
25,96
181,27
0,105
21,185
0,75
241,42
0,111
0,48
2,202
8,67
272,39
49,82
2,94
1,128
8,26
0,71
247,37
45,32
196,77
16,114
127,133
135,22
112,18
108,25
6,50
150,74
96,42
35,58
0,83
102,2
1,6
67,48
41,55
3,7
25,64
0,112
125,92
1,187
4,89
0,27
11,81
142,51
11,104
83,34
12,9
120,13
6,316
52,84
19,78
0,171
7,74
23,100
75,142
113,22
79,25
4,70
2,82
18,211
65,15
0,38
8,151
95,26
94,33
39,126
0,85
0,3
54,4
49,121
0,101
55,40
129,49
53,92
9,117
32,73
0,53
1,98
0,69
4,20
25,66
0,42
105,7
8,100
138,5
46,23
27,150
19,46
86,90
26,108
0,15
15,41
0,4
135,110
0,88
42,70
91,60
293,41
35,26
50,10
9,91
5,53
102,166
221,54
33,271
36,51
16,161
67,160
118,74
75,79
160,103
2,109
128,58
0,100
82,46
2,94
110,22
10,71
3,174
43,57
212,7
78,164
13,1
56,62
10,159
151,78
128,28
0,49
46,69
40,191
0,92
10,124
0,161
76,42
20,99
0,38
72,46
14,75
3,106
201,53
35,187
0,26
66,33
36,70
16,86
10,142
0,129
230,46
9,38
14,8
36,9
114,37
139,56
198,15
0,122
0,98
11,54
0,7
6,337
11,42
62,7
48,181
64,6
66,134
85,12
12,103
0,22
102,84
76,225
20,182
28,59
152,78
112,52
49,155
2,58
44,196
84,180
63,34
105,52
119,9
3,110
13,1
158,60
24,91
52,215
5,67
144,233
71,127
31,66
6,61
160,36
0,88
5,229
54,2
69,75
66,81
0,71
5,97
149,7
77,9
35,130
1,38
87,16
1,21
0,120
1,11
0,184
19,42
61,57
49,101
95,122
138,45
56,90
105,67
2,105
161,49
10,22
57,70
0,71
25,60
147,25
47,29
0,32
175,41
23,94
134,89
57,153
81,4
117,52
87,62
7,39
168,7
187,50
15,81
1,2
0,169
1,37
114,105
17,29
177,16
22,105
51,30
207,129
5,15
100,95
108,22
1,8
64,127
58,102
25,21
37,115
10,25
25,53
79,12
49,106
9,72
121,106
15,158
27,91
180,80
2,9
99,48
77,19
108,53
84,73
45,149
50,236
42,130
49,128
76,23
1,8
93,53
142,154
9,122
48,42
136,61
17,179
62,90
0,20
1,72
86,38
0,19
22,30
54,32
72,45
57,101
23,82
98,85
1,15
58,32
67,31
5,176
3,0
52,24
0,150
115,71
12,8
77,117
16,123
0,29
101,16
77,139
47,187
37,64
200,46
24,120
43,95
4,178
7,12
246,80
0,13
96,81
0,129
2,87
12,116
77,146
73,18
2,87
213,29
84,205
145,72
10,38
24,6
40,167
48,164
1,112
0,78
73,38
89,67
1,252
56,58
3,71
1,103
10,204
109,8
12,13
202,46
1,121
134,7
84,29
5,85
165,14
68,15
28,19
67,83
152,78
0,199
125,20
104,118
5,209
65,144
59,20
176,95
1,63
0,99
127,41
29,117
67,40
3,24
9,94
169,67
12,60
19,42
243,58
5,182
96,227
164,8
89,32
121,15
67,74
210,93
83,74
139,147
5,203
7,53
16,20
24,184
24,115
4,7
64,114
6,1
26,8
0,204
133,43
139,117
0,51
85,51
0,130
0,110
1,126
235,21
0,41
14,15
4,128
31,9
86,75
0,108
38,81
0,58
42,52
2,153
0,184
113,203
73,32
2,53
0,50
0,8
43,63
34,28
62,107
98,82
53,140
0,115
15,116
61,55
36,9
43,172
0,4
2,135
0,87
270,10
3,114
35,106
3,12
41,134
169,26
13,155
12,108
41,58
385,24
17,52
206,12
10,29
13,56
16,85
9,210
60,35
11,96
25,112
134,59
180,5
9,75
115,163
30,49
35,188
2,120
28,12
40,109
0,45
131,67
99,8
9,28
0,7
55,149
29,91
0,173
0,105
4,191
151,201
51,154
1,190
4,255
3,85
189,39
8,78
11,48
88,91
35,17
42,213
0,50
8,59
44,19
2,86
76,53
0,99
1,137
51,69
90,156
130,91
36,116
11,48
136,1
6,61
33,33
194,85
0,85
0,118
1,6
89,92
96,5
0,11
111,5
0,113
114,12
8,30
26,39
0,145
0,353
12,219
1,68
1,132
0,104
0,57
105,71
0,120
16,47
30,43
0,3
4,85
63,70
91,34
28,62
81,123
1,95
68,129
162,99
18,115
30,71
43,83
0,91
27,161
196,42
3,12
3,32
0,108
1,6
46,169
40,229
98,23
60,77
166,1
9,42
0,53
0,23
40,92
10,17
0,74
0,17
39,54
70,73
14,60
33,74
172,41
5,48
107,127
336,72
13,35
0,3
197,84
130,22
0,30
68,94
38,31
158,77
1,77
8,29
22,39
1,206
0,126
0,99
136,45
0,81
79,145
0,84
38,24
6,132
46,64
0,14
8,10
48,49
109,95
0,130
46,174
44,80
16,106
162,54
0,180
0,10
3,29
3,82
84,51
91,15
54,60
63,223
33,131
0,5
30,140
23,20
30,12
7,178
77,8
64,210
2,134
16,126
0,4
52,75
62,92
4,87
4,181
135,4
47,64
154,169
57,30
43,140
79,176
105,154
64,151
74,76
123,20
8,39
27,6
2,201
123,105
6,149
0,126
0,79
13,113
191,1
10,223
0,4
20,89
43,34
0,3
64,20
45,213
49,117
6,14
237,57
137,82
178,54
0,120
24,189
56,62
169,57
43,41
35,31
63,13
18,48
77,210
94,22
17,236
61,63
10,150
19,175
62,186
3,29
15,179
76,27
6,3
1,174
0,6
69,191
16,187
0,112
0,74
4,16
8,102
174,13
6,15
11,12
39,56
2,102
0,4
76,85
1,24
111,22
1,12
3,130
7,107
30,31
292,14
1,142
161,14
100,200
65,75
39,101
61,209
85,28
113,68
33,197
14,17
68,17
100,126
26,42
143,18
11,188
160,53
0,96
91,67
14,74
8,116
0,62
139,3
138,11
33,191
1,201
89,84
32,164
71,111
10,261
70,52
113,87
63,99
94,84
1,103
12,10
4,180
153,35
3,31
0,98
35,18
42,13
80,126
185,28
194,44
2,147
0,29
33,209
12,81
1,114
68,78
0,104
7,146
19,186
19,257
36,22
122,18
222,31
3,80
126,96
144,38
4,88
214,24
43,198
23,69
4,78
155,159
153,77
62,236
8,183
120,78
4,9
66,53
7,15
199,89
46,81
44,93
28,1
0,10
177,14
0,21
156,39
39,8
76,106
13,91
27,107
154,57
78,97
75,76
0,162
174,63
6,136
0,26
117,101
111,132
71,57
14,86
0,124
1,95
9,93
13,113
4,132
139,46
104,30
50,88
76,96
114,21
40,35
0,17
0,51
1,172
16,27
86,48
237,62
57,146
53,107
115,21
21,63
2,330
268,47
41,86
0,38
19,81
177,120
171,43
0,49
40,6
128,79
75,27
75,232
15,259
0,3
0,107
73,105
4,199
42,49
65,14
1,24
116,73
20,13
53,27
0,78
3,9
96,117
117,48
28,31
76,136
105,66
170,35
6,107
171,33
119,48
134,28
1,79
4,176
122,44
131,29
5,62
29,171
2,179
49,61
15,110
49,118
84,152
288,36
0,54
9,8
41,134
98,117
102,20
10,94
146,24
1,70
195,135
60,140
26,47
12,117
52,112
2,58
12,114
4,57
15,215
13,54
6,162
0,106
186,18
7,194
87,26
14,58
1,88
21,5
0,44
73,108
1,127
18,60
9,106
10,33
10,187
136,8
10,161
246,50
18,84
132,77
0,10
198,20
7,198
40,24
129,23
2,10
135,35
125,77
1,18
142,79
177,35
41,58
32,114
151,112
0,120
133,21
147,43
10,15
5,121
8,19
10,118
145,64
74,189
176,19
0,106
5,67
16,26
0,8
28,68
42,48
79,208
137,27
44,89
12,149
144,153
3,184
14,121
0,6
28,96
2,188
10,4
7,57
35,84
8,135
0,130
0,294
160,49
4,124
61,269
28,169
20,55
74,169
210,46
123,30
5,26
125,45
8,128
6,327
0,156
32,64
7,64
98,7
0,12
107,30
140,40
42,94
52,96
1,189
0,113
45,4
0,180
148,70
200,71
87,36
134,126
51,64
43,164
1,8
108,81
22,108
111,92
3,19
25,145
0,34
8,79
71,126
89,29
14,253
94,41
21,125
6,36
106,20
75,115
194,28
0,68
18,1
151,84
0,41
45,10
7,121
1,14
31,12
129,70
29,174
4,55
40,23
69,114
18,96
45,195
127,165
62,67
30,161
121,19
17,49
0,7
60,102
10,25
77,133
5,125
171,55
0,86
100,157
0,14
31,74
113,12
2,158
151,8
2,44
71,57
29,115
0,158
136,110
5,61
33,28
4,106
176,27
110,17
75,137
5,15
8,85
7,26
27,72
0,173
2,73
17,161
25,133
86,114
29,74
5,47
77,32
81,107
123,69
293,37
35,1
127,71
80,28
12,5
121,192
78,114
8,9
0,6
190,93
55,173
27,229
52,107
134,12
7,73
4,128
1,88
0,48
136,85
0,69
124,59
66,26
93,3
23,55
67,59
13,219
3,167
0,8
117,21
38,3
107,142
58,31
44,91
83,65
62,130
2,131
5,44
8,131
106,100
47,57
7,56
1,74
0,246
73,187
82,62
108,37
189,41
55,8
104,143
93,135
183,95
21,60
86,104
158,44
35,78
11,97
14,199
0,62
3,130
2,10
207,69
17,149
1,26
28,146
201,37
34,193
11,109
50,90
21,155
12,290
1,3
49,127
80,173
67,72
1,162
2,153
50,21
3,14
31,115
0,6
70,69
38,107
1,45
3,23
52,145
22,17
196,70
18,106
7,5
0,5
51,29
16,38
3,209
6,154
89,63
42,47
4,97
98,22
71,77
1,155
0,92
67,41
27,160
147,10
0,3
130,15
14,16
23,196
0,111
6,59
76,147
1,28
66,64
24,162
43,20
8,96
102,260
1,28
3,113
138,21
170,29
10,30
91,147
0,13
73,193
219,42
0,67
19,135
0,82
54,63
22,145
119,73
47,135
110,51
3,1
75,34
132,93
43,206
0,13
49,18
1,38
57,129
9,119
5,107
0,25
4,178
159,26
137,149
1,11
90,150
61,83
42,27
0,112
49,92
44,2
116,20
57,67
0,70
3,84
157,19
8,7
17,14
39,139
0,193
64,15
133,12
2,45
87,67
8,135
1,118
7,195
8,126
2,90
0,21
15,13
0,172
134,126
19,110
20,58
6,76
0,113
119,21
20,90
1,8
140,132
7,1
15,1
125,77
4,111
8,54
136,55
0,97
132,11
100,93
62,72
41,144
35,32
16,36
72,92
56,24
6,275
130,31
152,60
19,41
0,141
80,238
10,98
4,137
0,8
4,169
184,63
2,62
6,153
164,40
5,298
79,48
9,65
2,122
17,139
72,29
0,118
75,26
3,3
0,42
55,154
124,107
12,68
164,51
238,17
50,76
4,34
62,261
85,130
5,150
0,224
54,73
7,88
24,238
85,20
99,50
110,135
0,126
47,58
31,249
163,97
0,108
1,177
97,222
71,86
9,96
129,76
41,16
6,4
28,171
19,114
39,27
0,173
19,47
29,103
116,57
36,130
3,6
170,69
0,61
31,39
201,9
132,100
31,34
2,182
77,27
0,166
121,111
11,129
82,68
45,22
113,78
0,89
38,125
0,11
136,13
48,115
11,22
13,212
173,36
44,144
1,139
12,109
24,154
135,106
110,82
1,173
10,28
109,125
11,49
78,119
64,126
0,50
6,123
109,17
42,64
9,65
0,102
33,69
8,158
0,123
96,52
106,4
0,37
194,50
89,31
8,5
90,131
5,22
0,88
31,154
135,6
162,59
251,33
0,38
190,101
0,10
47,81
8,189
122,68
44,46
3,152
318,54
135,74
0,147
25,119
54,109
95,182
67,105
106,34
191,44
117,48
47,50
62,130
8,213
6,75
166,13
1,70
35,187
3,136
7,60
177,59
46,46
0,20
209,74
59,124
274,39
1,47
0,4
85,43
30,161
16,106
16,61
44,186
14,34
2,39
0,81
144,26
208,65
152,104
12,61
59,7
46,98
0,144
0,36
69,79
61,72
175,10
4,19
78,158
90,229
8,169
7,11
8,39
15,143
27,8
100,104
151,63
64,201
10,129
126,11
15,94
9,33
47,178
52,33
0,195
14,52
77,35
16,96
0,126
0,70
61,82
106,54
11,96
172,54
3,282
18,169
6,110
0,20
113,131
56,27
149,101
78,41
28,111
160,5
8,181
209,38
0,3
80,21
0,91
95,154
55,139
69,158
41,169
60,73
119,11
0,77
1,122
136,128
32,176
0,10
152,196
0,5
35,9
37,22
173,11
105,28
127,121
0,96
193,46
70,152
127,65
0,106
14,60
155,84
169,13
16,165
41,66
9,43
97,18
67,15
0,5
100,42
0,4
3,168
8,16
115,15
62,46
19,154
0,37
127,140
33,37
16,18
24,146
18,130
49,127
120,74
80,86
100,133
30,170
0,261
0,130
0,216
17,30
115,60
147,34
9,57
11,11
29,111
4,134
56,122
30,50
4,46
2,108
287,30
19,38
67,17
65,13
74,21
81,49
3,143
0,9
4,103
88,24
0,61
4,215
20,208
6,237
75,41
10,59
77,68
115,12
12,46
21,184
19,143
138,22
303,58
9,159
139,10
212,11
7,64
0,5
10,82
9,125
27,3
182,58
41,180
10,11
34,64
82,75
85,60
85,75
12,90
87,16
0,27
59,5
19,54
115,143
91,23
144,38
0,111
52,118
0,4
64,59
4,82
108,33
5,12
70,202
66,164
9,100
13,4
162,68
86,16
9,123
141,20
14,29
18,321
2,245
1,3
9,141
0,67
32,35
0,72
131,43
80,135
9,146
15,12
69,252
0,18
28,98
125,56
2,106
49,25
282,7
99,19
4,75
21,50
21,112
3,19
110,11
5,2
81,130
58,34
36,127
0,373
6,66
11,77
1,42
63,24
137,47
219,67
42,36
53,156
26,13
245,17
3,80
46,228
16,164
20,277
120,32
116,16
9,1
4,17
0,89
0,34
7,30
1,119
69,14
201,69
95,104
9,123
3,5
34,142
1,180
32,105
83,204
1,73
0,41
73,69
65,86
5,306
0,171
3,75
75,23
64,60
95,120
12,2
170,40
1,74
4,122
20,161
2,184
60,50
0,114
200,44
149,33
53,10
11,11
193,110
79,64
4,174
115,53
104,32
2,313
32,106
91,97
0,115
5,156
18,61
48,18
61,102
10,3
37,152
85,57
22,78
64,122
0,219
13,80
83,94
1,194
1,6
123,78
128,114
97,4
32,37
2,51
27,141
11,88
9,112
52,174
8,46
4,199
3,11
6,3
53,63
152,151
148,67
128,49
50,144
126,19
7,47
72,176
48,21
21,3
32,165
75,30
6,36
30,100
25,192
58,44
17,134
11,170
0,35
250,46
1,129
15,24
25,63
145,55
79,50
15,75
20,153
115,84
54,159
0,141
103,20
143,46
2,231
5,214
0,21
8,139
256,39
157,79
201,143
81,41
168,77
7,78
84,48
94,67
132,101
114,65
98,131
55,24
66,65
0,118
0,146
8,28
0,185
19,13
178,39
0,138
8,145
15,175
29,13
1,6
1,124
0,69
216,34
73,91
69,65
127,146
12,8
6,195
111,45
1,5
21,51
102,133
25,67
26,113
99,108
103,153
8,25
0,60
48,100
0,168
0,54
26,25
102,55
110,30
221,34
155,8
26,19
25,157
56,117
0,4
63,122
15,160
0,64
34,71
116,21
192,58
42,169
18,277
0,13
0,10
209,35
0,64
54,50
29,150
77,95
0,214
49,88
0,222
153,73
168,74
48,113
0,111
215,153
127,67
10,17
8,3
1,9
12,60
4,132
164,45
41,78
106,187
8,53
74,15
31,150
42,143
77,135
89,29
2,88
19,102
5,165
0,64
12,154
17,187
147,41
6,277
43,62
0,187
25,57
8,111
5,140
21,137
21,93
0,37
95,87
15,46
74,166
120,91
1,132
41,152
121,61
12,185
17,39
10,91
130,19
29,78
108,40
77,152
16,73
74,9
0,5
105,114
0,72
54,65
15,242
3,181
56,65
114,115
5,7
103,30
1,158
34,226
109,85
23,294
117,25
10,197
6,120
0,232
34,33
23,86
79,118
41,213
0,4
4,90
5,120
98,45
2,95
0,42
104,26
56,26
25,16
203,122
24,128
0,160
6,103
2,129
181,1
24,47
30,106
177,25
2,20
185,66
28,175
4,187
157,3
48,123
90,73
66,70
18,114
45,3
2,287
36,20
2,176
130,124
35,142
41,40
64,21
11,67
74,65
2,88
4,82
172,1
122,35
7,0
23,52
35,44
1,95
88,55
68,208
33,81
195,63
157,113
12,23
90,24
132,9
26,179
35,188
117,89
19,15
0,4
9,198
12,1
71,80
0,94
0,3
73,69
116,143
7,98
4,195
5,225
18,163
7,190
20,18
84,73
121,26
14,3
7,45
3,193
0,138
1,234
135,58
238,44
12,45
0,131
176,16
2,24
104,39
29,33
11,110
4,60
40,61
159,150
17,70
167,106
90,37
102,92
134,83
0,43
63,119
87,27
136,41
79,34
10,15
0,118
10,145
54,174
183,50
41,63
0,5
114,29
78,17
258,24
383,62
94,168
11,37
1,43
60,98
66,142
4,55
68,21
124,144
226,59
21,0
74,57
22,28
3,0
1,22
39,21
1,75
9,128
19,111
101,70
2,67
76,25
145,74
39,55
1,63
2,145
3,49
17,90
12,193
104,71
2,143
10,74
0,245
96,30
238,27
5,85
220,94
4,8
4,125
61,69
150,6
11,150
93,6
0,74
46,64
51,7
108,50
35,94
109,75
16,26
5,157
32,134
29,43
149,182
2,98
12,148
14,267
175,112
1,3
17,49
89,178
2,186
160,41
177,25
127,53
26,127
1,233
70,21
0,113
141,8
0,156
82,37
0,30
41,78
68,136
33,19
9,59
1,87
15,166
39,235
21,101
6,8
152,37
0,133
0,189
4,124
7,125
12,76
89,101
136,11
108,46
12,147
98,89
11,122
0,99
219,48
30,185
4,91
244,58
33,123
0,53
14,71
39,232
95,83
213,16
10,44
113,92
64,12
173,43
76,79
2,68
96,179
11,154
28,146
64,21
5,18
4,59
38,46
92,10
28,20
54,131
0,46
24,149
0,4
120,110
14,14
137,9
1,4
0,188
3,11
39,202
137,24
152,23
31,102
53,151
1,103
114,64
68,125
2,83
87,92
32,140
23,69
84,58
41,37
66,155
21,147
25,59
217,62
22,207
0,125
81,95
252,46
3,246
33,55
91,67
77,65
101,77
66,44
0,4
203,80
13,112
29,137
114,143
104,9
142,38
67,114
62,40
0,101
1,4
4,32
62,63
231,20
1,101
130,41
31,30
0,162
16,212
124,84
19,14
7,272
137,28
4,121
57,119
71,51
24,160
2,110
104,58
43,48
20,105
0,45
49,5
45,45
50,86
31,250
97,88
121,54
65,169
0,3
69,46
0,294
23,247
9,97
74,41
32,91
0,162
117,9
115,76
35,202
2,66
111,33
126,5
1,79
5,165
0,207
83,115
4,24
69,229
178,73
0,85
79,228
88,148
3,8
0,5
53,91
78,93
37,149
29,225
14,33
93,7
129,24
7,9
53,18
15,240
51,28
28,241
10,161
73,16
11,7
5,129
2,126
0,13
37,115
15,7
18,16
7,9
79,10
211,74
64,137
7,21
79,171
28,109
0,95
39,213
71,103
3,175
17,156
4,92
196,30
98,2
12,118
122,24
28,147
0,4
132,39
0,109
180,123
121,190
119,55
112,126
68,173
23,179
86,103
0,60
62,55
112,44
3,72
18,89
10,9
145,10
78,139
181,10
123,5
1,48
19,13
137,134
109,96
18,92
43,184
22,134
201,29
148,26
4,15
63,103
138,44
26,164
2,54
78,63
58,122
132,58
0,268
0,111
35,22
0,4
69,35
5,141
2,10
23,171
0,144
1,78
1,104
32,113
0,35
5,5
75,51
1,2
0,63
10,92
9,210
0,79
0,69
114,38
58,209
8,4
44,76
2,154
79,12
2,154
249,71
31,10
100,31
21,158
7,265
35,343
43,201
242,69
6,92
6,3
181,19
12,25
3,177
93,76
31,277
0,137
187,33
27,135
79,111
12,8
57,157
17,108
15,53
37,120
33,26
11,47
61,51
5,54
15,110
124,40
110,10
0,76
0,136
0,64
2,108
47,107
38,82
100,75
48,95
141,22
31,32
7,29
1,131
32,35
1,101
0,125
101,77
36,38
89,178
12,44
0,8
4,230
1,188
8,75
2,12
43,71
0,82
52,85
102,26
58,79
38,178
97,108
77,4
102,47
132,10
65,98
22,39
0,181
142,110
14,242
15,123
0,112
0,3
5,334
146,71
47,84
0,96
7,145
209,44
1,9
2,12
1,15
200,70
58,17
34,285
2,235
58,70
0,3
70,15
61,201
13,53
4,143
173,2
1,83
26,99
44,47
117,35
4,3
0,6
10,23
0,4
3,362
19,3
2,128
149,59
0,49
1,134
27,168
52,71
31,63
0,225
0,7
74,70
0,74
16,88
0,177
5,12
5,14
49,95
233,39
19,27
86,65
1,28
0,75
113,110
1,58
144,24
68,38
208,9
5,154
69,72
8,69
7,128
87,138
162,30
120,57
5,82
4,32
129,36
12,8
152,13
9,142
95,60
114,184
0,173
1,48
12,223
166,60
282,78
45,86
0,69
177,17
89,54
9,23
117,28
0,116
69,128
21,132
228,42
0,113
69,8
104,53
12,31
101,268
96,21
37,110
4,9
8,76
48,33
38,41
160,25
12,26
5,23
25,13
9,76
131,16
3,33
60,26
3,174
22,13
0,50
207,52
58,101
7,74
94,20
0,34
47,48
93,77
7,117
99,138
22,131
22,94
0,93
0,37
0,55
0,43
0,120
195,18
4,70
7,17
2,94
16,7
42,50
205,26
26,77
34,87
24,75
14,91
90,33
186,132
270,46
25,102
0,20
57,39
27,216
44,123
130,20
20,82
28,161
233,32
49,151
50,118
53,12
119,32
64,99
21,175
237,31
45,31
124,50
149,48
27,47
66,95
129,29
185,68
105,107
35,51
45,116
22,48
0,45
2,76
193,58
0,231
94,134
166,2
10,2
6,8
58,25
12,182
30,162
0,101
92,157
87,28
162,42
118,29
84,166
1,131
59,46
15,91
11,231
46,165
257,69
20,103
112,199
1,74
120,162
102,4
65,89
117,178
0,97
63,195
2,4
0,8
32,247
28,65
45,27
149,68
27,141
10,87
28,82
14,77
2,2
49,87
0,114
166,30
214,30
90,183
20,192
0,34
9,42
1,17
4,90
201,66
1,131
1,73
148,50
0,77
0,164
114,20
230,64
0,57
88,75
15,42
123,91
26,36
6,187
35,102
2,163
0,115
0,53
93,185
0,160
1,8
0,93
126,147
0,68
63,137
143,87
0,216
0,62
146,99
129,161
1,126
0,6
43,182
17,136
57,31
65,27
4,6
95,62
155,42
0,10
3,59
120,42
6,164
25,136
99,17
18,29
93,24
131,25
17,10
0,85
22,19
43,23
1,4
6,115
3,172
0,142
166,15
37,186
0,64
1,148
0,114
2,16
29,47
176,25
0,13
219,76
0,4
3,316
65,110
3,0
47,61
70,36
3,68
0,88
292,33
156,23
154,62
15,42
104,121
112,20
34,8
0,146
26,68
110,168
82,11
6,214
5,2
87,33
24,45
28,100
88,36
41,184
0,216
121,68
50,256
146,50
2,191
9,1
61,120
101,178
25,108
72,37
64,65
31,186
3,133
0,10
2,19
13,224
39,7
4,316
70,177
14,122
2,301
7,218
16,28
235,25
3,4
33,127
151,44
1,68
40,20
78,53
47,161
74,40
99,121
24,35
83,57
94,100
58,38
12,76
0,93
132,156
3,101
118,112
2,44
2,239
33,74
15,105
0,50
35,204
80,58
1,188
6,50
3,5
3,9
42,80
112,29
394,48
151,29
32,156
88,162
40,17
83,132
0,78
161,110
3,19
112,75
166,20
0,155
37,178
33,4
23,6
22,94
216,6
0,24
7,89
3,197
80,153
26,196
31,128
121,18
0,49
125,46
10,155
88,78
22,5
50,99
24,126
138,141
24,52
0,229
31,243
132,25
3,70
61,22
0,159
141,113
189,59
24,50
97,32
26,42
0,5
36,148
42,66
43,173
26,4
20,7
78,21
25,83
3,98
1,30
18,216
17,106
8,155
202,48
96,56
48,128
59,198
77,190
31,137
96,42
2,45
0,65
60,48
84,21
77,75
1,134
262,54
63,33
3,126
151,44
0,249
130,76
139,9
28,162
22,271
22,84
190,66
0,4
43,95
156,86
37,100
30,105
151,73
75,54
116,37
30,95
17,72
167,106
15,119
53,18
0,68
2,81
45,23
71,119
105,61
31,76
3,88
0,28
87,128
137,60
128,25
73,98
174,74
153,42
1,355
10,132
4,56
3,52
214,14
84,41
16,54
12,25
23,146
85,42
296,25
18,30
52,139
86,122
0,26
2,129
114,160
2,38
6,27
22,25
10,90
7,142
2,189
101,72
86,73
7,118
107,51
14,77
69,302
25,43
98,87
0,14
34,44
12,75
98,116
101,103
140,49
1,69
17,75
85,156
36,98
6,6
7,12
44,146
235,10
30,48
91,33
57,69
47,63
2,16
141,39
9,32
82,26
18,29
12,136
25,52
0,52
98,17
3,2
4,146
8,19
189,0
77,34
0,59
22,28
38,125
8,17
12,80
0,80
77,39
0,179
142,40
0,90
111,46
2,217
174,51
48,176
80,66
0,13
125,114
42,43
2,71
49,156
25,158
22,22
3,78
213,175
9,10
2,177
9,193
4,99
4,45
1,261
0,40
86,82
4,75
30,73
2,106
24,15
43,87
113,84
62,80
196,122
1,126
84,24
122,143
9,62
50,143
58,79
21,31
34,93
149,19
7,11
78,68
7,118
96,26
12,187
103,89
25,112
88,69
79,98
44,104
18,187
11,77
4,182
33,81
0,55
46,95
0,128
0,12
3,10
16,209
1,105
74,94
111,15
32,32
0,94
0,136
0,317
57,60
115,123
31,137
140,8
0,32
0,69
104,103
23,88
20,193
14,273
0,125
32,20
15,112
93,81
3,75
101,78
99,110
58,53
58,22
5,160
335,43
42,108
18,149
144,234
136,48
16,65
68,36
8,22
86,145
17,249
17,35
0,163
81,30
151,77
13,187
0,178
7,14
31,54
45,74
53,4
60,38
221,23
37,79
11,153
69,40
39,201
196,99
0,108
15,252
183,11
118,95
1,51
283,58
48,34
5,141
77,68
15,216
8,22
205,59
95,78
42,117
31,65
4,6
7,64
117,110
60,143
46,19
148,81
9,191
108,115
22,78
31,73
52,31
165,6
55,12
4,46
26,91
9,5
32,60
107,73
73,41
140,51
2,15
111,59
121,43
0,24
75,160
14,109
0,135
0,20
5,37
0,135
0,41
90,42
229,50
102,142
9,7
244,53
73,91
0,90
30,80
28,63
36,134
4,100
0,58
0,112
122,41
208,58
201,54
43,133
44,197
4,22
0,119
13,168
125,105
1,104
194,87
0,22
7,124
0,201
75,145
19,198
108,64
49,20
124,24
30,138
145,234
12,31
174,13
42,38
164,50
9,148
153,24
22,3
132,15
19,94
19,49
257,81
0,82
84,50
111,53
45,155
30,222
187,11
11,111
47,138
19,62
22,77
76,80
113,34
35,206
14,155
66,36
0,52
15,89
0,102
3,210
184,127
26,154
31,112
52,142
23,54
156,28
91,81
17,201
15,218
50,47
39,17
58,185
128,1
147,79
52,48
54,141
207,45
141,5
67,62
3,133
3,68
63,169
0,180
0,75
151,110
131,54
0,82
1,199
131,38
1,16
92,141
290,22
19,90
23,122
31,42
12,43
0,66
2,97
42,173
111,52
0,5
143,4
107,43
4,186
105,51
61,42
11,20
0,9
2,154
5,37
50,71
116,152
148,11
81,37
86,65
1,113
7,7
1,4
72,143
17,68
164,143
3,273
88,142
0,226
43,184
88,30
174,22
31,247
3,27
17,25
2,126
183,71
44,6
28,200
119,123
65,51
0,10
76,135
106,109
62,17
182,72
41,211
56,60
128,88
1,62
132,33
48,39
129,97
0,172
3,69
2,2
0,41
66,37
142,16
16,67
104,41
13,11
203,14
171,5
0,96
248,7
184,47
35,65
29,122
108,46
76,61
9,67
4,38
40,35
118,8
74,177
0,51
16,256
14,101
64,170
13,27
151,6
11,214
142,25
0,77
2,97
1,3
103,101
4,18
290,12
78,261
29,221
4,2
56,228
113,97
11,111
85,18
22,248
26,126
52,222
5,104
89,86
15,140
117,60
28,104
38,44
118,163
6,10
72,30
208,28
20,102
110,67
2,237
13,81
7,7
5,161
5,39
24,23
13,125
160,84
129,78
26,7
74,120
96,13
30,174
56,119
43,49
30,214
178,51
93,12
4,78
131,129
307,20
2,103
203,63
0,149
30,249
18,187
6,127
5,29
43,11
23,101
50,125
256,25
35,38
2,104
57,29
172,119
199,47
121,1
5,93
38,77
212,8
149,47
137,2
83,20
0,25
1,132
17,20
146,66
40,147
12,93
1,242
88,121
165,87
111,66
194,57
46,124
17,61
18,247
0,6
1,116
3,204
1,283
117,121
40,55
27,164
50,86
195,110
1,177
4,265
0,75
54,175
0,89
55,134
1,62
73,154
8,70
35,6
84,122
76,88
76,59
102,139
23,190
187,87
156,18
2,93
1,24
1,54
7,106
0,291
1,6
115,26
112,90
60,41
1,163
1,25
146,59
1,85
88,152
134,95
80,32
13,90
1,167
2,142
146,80
15,38
0,21
0,26
0,147
0,38
92,28
0,118
9,184
0,41
117,43
90,105
2,2
207,77
40,57
23,108
109,30
43,226
0,45
211,14
67,11
0,75
10,239
0,4
113,68
10,82
10,47
8,139
39,89
105,100
39,85
149,53
63,53
16,60
82,72
114,242
0,203
2,145
57,47
11,26
49,58
21,124
16,170
143,47
63,43
4,146
0,38
22,50
0,13
3,163
40,182
0,96
2,300
178,8
0,207
79,41
26,129
28,137
0,306
15,72
0,18
191,17
0,98
22,176
187,41
155,57
36,52
1,176
14,114
61,92
7,4
90,66
17,11
22,67
18,95
0,256
0,132
152,17
0,15
3,54
16,46
74,15
11,108
67,67
109,128
54,113
94,8
1,227
113,32
83,235
5,213
3,87
12,32
171,129
130,121
5,33
83,110
169,82
87,144
81,90
19,273
161,10
0,132
59,232
0,56
48,67
212,79
233,36
276,4
77,129
43,235
14,80
65,62
0,35
15,104
41,26
126,83
13,47
43,11
1,13
8,102
106,152
54,59
47,94
34,99
0,187
0,300
109,177
8,204
138,50
23,200
3,141
72,147
26,36
63,80
25,53
0,79
99,155
1,10
0,213
0,103
65,97
8,93
53,153
10,142
0,8
1,145
528,82
359,23
61,107
11,25
0,35
143,7
5,48
132,36
143,88
1,142
136,145
10,25
11,77
162,32
2,67
115,53
91,61
23,183
21,102
134,7
17,28
97,12
8,62
63,178
125,148
6,188
0,116
83,67
13,254
109,88
236,31
25,11
3,5
3,148
1,104
78,39
111,31
41,64
94,161
37,123
37,242
15,118
8,20
0,21
0,140
199,36
44,133
0,23
131,111
19,117
16,172
46,74
81,72
91,17
31,108
25,41
95,121
1,228
16,276
2,28
3,161
1,147
4,188
0,12
143,12
13,313
38,134
0,243
50,12
69,74
0,22
22,4
186,96
0,84
20,146
60,142
67,18
2,58
91,61
46,132
7,26
10,174
11,6
6,4
0,49
0,174
0,91
10,290
19,100
0,39
18,125
27,145
153,22
87,17
10,74
164,187
1,95
229,29
115,56
136,45
113,193
124,40
132,110
8,61
146,49
85,140
41,77
181,22
102,68
3,127
71,73
17,49
66,151
31,73
89,29
69,156
8,85
75,96
42,50
0,172
15,115
15,192
6,77
35,218
0,3
83,78
0,158
2,9
136,65
0,79
176,16
10,114
26,5
0,223
23,137
15,156
30,75
5,8
75,318
11,34
92,1
113,48
1,54
16,192
169,148
142,10
34,137
0,100
0,152
12,34
46,65
12,14
213,17
5,180
20,127
1,100
44,90
48,79
58,48
143,37
1,5
61,48
109,47
29,4
0,60
127,70
1,10
28,169
10,193
112,82
42,25
3,99
64,31
69,239
5,75
68,177
12,77
12,203
0,145
19,140
50,160
40,17
99,13
16,8
0,165
77,93
21,174
203,28
231,44
122,91
6,71
198,112
208,58
185,79
141,89
4,46
74,138
8,25
54,40
20,170
94,241
95,206
42,314
60,106
35,67
7,2
12,75
208,15
34,50
0,22
24,59
0,6
119,82
101,115
1,31
123,8
156,135
54,30
270,7
14,120
33,18
38,18
2,51
7,84
17,98
1,96
103,138
0,72
6,10
73,79
45,154
152,96
9,309
14,55
89,147
189,68
138,27
2,116
4,16
12,177
67,28
47,18
135,66
0,120
53,10
25,139
125,103
163,33
169,13
54,70
22,0
4,128
148,58
42,83
79,62
128,32
0,113
0,38
284,18
182,70
73,97
1,190
3,96
47,38
1,15
73,27
2,135
3,10
35,81
7,9
28,124
95,86
1,30
0,69
93,90
5,2
14,63
5,109
29,69
0,193
27,118
114,42
71,84
8,141
35,16
52,84
0,225
96,134
45,110
33,28
22,13
199,106
111,131
0,74
10,74
1,92
128,256
134,231
72,71
0,124
15,83
2,197
98,54
3,116
3,22
147,70
19,15
8,103
27,7
25,45
5,32
70,6
26,8
111,41
58,24
1,132
191,59
8,19
48,23
111,142
84,171
91,48
5,7
10,153
41,159
436,5
85,102
120,22
0,234
0,31
55,40
29,127
94,73
72,137
5,33
47,86
9,104
72,51
5,195
58,44
0,101
103,51
116,88
114,42
10,146
0,89
190,46
1,39
11,22
222,18
119,83
50,50
5,219
71,6
54,148
122,193
36,161
237,121
40,44
141,23
156,38
143,19
288,51
234,29
0,16
0,140
75,102
0,8
0,8
0,5
1,194
134,39
115,40
4,102
31,130
67,208
72,11
9,56
160,140
11,6
86,119
3,26
152,58
0,40
65,44
1,47
88,13
0,61
45,48
17,155
20,81
11,231
0,87
1,162
6,86
120,143
4,36
0,99
59,31
148,85
216,18
80,43
110,62
4,91
47,24
43,97
33,50
2,232
2,72
0,12
5,112
13,78
114,50
109,33
7,23
90,64
14,32
6,39
24,68
24,30
117,26
0,83
7,124
19,82
256,4
0,112
220,116
53,58
5,42
55,44
15,21
55,90
29,143
26,80
70,65
47,118
23,347
30,55
138,106
54,95
143,48
0,225
167,53
31,156
39,133
7,109
164,28
57,221
75,41
0,7
9,120
24,93
119,60
165,7
97,72
131,7
1,115
0,104
32,13
33,157
16,24
5,77
11,108
6,16
3,1
5,220
179,81
55,218
2,234
0,6
53,56
11,76
208,55
28,100
96,28
59,175
70,10
43,51
64,106
237,49
0,25
7,81
1,74
82,209
9,137
16,139
136,121
62,221
51,56
113,126
68,57
29,23
64,138
23,88
1,63
75,36
77,34
50,94
0,46
90,215
0,95
204,47
60,208
2,100
0,8
22,127
1,59
176,79
82,22
36,44
19,1
52,84
0,115
110,71
60,116
102,55
8,29
31,137
30,142
98,130
33,127
8,95
208,33
62,39
324,45
182,42
12,1
0,52
1,112
72,220
107,60
26,99
30,6
48,7
38,140
181,57
27,241
5,12
214,21
35,229
1,93
35,186
39,207
114,20
52,98
126,143
81,126
37,108
26,61
17,98
51,49
2,52
6,6
31,101
0,134
0,211
65,100
63,123
0,116
2,86
3,3
6,104
105,106
0,156
265,5
45,94
2,92
158,17
10,198
1,15
135,93
44,76
33,111
3,73
58,61
59,134
4,102
3,100
9,51
7,83
21,56
32,136
12,127
2,79
84,37
42,123
54,31
73,81
114,92
120,8
248,51
49,102
40,6
0,24
0,102
0,59
23,111
331,17
42,12
9,11
50,102
11,58
47,85
46,164
200,1
9,88
14,125
34,181
60,127
99,43
0,46
0,5
21,112
147,18
50,76
33,61
1,20
1,39
284,10
0,86
179,62
0,154
3,218
22,20
9,113
8,1
37,10
47,0
1,145
7,3
71,130
51,175
228,12
41,38
21,249
205,41
0,93
9,53
0,34
0,7
0,26
189,94
43,101
4,160
47,10
14,9
0,374
40,115
59,87
68,93
0,10
0,106
68,20
170,28
0,6
2,256
0,73
81,101
147,51
4,6
83,123
66,74
119,85
149,83
61,36
4,104
3,15
126,41
0,30
164,20
28,120
50,127
40,254
208,56
301,24
123,90
0,11
40,47
58,68
164,3
75,9
41,28
165,66
19,7
153,100
38,196
9,227
218,27
7,34
1,169
0,121
4,113
5,9
114,96
20,13
0,52
2,107
73,127
0,5
40,61
0,68
27,22
157,63
87,81
130,93
193,77
60,22
29,48
18,169
33,4
5,196
0,19
8,114
61,50
1,91
3,120
236,56
184,80
48,44
80,78
24,84
2,101
0,15
6,5
135,15
9,198
271,53
148,47
36,242
178,220
41,159
22,63
125,60
15,3
2,43
126,38
139,107
100,73
1,194
24,145
148,74
2,4
0,173
104,92
81,14
1,199
176,87
7,51
16,197
0,27
10,101
166,85
33,9
52,133
23,79
7,127
17,5
173,24
45,53
265,26
87,25
4,147
44,94
0,26
9,79
74,107
135,24
14,149
0,83
39,157
117,13
73,12
0,21
25,89
31,39
3,162
7,313
5,134
0,91
42,57
0,201
60,166
1,14
45,172
2,21
192,2
93,17
0,68
14,268
83,123
23,8
0,15
0,193
3,165
0,14
229,47
10,15
4,60
2,38
140,64
5,40
19,241
9,121
19,7
0,6
162,109
59,132
39,19
0,92
4,135
10,2
171,56
84,155
8,290
0,75
0,148
71,12
65,140
2,106
54,60
3,78
50,72
118,105
25,168
40,296
61,134
4,4
93,100
31,6
100,100
0,3
54,167
76,486
37,142
17,58
2,47
25,3
2,30
220,72
111,71
0,23
75,193
15,222
3,122
0,148
17,71
68,175
204,58
18,16
0,7
145,2
65,25
4,89
74,25
8,93
2,114
0,83
39,34
26,44
0,220
20,59
56,90
62,56
2,67
11,40
0,111
4,59
89,60
34,95
76,88
36,198
6,97
4,4
1,72
111,7
3,145
39,100
15,49
0,26
104,24
29,224
0,147
0,6
96,92
75,203
7,118
1,80
42,17
116,106
19,254
7,38
0,94
0,153
258,63
0,90
139,147
101,31
19,70
0,31
0,122
10,112
20,111
0,4
131,30
6,24
0,8
34,147
32,97
41,30
191,97
42,220
217,63
126,27
189,31
10,136
7,58
101,93
16,11
3,123
65,70
158,14
9,185
119,90
45,73
0,40
53,42
251,5
90,39
82,66
0,62
51,119
43,58
74,143
148,87
29,12
10,11
0,209
15,17
62,139
4,186
9,38
127,41
97,34
176,57
39,38
0,91
123,176
16,35
81,42
1,13
47,188
0,43
91,123
71,22
101,140
177,86
47,12
0,25
142,3
1,78
85,203
28,261
0,282
63,73
172,77
134,42
117,88
145,76
0,124
57,43
1,128
32,155
29,123
8,12
90,53
7,154
1,77
112,134
15,56
21,154
0,30
60,99
0,85
13,231
137,64
82,179
78,118
36,64
12,106
0,6
0,13
34,65
0,94
4,12
18,146
20,42
67,114
85,30
120,63
64,56
22,95
0,43
68,149
0,114
237,19
77,124
152,54
2,98
1,149
110,163
69,80
35,85
3,115
22,14
1,129
1,226
0,52
2,248
99,173
124,70
59,159
13,128
103,43
144,125
110,82
99,77
113,31
7,29
0,3
74,112
81,138
114,44
14,82
4,5
30,353
42,129
20,7
7,79
28,202
103,140
141,75
123,45
12,30
88,111
4,68
22,100
0,27
101,79
107,58
96,123
22,79
198,31
107,55
0,162
15,95
170,2
1,86
4,268
5,45
8,35
12,47
2,7
3,252
61,90
75,75
0,337
21,106
4,71
96,99
140,71
91,140
70,11
50,168
23,16
73,168
28,58
0,234
138,68
0,202
28,11
13,237
213,35
15,5
0,160
16,233
16,296
2,112
140,100
149,12
45,25
63,46
0,55
139,136
39,28
43,122
153,7
83,35
77,104
46,118
42,63
23,23
0,89
0,102
76,114
79,53
44,74
0,21
17,133
47,126
93,49
169,63
13,33
197,54
190,17
166,58
27,114
40,42
66,41
11,11
118,148
59,32
40,135
310,13
0,136
60,188
65,152
0,88
114,56
101,51
169,67
39,64
44,43
180,45
7,136
0,88
0,112
2,3
22,13
0,90
48,110
147,24
68,22
26,69
38,225
31,90
113,9
87,43
8,119
61,233
115,3
0,57
28,155
120,109
4,211
6,161
24,78
35,14
0,48
27,128
14,35
130,292
88,8
111,6
0,115
0,107
0,172
431,7
33,177
95,95
60,217
107,6
0,190
90,123
98,86
0,267
24,160
58,70
1,196
141,33
5,232
43,268
84,65
106,39
0,182
165,127
2,109
27,255
4,100
37,244
2,76
1,98
11,158
2,139
36,56
8,242
0,74
169,27
54,89
41,57
16,4
51,86
99,91
3,55
0,72
47,46
27,20
67,2
94,72
17,39
13,11
5,5
20,79
4,12
35,377
88,43
28,134
127,33
13,38
0,249
88,76
59,106
3,141
18,124
1,19
178,72
139,34
90,115
121,16
5,8
18,1
71,76
14,76
60,23
50,149
3,50
10,221
130,19
1,180
5,14
11,80
27,56
30,163
86,96
1,31
136,47
70,65
29,136
220,47
6,5
9,6
4,63
1,72
116,42
5,74
34,183
39,104
163,37
26,12
45,28
9,10
8,17
21,189
33,93
16,178
83,32
4,28
159,125
164,56
150,16
51,86
60,91
13,168
32,193
68,38
0,13
131,40
55,64
77,19
4,90
0,5
198,2
159,70
0,173
0,82
3,110
50,41
114,37
12,129
3,153
16,38
21,15
17,19
62,108
56,146
24,106
10,147
5,173
18,11
135,2
114,151
7,80
148,75
159,115
44,119
0,118
15,68
68,39
236,77
46,127
89,61
0,174
19,52
35,65
0,95
0,5
44,47
67,61
7,20
12,130
3,2
52,179
99,54
46,69
0,43
0,192
5,143
72,143
2,183
31,25
0,168
84,112
6,155
6,6
0,78
45,106
0,27
0,102
187,39
18,135
5,275
13,91
0,45
111,109
218,33
3,52
125,35
101,84
269,109
19,51
39,246
237,14
228,53
0,234
0,42
160,24
70,111
2,94
23,17
21,169
226,36
40,103
82,105
19,2
134,14
203,41
1,222
4,246
30,46
189,24
0,19
92,114
0,81
32,83
0,101
85,118
6,162
22,16
85,224
0,13
2,1
203,49
24,130
151,13
6,50
115,9
107,6
5,21
32,137
4,213
0,106
127,89
0,107
0,84
7,109
71,28
9,154
2,18
27,89
169,39
52,56
117,87
248,27
7,49
0,68
92,69
2,102
145,26
107,66
0,119
19,227
218,56
11,217
94,209
95,93
17,180
214,30
8,213
23,64
5,201
53,87
89,64
92,67
21,86
31,25
16,186
1,84
47,48
137,0
0,185
1,24
1,91
89,30
214,21
61,10
126,64
99,157
176,9
35,160
83,189
9,173
1,2
0,69
49,25
0,119
171,5
3,200
40,47
9,9
15,4
124,70
0,115
2,119
3,149
1,132
114,21
157,48
184,6
159,24
82,64
100,38
73,41
80,209
5,259
0,15
9,46
4,239
140,13
34,38
11,41
0,151
165,162
32,102
45,92
5,228
35,105
13,128
126,15
10,187
196,52
37,69
27,16
0,188
109,6
61,26
0,365
150,67
122,89
86,79
0,25
7,68
122,108
143,30
1,11
6,161
0,291
12,299
0,35
305,0
4,51
58,67
86,14
268,44
13,86
13,93
109,17
126,131
13,57
65,105
166,71
0,140
85,77
98,10
29,142
194,16
4,74
5,110
11,73
0,75
99,66
31,87
15,134
161,40
21,36
2,32
0,27
11,117
79,41
39,31
24,65
73,39
0,85
59,77
23,14
99,199
76,95
211,8
1,65
126,105
3,138
177,21
18,19
50,85
105,165
44,61
115,33
94,13
67,78
0,87
2,73
132,22
24,76
6,5
20,195
97,15
0,106
3,36
145,60
56,17
157,4
0,251
63,141
102,51
58,164
83,49
29,170
0,219
0,63
25,26
1,103
22,133
0,22
10,17
131,30
2,152
0,110
0,53
164,75
68,130
0,64
238,88
76,39
23,105
142,58
79,89
47,51
0,10
71,62
74,100
219,32
15,2
0,119
0,125
32,35
47,148
11,41
1,18
0,29
169,29
28,17
104,32
39,4
6,111
0,74
22,113
76,45
6,158
0,131
9,99
67,89
6,170
86,54
185,32
133,26
111,128
0,109
30,84
3,118
69,20
159,46
22,85
4,4
1,24
39,9
110,95
22,40
141,61
7,48
123,135
0,45
260,21
22,8
69,98
24,59
124,105
21,236
42,47
122,186
0,103
1,160
122,84
0,197
19,24
103,63
158,6
20,20
58,173
0,193
28,54
41,14
6,302
45,199
0,16
128,26
197,23
2,114
166,14
28,137
31,225
0,56
62,149
11,191
142,31
0,98
188,94
35,4
0,153
111,41
108,77
0,100
